ZEIT;RAUMID;BEZ;PGR;BZR;PLR;STADTRAUM;MH_E;HK_EU15;HK_EU28;HK_Polen;HK_EheJug;HK_EheSU;HK_Turk;HK_Arab;HK_Sonst;HK_NZOrd
201812;04051655;04;05;16;55;1;3162;539;1015;273;134;329;289;379;810;206
201812;04051656;04;05;16;56;1;2505;596;1059;211;75;186;169;186;711;119
201812;04061757;04;06;17;57;2;24;3;3;0;0;0;0;9;12;0
201812;05010101;05;01;01;01;2;2874;201;802;440;168;283;393;537;478;213
201812;05010102;05;01;01;02;2;2230;146;755;341;207;210;320;248;386;104
201812;05010103;05;01;01;03;2;1445;122;495;249;100;127;178;149;285;111
201812;05010204;05;01;02;04;2;1563;56;256;133;46;401;79;291;426;64
201812;05010205;05;01;02;05;2;579;55;184;81;60;80;112;24;82;37
201812;05010206;05;01;02;06;2;4239;178;1255;677;231;823;669;587;417;257
201812;05010207;05;01;02;07;2;5916;204;1680;1113;137;1581;1144;556;461;357
201812;05010208;05;01;02;08;2;2705;182;959;468;169;307;449;308;402;111
201812;05010209;05;01;02;09;2;1920;141;525;218;169;155;433;190;300;148
201812;05010310;05;01;03;10;2;1491;64;474;207;162;108;209;223;221;94
201812;05010311;05;01;03;11;2;2853;129;615;142;187;458;737;315;235;306
201812;05010312;05;01;03;12;2;4174;194;1407;370;399;224;729;671;558;186
201812;05010313;05;01;03;13;2;2914;248;941;286;243;276;426;442;400;186
201812;05010314;05;01;03;14;2;4964;339;1736;721;402;514;674;538;731;369
201812;05010339;05;01;03;39;2;675;12;33;15;21;54;31;290;231;15
201812;05020415;05;02;04;15;2;798;114;279;138;56;107;113;45;120;78
201812;05020416;05;02;04;16;2;88;28;48;16;0;13;12;0;9;6
201812;05020417;05;02;04;17;2;1860;130;589;253;161;162;236;297;308;107
201812;05020418;05;02;04;18;2;1168;58;292;155;77;156;115;235;227;66
201812;05020419;05;02;04;19;2;2024;163;746;387;141;270;214;222;285;146
201812;05020420;05;02;04;20;2;193;9;30;18;24;23;15;65;18;18
201812;05020521;05;02;05;21;2;878;39;204;79;63;122;161;90;140;98
201812;05020522;05;02;05;22;2;3525;154;1098;589;174;435;303;611;783;121
201812;05020523;05;02;05;23;2;7392;317;2043;822;382;1595;1057;1189;806;320
201812;05020524;05;02;05;24;2;1363;158;538;245;89;111;177;107;258;83
201812;05020625;05;02;06;25;2;2789;200;892;357;223;383;357;354;448;132
201812;05020626;05;02;06;26;2;6383;537;2202;781;534;508;937;712;1095;395
201812;05020627;05;02;06;27;2;1988;106;538;183;206;142;222;441;356;83
201812;05020628;05;02;06;28;2;505;37;170;94;21;46;84;40;73;71
201812;05020629;05;02;06;29;2;720;147;337;123;31;64;67;58;130;33
201812;05030730;05;03;07;30;2;2176;108;535;354;70;215;575;199;252;330
201812;05030731;05;03;07;31;2;4941;274;1752;1090;237;654;901;507;484;406
201812;05030832;05;03;08;32;2;5452;386;1651;760;448;277;886;672;1030;488
201812;05030833;05;03;08;33;2;231;19;71;27;12;13;71;24;19;21
201812;05040934;05;04;09;34;2;915;118;225;56;34;98;78;204;254;22
201812;05040935;05;04;09;35;2;105;15;37;22;0;13;0;36;19;0
201812;05040936;05;04;09;36;2;1732;360;784;285;30;126;177;73;427;115
201812;05040937;05;04;09;37;2;340;56;119;45;24;33;18;10;101;35
201812;05040938;05;04;09;38;2;503;94;216;75;15;59;12;30;165;6
201812;06010101;06;01;01;01;2;1811;379;715;179;76;159;128;111;490;132
201812;06010102;06;01;01;02;2;3167;536;1109;260;247;273;298;214;837;189
201812;06010103;06;01;01;03;2;1992;380;740;196;111;169;191;143;513;125
201812;06010204;06;01;02;04;2;2313;312;800;275;137;176;369;205;488;138
201812;06010205;06;01;02;05;2;3119;406;1050;365;225;267;370;239;762;206
201812;06010206;06;01;02;06;2;2229;270;755;240;114;272;166;221;539;162
201812;06010207;06;01;02;07;2;2561;344;833;355;143;269;231;235;674;176
201812;06010208;06;01;02;08;2;1999;301;707;232;114;202;199;122;540;115
201812;06010209;06;01;02;09;2;3095;451;1099;375;230;239;337;218;790;182
201812;06010210;06;01;02;10;2;1393;195;441;140;103;129;174;127;325;94
201812;06020301;06;02;03;01;2;1140;171;481;222;88;101;117;50;213;90
201812;06020302;06;02;03;02;2;1420;219;553;220;83;151;108;103;337;85
201812;06020303;06;02;03;03;2;2215;207;769;377;196;197;308;222;401;122
201812;06020304;06;02;03;04;2;2082;206;742;304;175;148;289;198;416;114
201812;06020305;06;02;03;05;2;3841;354;1286;656;179;445;596;383;726;226
201812;06020306;06;02;03;06;2;1233;161;439;201;77;79;204;68;304;62
201812;06020407;06;02;04;07;2;2298;124;553;350;106;342;296;322;543;136
201812;06020408;06;02;04;08;2;1903;201;581;258;127;180;142;283;511;79
201812;06020409;06;02;04;09;2;2052;297;809;300;105;194;160;192;491;101
201812;06020410;06;02;04;10;2;1406;247;539;179;61;76;82;150;455;43
201812;06020411;06;02;04;11;2;2145;215;814;460;103;146;237;242;430;173
201812;06030501;06;03;05;01;2;1325;149;338;109;31;105;99;194;501;57
201812;06030502;06;03;05;02;2;1315;166;477;166;49;127;88;196;315;63
201812;06030503;06;03;05;03;2;3392;477;1023;320;106;362;193;272;1298;138
201812;06030504;06;03;05;04;2;2419;508;913;207;62;160;105;168;941;70
201812;06030605;06;03;06;05;2;2000;412;759;190;109;156;111;148;643;74
201812;06030606;06;03;06;06;2;1733;197;567;217;101;119;217;184;489;56
201812;06030607;06;03;06;07;2;1134;201;383;64;52;109;61;95;368;66
201812;06030608;06;03;06;08;2;3842;580;1281;398;144;321;240;375;1241;240
201812;06030609;06;03;06;09;2;3028;626;1192;299;175;158;251;332;779;141
201812;06030610;06;03;06;10;2;1987;457;794;141;46;159;101;132;710;45
201812;06040701;06;04;07;01;2;2244;477;833;216;82;236;102;149;767;75
201812;06040702;06;04;07;02;2;1296;217;377;109;57;80;78;173;483;48
201812;06040703;06;04;07;03;2;3224;639;1101;230;73;293;138;242;1319;58
201812;06040804;06;04;08;04;2;1441;419;639;140;32;117;37;34;545;37
201812;06040805;06;04;08;05;2;1152;283;469;101;45;102;54;58;384;40
201812;06040806;06;04;08;06;2;1168;301;490;116;18;61;33;47;490;29
201812;06040807;06;04;08;07;2;1395;203;417;120;37;111;98;82;576;74
201812;06040808;06;04;08;08;2;1737;219;481;133;43;271;115;95;635;97
201812;06040809;06;04;08;09;2;1532;348;510;73;18;163;65;61;678;37
201812;06040810;06;04;08;10;2;2217;491;765;171;40;280;73;147;836;76
201812;07010101;07;01;01;01;1;4942;947;1659;304;142;777;466;585;1043;270
201812;07010102;07;01;01;02;1;9548;1377;2566;466;535;916;1672;1425;1882;552
201812;07010103;07;01;01;03;1;4206;1035;1690;306;178;217;622;294;975;230
201812;07010104;07;01;01;04;1;7921;1099;1897;322;310;778;2200;966;1229;541
201812;07020201;07;02;02;01;1;3856;871;1475;277;212;326;491;224;890;238
201812;07020202;07;02;02;02;1;4474;868;1598;315;214;256;628;474;1021;283
201812;07020203;07;02;02;03;1;8081;1550;2523;454;321;296;1789;874;1749;529
201812;07020204;07;02;02;04;1;4543;1171;1752;285;163;199;778;317;1069;265
201812;07030301;07;03;03;01;1;6862;1502;2734;615;311;402;526;551;1969;369
201812;07030302;07;03;03;02;1;3029;598;1050;227;142;162;425;204;883;163
201812;07030303;07;03;03;03;1;5446;587;1444;505;237;227;1620;418;1013;487
201812;07040401;07;04;04;01;2;7757;1024;2079;595;372;319;1849;921;1478;739
201812;07040402;07;04;04;02;2;506;42;172;74;3;39;61;52;133;46
201812;07040403;07;04;04;03;2;9162;1202;2974;901;580;528;1540;1197;1573;770
201812;07040404;07;04;04;04;2;1372;174;461;177;93;93;275;127;200;123
201812;07040405;07;04;04;05;2;4757;467;1319;408;354;271;870;834;697;412
201812;07040406;07;04;04;06;2;2323;183;795;256;146;86;354;462;281;199
201812;07050501;07;05;05;01;2;6737;572;2118;901;495;477;1217;936;846;648
201812;07050502;07;05;05;02;2;2997;291;1112;441;191;166;595;269;378;286
201812;07050503;07;05;05;03;2;3005;244;938;401;241;207;650;285;424;260
201812;07050504;07;05;05;04;2;1816;113;530;310;105;119;432;211;197;222
201812;07050505;07;05;05;05;2;3107;257;896;378;150;278;735;355;414;279
201812;07050506;07;05;05;06;2;562;66;202;81;47;25;110;46;69;63
201812;07060601;07;06;06;01;2;4204;198;1017;662;225;748;390;1025;593;206
201812;07060602;07;06;06;02;2;1108;148;400;148;101;105;138;99;154;111
201812;07060603;07;06;06;03;2;1067;62;284;114;111;88;159;186;153;86
201812;07060604;07;06;06;04;2;5523;217;1797;1187;269;1517;659;421;541;319
201812;07070701;07;07;07;01;2;2309;274;893;404;221;171;344;170;330;180
201812;07070702;07;07;07;02;2;2257;216;892;484;169;160;348;183;275;230
201812;07070703;07;07;07;03;2;1990;155;746;487;100;188;277;236;329;114
201812;07070704;07;07;07;04;2;3368;162;920;570;289;493;258;1022;257;129
201812;07070705;07;07;07;05;2;1276;158;587;297;64;86;98;91;269;81
201812;01011101;01;01;11;01;1;2054;404;628;109;57;304;107;241;639;78
201812;01011102;01;01;11;02;1;76;18;42;12;0;3;0;0;28;3
201812;01011103;01;01;11;03;1;2885;459;962;209;122;399;310;364;606;122
201812;01011104;01;01;11;04;1;3110;464;736;122;97;256;410;676;730;205
201812;01011105;01;01;11;05;1;899;137;247;65;6;186;40;198;188;34
201812;01011201;01;01;12;01;1;1438;192;402;34;37;350;50;186;372;41
201812;01011202;01;01;12;02;1;303;91;134;6;7;30;3;9;117;3
201812;01011203;01;01;12;03;1;593;101;197;19;6;198;21;16;144;11
201812;01011204;01;01;12;04;1;4152;660;1331;196;97;776;198;469;1162;119
201812;01011301;01;01;13;01;1;2964;828;1292;181;41;369;95;171;940;56
201812;01011302;01;01;13;02;1;5040;1750;2363;236;105;409;184;258;1642;79
201812;01011303;01;01;13;03;1;4764;1122;1698;196;98;529;144;480;1707;108
201812;01011304;01;01;13;04;1;3644;492;878;170;202;342;262;332;1508;120
201812;01011305;01;01;13;05;1;3254;541;919;119;58;472;171;328;1186;120
201812;01011306;01;01;13;06;1;4651;897;1507;259;126;410;604;264;1512;228
201812;01011401;01;01;14;01;1;7792;2548;3504;393;142;740;237;577;2459;133
201812;01011402;01;01;14;02;1;5493;2110;2785;228;58;402;112;247;1784;105
201812;01022101;01;02;21;01;1;1915;287;813;289;106;102;132;389;280;93
201812;01022102;01;02;21;02;1;4139;547;1406;376;243;141;568;757;818;206
201812;01022103;01;02;21;03;1;213;15;30;3;3;3;40;47;81;9
201812;01022104;01;02;21;04;1;9586;1474;3146;783;551;484;1441;1349;2083;532
201812;01022105;01;02;21;05;1;3234;392;1054;190;185;205;522;557;551;160
201812;01022106;01;02;21;06;1;4053;820;1480;293;158;323;403;438;1051;200
201812;01022201;01;02;22;01;1;5556;959;1765;341;241;358;1004;769;1110;309
201812;01022202;01;02;22;02;1;1554;149;306;71;35;121;389;226;302;175
201812;01022203;01;02;22;03;1;4225;422;1045;251;251;214;1060;692;544;419
201812;01022204;01;02;22;04;1;2780;536;1099;259;87;268;272;299;642;113
201812;01022205;01;02;22;05;1;2121;155;404;145;145;300;347;457;329;139
201812;01022206;01;02;22;06;1;1252;227;479;156;31;132;118;109;309;74
201812;01022207;01;02;22;07;1;2713;626;1068;188;91;251;152;189;860;102
201812;01033101;01;03;31;01;1;17200;1811;5152;1091;1232;681;4274;2478;2337;1046
201812;01033102;01;03;31;02;1;7462;801;2020;452;499;255;2293;917;995;483
201812;01033201;01;03;32;01;1;9338;686;1499;435;326;573;3441;1559;1016;924
201812;01033202;01;03;32;02;1;5946;471;1207;429;259;421;1942;684;807;626
201812;01033203;01;03;32;03;1;9428;1009;2491;598;566;486;2389;1571;1338;587
201812;01044101;01;04;41;01;1;10358;1292;3479;1017;641;431;2225;1154;1774;654
201812;01044102;01;04;41;02;1;6815;741;2201;817;462;298;1461;797;1042;554
201812;01044103;01;04;41;03;1;4656;667;1630;319;170;248;819;685;901;203
201812;01044201;01;04;42;01;1;16713;1779;4645;977;1009;626;4400;2541;2303;1189
201812;01044202;01;04;42;02;1;10105;1355;3158;758;452;388;1592;1554;2505;456
201812;01044203;01;04;42;03;1;9793;1251;3242;748;517;332;2594;1162;1473;473
201812;02010101;02;01;01;01;1;4940;445;979;209;150;549;940;844;1142;336
201812;02010102;02;01;01;02;1;9349;794;1511;289;253;581;2926;1798;1134;1146
201812;02010103;02;01;01;03;1;10806;688;1352;332;285;283;5435;1063;947;1441
201812;02010104;02;01;01;04;1;3315;312;512;55;43;22;1434;528;342;434
201812;02020201;02;02;02;01;1;690;145;230;36;9;68;50;60;247;26
201812;02020202;02;02;02;02;1;2722;560;909;137;93;101;428;432;595;164
201812;02020203;02;02;02;03;1;4412;1226;1808;283;133;129;630;402;1097;213
201812;02020204;02;02;02;04;1;5537;1378;2240;352;206;228;893;442;1260;268
201812;02020205;02;02;02;05;1;6269;1621;2173;220;173;158;1310;349;1678;428
201812;02020206;02;02;02;06;1;8875;2249;3225;391;236;198;1886;1088;1760;482
201812;02030301;02;03;03;01;1;5706;767;1043;83;113;64;2911;288;624;663
201812;02030302;02;03;03;02;1;7131;1296;1749;145;147;109;2868;481;1107;670
201812;02030401;02;03;04;01;1;7534;1889;2555;258;203;153;2130;523;1537;433
201812;02030402;02;03;04;02;1;5692;1417;1916;235;87;134;1795;216;1124;420
201812;02040501;02;04;05;01;1;1551;154;418;103;61;223;44;154;579;72
201812;02040502;02;04;05;02;1;2290;448;804;130;96;251;78;132;843;86
201812;02040503;02;04;05;03;1;2973;854;1332;223;70;245;94;173;977;82
201812;02040701;02;04;07;01;1;5550;636;1360;304;381;699;344;634;1975;157
201812;02040702;02;04;07;02;1;3137;1076;1502;183;55;253;114;135;1013;65
201812;02040703;02;04;07;03;1;792;139;475;39;24;78;65;21;120;9
201812;02050601;02;05;06;01;1;2871;862;1254;176;119;224;84;146;989;55
201812;02050602;02;05;06;02;1;6774;2341;3311;432;206;559;188;406;2001;103
201812;02050801;02;05;08;01;1;7043;2167;3012;347;272;452;190;652;2275;190
201812;02050802;02;05;08;02;1;6930;2823;3722;407;125;407;192;290;2061;133
201812;02050803;02;05;08;03;1;2629;860;1297;170;73;237;115;150;688;69
201812;02050804;02;05;08;04;1;1136;238;398;59;40;100;43;126;377;52
201812;03010101;03;01;01;01;2;614;83;263;89;24;98;10;63;147;9
201812;03010102;03;01;01;02;2;2377;109;557;287;80;416;62;501;752;9
201812;03010104;03;01;01;04;2;57;27;45;6;0;0;3;9;0;0
201812;03020203;03;02;02;03;2;337;22;55;24;16;61;27;92;83;3
201812;03020209;03;02;02;09;2;2393;443;986;265;45;284;84;147;780;67
201812;03020210;03;02;02;10;2;1701;220;618;193;71;267;121;208;362;54
201812;03020307;03;02;03;07;2;2434;237;837;373;79;670;150;255;370;73
201812;03030405;03;03;04;05;2;1912;137;539;267;63;419;39;340;494;18
201812;03030406;03;03;04;06;2;722;88;305;142;18;166;16;24;181;12
201812;03030711;03;03;07;11;2;502;82;223;90;18;75;15;43;107;21
201812;03030715;03;03;07;15;2;1477;109;317;95;42;146;78;382;472;40
201812;03030716;03;03;07;16;2;41;4;19;9;0;6;0;0;16;0
201812;03040508;03;04;05;08;2;932;111;303;147;21;204;184;67;110;43
201812;03040512;03;04;05;12;2;1646;226;631;219;54;185;206;131;351;88
201812;03040513;03;04;05;13;2;496;144;256;72;15;60;15;30;102;18
201812;03040614;03;04;06;14;2;5650;1261;2547;668;157;771;171;402;1468;134
201812;03040818;03;04;08;18;2;5989;1329;2646;678;189;779;152;477;1647;99
201812;03050919;03;05;09;19;2;1101;61;204;71;109;153;30;286;296;23
201812;03050920;03;05;09;20;2;1096;236;555;135;33;126;32;64;277;9
201812;03050923;03;05;09;23;2;2127;514;985;241;75;223;58;126;633;27
201812;03050924;03;05;09;24;2;1434;365;725;130;72;133;40;99;342;23
201812;03050925;03;05;09;25;2;1823;365;725;133;53;230;36;221;517;41
201812;03051017;03;05;10;17;2;939;120;328;78;39;177;18;205;164;8
201812;03051021;03;05;10;21;2;760;56;229;103;70;149;18;69;195;30
201812;03051022;03;05;10;22;2;445;40;162;84;19;69;0;58;128;9
201812;03061126;03;06;11;26;1;4663;1485;2207;310;115;412;128;348;1348;105
201812;03061131;03;06;11;31;1;3610;1465;1888;188;55;242;80;118;1191;36
201812;03061227;03;06;12;27;1;3892;1398;1949;236;37;332;110;155;1241;68
201812;03061228;03;06;12;28;1;3090;851;1382;223;70;285;100;203;1004;46
201812;03061332;03;06;13;32;1;7216;2752;3571;350;108;529;129;350;2413;116
201812;03061429;03;06;14;29;1;1660;190;533;178;39;209;83;143;606;47
201812;03061430;03;06;14;30;1;1721;106;298;59;96;159;30;547;588;3
201812;03061434;03;06;14;34;1;1751;505;798;133;50;189;46;104;536;28
201812;03061435;03;06;14;35;1;1163;270;460;98;29;105;22;84;427;36
201812;03061441;03;06;14;41;1;736;195;308;50;15;107;9;25;260;12
201812;03071536;03;07;15;36;1;4043;1510;1935;153;33;278;94;141;1507;55
201812;03071537;03;07;15;37;1;5621;2068;2673;225;87;479;82;293;1933;74
201812;03071633;03;07;16;33;1;988;183;314;63;12;147;56;75;367;17
201812;03071638;03;07;16;38;1;5660;2010;2784;342;69;474;157;251;1843;82
201812;03071639;03;07;16;39;1;3424;1156;1662;250;71;248;119;135;1135;54
201812;04010101;04;01;01;01;2;5120;350;1827;1038;277;432;748;535;1007;294
201812;04010102;04;01;01;02;2;337;33;113;36;79;15;12;58;60;0
201812;04010103;04;01;01;03;2;4284;114;1037;643;237;568;824;672;538;408
201812;04020204;04;02;02;04;2;63;21;30;6;0;0;0;6;21;6
201812;04020205;04;02;02;05;2;339;87;126;18;30;36;18;16;107;6
201812;04020206;04;02;02;06;2;815;121;280;92;31;79;21;89;274;41
201812;04020207;04;02;02;07;2;767;143;313;64;24;75;52;19;263;21
201812;04020208;04;02;02;08;2;784;165;337;103;15;87;39;33;222;51
201812;04020209;04;02;02;09;2;1241;319;518;90;18;124;52;77;417;35
201812;04020310;04;02;03;10;2;338;25;99;34;6;37;6;65;116;9
201812;04020311;04;02;03;11;2;5049;968;1850;440;164;411;370;553;1434;267
201812;04020312;04;02;03;12;2;1793;314;580;121;55;203;117;212;568;58
201812;04020313;04;02;03;13;2;2881;440;963;236;200;213;224;377;761;143
201812;04020314;04;02;03;14;2;12;6;9;3;0;0;0;3;0;0
201812;04030415;04;03;04;15;1;1618;205;536;175;60;152;104;204;479;83
201812;04030416;04;03;04;16;1;5221;686;1334;341;273;418;1183;542;1059;412
201812;04030417;04;03;04;17;1;4294;883;1610;346;195;440;455;336;1032;226
201812;04030518;04;03;05;18;1;4335;656;1336;378;170;313;608;475;1117;316
201812;04030519;04;03;05;19;1;2715;430;925;297;123;204;312;309;648;194
201812;04030620;04;03;06;20;1;3973;602;1343;381;209;513;367;397;870;274
201812;04030621;04;03;06;21;1;1750;278;609;172;113;212;226;122;362;106
201812;04030622;04;03;06;22;1;5152;854;1693;391;240;549;512;503;1260;395
201812;04030623;04;03;06;23;1;2849;386;736;158;102;629;288;268;691;135
201812;04030724;04;03;07;24;1;2450;506;916;235;60;365;159;212;644;94
201812;04030725;04;03;07;25;1;5023;1319;2125;371;313;434;284;327;1363;177
201812;04030726;04;03;07;26;1;2633;454;900;168;108;330;163;366;665;101
201812;04030827;04;03;08;27;1;6611;1264;2371;427;359;588;617;711;1740;225
201812;04030828;04;03;08;28;1;4417;1021;1562;232;271;325;305;344;1439;171
201812;04030929;04;03;09;29;1;2664;632;1036;206;118;261;158;191;766;134
201812;04030930;04;03;09;30;1;2596;638;979;157;110;298;135;158;781;135
201812;04030931;04;03;09;31;1;2144;423;751;148;76;292;116;252;589;68
201812;04031032;04;03;10;32;1;6695;1303;2462;618;303;925;358;536;1824;287
201812;04041133;04;04;11;33;2;29;3;16;4;0;4;0;6;3;0
201812;04041134;04;04;11;34;2;2104;380;771;149;24;417;111;107;578;96
201812;04041135;04;04;11;35;2;1036;143;308;65;30;288;54;21;290;45
201812;04041136;04;04;11;36;2;1091;173;342;99;40;294;58;39;263;55
201812;04041137;04;04;11;37;2;3184;386;1149;464;181;546;214;248;698;148
201812;04041238;04;04;12;38;2;2147;286;699;230;68;350;181;178;504;167
201812;04041239;04;04;12;39;2;275;6;27;6;12;36;18;102;74;6
201812;04041240;04;04;12;40;2;423;88;157;18;18;62;9;27;138;12
201812;04041241;04;04;12;41;2;1752;333;644;168;70;214;81;175;507;61
201812;04041342;04;04;13;42;2;1407;161;548;271;54;201;103;106;309;86
201812;04041343;04;04;13;43;2;1122;166;365;100;45;178;96;48;355;35
201812;04041344;04;04;13;44;2;3000;629;1082;232;124;284;158;204;1022;126
201812;04051445;04;05;14;45;1;2741;344;906;272;159;376;221;287;612;180
201812;04051446;04;05;14;46;1;4711;958;1719;344;156;884;220;240;1267;225
201812;04051447;04;05;14;47;1;2264;503;883;173;88;302;116;124;644;107
201812;04051448;04;05;14;48;1;4452;856;1557;338;139;531;388;476;1208;153
201812;04051549;04;05;15;49;1;2021;362;739;154;163;189;197;287;345;101
201812;04051550;04;05;15;50;1;2325;426;869;206;128;252;198;138;636;104
201812;04051551;04;05;15;51;1;1947;277;688;154;101;240;150;154;476;138
201812;04051652;04;05;16;52;1;3970;912;1478;281;116;460;189;434;1137;156
201812;04051653;04;05;16;53;1;2977;628;1127;235;111;292;268;218;818;143
201812;04051654;04;05;16;54;1;1091;175;364;78;42;141;70;71;325;78
201812;07070706;07;07;07;06;2;837;70;263;153;74;121;40;132;171;36
201812;07070707;07;07;07;07;2;491;92;202;58;15;9;34;46;163;22
201812;08010115;08;01;01;15;1;384;105;145;19;15;9;55;31;110;19
201812;08010116;08;01;01;16;1;2129;376;698;85;130;33;678;175;295;120
201812;08010117;08;01;01;17;1;8256;1861;3022;439;441;191;1654;885;1557;506
201812;08010118;08;01;01;18;1;7206;1010;2012;378;480;178;1582;1461;940;553
201812;08010211;08;01;02;11;1;5891;1152;2061;282;402;118;1228;719;966;397
201812;08010212;08;01;02;12;1;5049;377;939;346;377;98;1926;678;473;558
201812;08010213;08;01;02;13;1;6805;1047;2166;423;481;160;1477;1002;1023;496
201812;08010214;08;01;02;14;1;4723;547;1235;265;453;103;1073;951;591;317
201812;08010301;08;01;03;01;1;13599;3451;4887;648;777;308;2704;1290;2749;884
201812;08010302;08;01;03;02;1;1388;202;407;122;107;79;342;156;183;114
201812;08010303;08;01;03;03;1;5139;945;1641;222;485;120;1056;742;722;373
201812;08010404;08;01;04;04;1;12588;2295;4161;732;1102;325;2286;1822;2040;852
201812;08010405;08;01;04;05;1;4262;881;1650;318;367;133;686;448;702;276
201812;08010406;08;01;04;06;1;4219;533;1403;217;238;109;817;911;500;241
201812;08010407;08;01;04;07;1;357;59;113;19;9;18;57;53;86;21
201812;08010508;08;01;05;08;1;4158;155;524;226;194;62;1592;883;353;550
201812;08010509;08;01;05;09;1;6232;214;726;339;252;89;1997;2050;381;737
201812;08010510;08;01;05;10;1;325;6;73;21;24;6;46;125;38;13
201812;08020619;08;02;06;19;2;6503;451;1623;514;486;132;1383;1718;591;570
201812;08020620;08;02;06;20;2;4198;315;1285;590;224;114;1056;696;336;487
201812;08020621;08;02;06;21;2;615;67;140;43;55;12;202;55;74;77
201812;08020622;08;02;06;22;2;4071;351;1310;666;245;269;865;472;525;385
201812;08020623;08;02;06;23;2;388;34;135;55;18;29;78;58;31;39
201812;08020624;08;02;06;24;2;508;50;137;54;28;31;127;10;92;83
201812;08020625;08;02;06;25;2;988;103;280;105;60;13;216;130;196;93
201812;08020726;08;02;07;26;2;2148;187;700;361;184;112;493;207;235;217
201812;08020727;08;02;07;27;2;3730;200;878;459;339;188;807;674;502;342
201812;08020728;08;02;07;28;2;3852;226;874;381;418;302;845;565;473;375
201812;08030829;08;03;08;29;2;6328;260;1358;812;410;484;1824;983;453;816
201812;08030830;08;03;08;30;2;3043;109;799;521;198;219;938;258;267;364
201812;08030831;08;03;08;31;2;8959;270;1863;1252;693;581;3028;1133;548;1113
201812;08040932;08;04;09;32;2;952;56;255;161;49;64;212;221;43;108
201812;08040933;08;04;09;33;2;1345;87;306;143;129;75;465;106;105;159
201812;08040934;08;04;09;34;2;847;80;233;96;67;25;244;81;67;130
201812;08041035;08;04;10;35;2;2765;147;595;269;379;87;749;301;263;391
201812;08041036;08;04;10;36;2;1633;121;499;267;176;57;315;132;269;185
201812;08041037;08;04;10;37;2;2607;235;827;412;252;126;531;301;325;245
201812;08041038;08;04;10;38;2;1636;118;471;262;108;67;408;159;241;182
201812;08041039;08;04;10;39;2;1122;97;341;185;68;46;299;87;95;186
201812;08041040;08;04;10;40;2;1922;137;596;358;171;85;411;228;268;163
201812;09010101;09;01;01;01;2;3918;966;1564;291;160;290;488;367;899;150
201812;09010102;09;01;01;02;2;12;3;3;0;0;0;0;3;6;0
201812;09010201;09;01;02;01;2;751;237;365;64;21;76;46;24;198;21
201812;09010202;09;01;02;02;2;1196;152;467;176;54;67;63;192;277;76
201812;09010301;09;01;03;01;2;2427;430;1010;288;142;210;171;193;570;131
201812;09010302;09;01;03;02;2;679;60;181;88;120;24;204;37;48;65
201812;09010401;09;01;04;01;2;925;109;405;133;51;134;65;57;183;30
201812;09010402;09;01;04;02;2;1707;159;643;287;131;208;169;163;300;93
201812;09020501;09;02;05;01;2;2178;261;922;213;256;263;70;209;409;49
201812;09020502;09;02;05;02;2;3364;352;1219;339;220;424;146;470;782;103
201812;09020601;09;02;06;01;2;2604;314;940;231;134;239;90;543;600;58
201812;09020602;09;02;06;02;2;279;21;120;42;13;39;18;33;40;16
201812;09020701;09;02;07;01;2;1147;259;433;86;60;141;43;68;374;28
201812;09020702;09;02;07;02;2;2750;285;989;285;175;351;94;386;702;53
201812;09020801;09;02;08;01;2;281;36;124;58;3;55;0;30;69;0
201812;09020802;09;02;08;02;2;1511;113;639;301;52;204;61;266;261;28
201812;09030901;09;03;09;01;2;1787;227;756;333;79;185;249;136;257;125
201812;09030902;09;03;09;02;2;788;40;354;198;33;203;38;65;80;15
201812;09030903;09;03;09;03;2;1547;66;352;216;90;433;128;268;230;46
201812;09031001;09;03;10;01;2;1684;169;712;315;92;235;154;161;287;43
201812;09031101;09;03;11;01;2;871;121;395;115;34;100;15;132;192;3
201812;09031201;09;03;12;01;2;171;24;91;43;9;21;0;16;31;3
201812;09031202;09;03;12;02;2;269;31;104;34;27;86;0;9;40;3
201812;09041301;09;04;13;01;2;1338;131;516;197;17;235;28;253;283;6
201812;09041302;09;04;13;02;2;188;45;87;27;3;31;6;3;58;0
201812;09041401;09;04;14;01;2;389;41;186;68;9;80;3;51;48;12
201812;09041402;09;04;14;02;2;212;19;47;18;3;87;9;42;24;0
201812;09041501;09;04;15;01;2;1419;145;518;166;100;230;24;255;255;37
201812;09041601;09;04;16;01;2;497;30;222;131;9;142;16;17;85;6
201812;09051701;09;05;17;01;2;435;48;124;43;24;56;19;113;90;9
201812;09051702;09;05;17;02;2;1238;198;615;235;25;166;15;99;305;13
201812;09051801;09;05;18;01;2;889;113;347;125;31;154;30;105;213;9
201812;09051901;09;05;19;01;2;1374;204;583;187;43;278;24;148;258;40
201812;09052001;09;05;20;01;2;1040;152;514;163;15;136;29;85;242;19
201812;10010101;10;01;01;01;2;1510;22;313;162;62;662;18;157;271;27
201812;10010102;10;01;01;02;2;4800;117;806;342;171;2243;65;330;1119;66
201812;10010203;10;01;02;03;2;865;9;43;10;39;54;15;418;296;0
201812;10010204;10;01;02;04;2;2611;55;566;264;168;1119;49;224;437;48
201812;10010205;10;01;02;05;2;1290;47;401;195;45;467;21;128;204;24
201812;10010206;10;01;02;06;2;4466;144;1113;444;165;1631;85;530;885;57
201812;10010207;10;01;02;07;2;2561;99;530;179;75;1134;103;158;500;61
201812;10010308;10;01;03;08;2;593;39;168;40;76;97;6;40;164;42
201812;10010309;10;01;03;09;2;3312;93;611;203;146;1718;71;177;513;76
201812;10010310;10;01;03;10;2;4075;125;824;250;105;1754;87;314;930;61
201812;10010311;10;01;03;11;2;524;31;166;61;0;226;12;52;50;18
201812;10020412;10;02;04;12;2;2035;49;461;199;92;786;56;136;485;19
201812;10020413;10;02;04;13;2;3461;98;957;346;104;927;86;533;811;43
201812;10020414;10;02;04;14;2;737;15;143;59;12;400;9;61;99;13
201812;10020415;10;02;04;15;2;1759;130;730;293;49;305;23;270;357;25
201812;10020416;10;02;04;16;2;1582;71;759;328;58;422;30;87;208;18
201812;10020517;10;02;05;17;2;1351;48;278;119;31;369;18;244;378;33
201812;10020518;10;02;05;18;2;1029;37;395;163;34;226;18;153;188;15
201812;10020519;10;02;05;19;2;1825;70;592;262;119;438;47;262;346;21
201812;10020620;10;02;06;20;2;575;27;149;66;18;240;12;60;90;6
201812;10020621;10;02;06;21;2;1259;42;420;177;24;312;25;177;298;3
201812;10020622;10;02;06;22;2;1172;53;373;167;51;410;39;72;208;19
201812;10020623;10;02;06;23;2;812;37;213;88;45;317;12;51;162;12
201812;10030724;10;03;07;24;2;1363;172;432;119;15;262;52;99;482;21
201812;10030725;10;03;07;25;2;1320;60;250;95;70;490;48;176;265;21
201812;10030726;10;03;07;26;2;659;33;143;45;29;184;19;165;112;7
201812;10030727;10;03;07;27;2;1030;57;333;150;43;293;21;27;265;48
201812;10040828;10;04;08;28;2;699;68;266;83;9;246;37;33;96;12
201812;10040829;10;04;08;29;2;398;58;137;30;7;54;9;98;81;12
201812;10040830;10;04;08;30;2;517;42;201;87;9;143;0;33;119;12
201812;10040931;10;04;09;31;2;821;75;262;103;30;244;20;52;186;27
201812;10040932;10;04;09;32;2;437;33;170;64;24;146;16;18;60;3
201812;10040933;10;04;09;33;2;1060;151;475;159;24;299;27;40;172;23
201812;11010101;11;01;01;01;2;76;13;43;15;0;21;0;0;9;3
201812;11010102;11;01;01;02;2;155;12;64;18;7;63;9;3;9;0
201812;11010103;11;01;01;03;2;380;3;24;18;18;97;12;92;137;0
201812;11010204;11;01;02;04;2;2651;70;458;164;139;836;54;384;737;43
201812;11010205;11;01;02;05;2;1855;42;370;153;86;692;41;196;430;40
201812;11010206;11;01;02;06;2;1521;76;374;83;58;425;48;261;334;21
201812;11010207;11;01;02;07;2;1826;62;403;162;85;415;45;479;369;30
201812;11010308;11;01;03;08;2;3387;100;548;183;311;995;65;482;918;68
201812;11010309;11;01;03;09;2;2633;69;475;210;572;629;49;320;538;50
201812;11010310;11;01;03;10;2;1117;41;186;54;67;341;15;173;319;16
201812;11020411;11;02;04;11;2;2571;85;594;165;309;393;46;483;700;46
201812;11020412;11;02;04;12;2;1461;81;334;113;62;356;64;259;365;21
201812;11020513;11;02;05;13;2;829;62;158;43;25;107;12;329;191;7
201812;11020514;11;02;05;14;2;2297;157;578;122;186;370;34;559;546;24
201812;11020515;11;02;05;15;2;3833;156;724;253;192;985;91;291;1463;87
201812;11020516;11;02;05;16;2;661;38;188;94;39;124;27;48;202;33
201812;11030617;11;03;06;17;2;2234;96;374;111;216;444;91;401;668;40
201812;11030618;11;03;06;18;2;4489;335;1032;314;168;1181;103;444;1479;82
201812;11030619;11;03;06;19;2;3489;266;799;247;230;1008;101;159;1118;74
201812;11030720;11;03;07;20;2;3514;280;1531;703;154;324;59;219;1202;25
201812;11030721;11;03;07;21;2;6579;702;2156;827;328;886;167;903;1983;156
201812;11030824;11;03;08;24;2;3620;172;648;207;425;910;102;454;1004;77
201812;11040925;11;04;09;25;2;962;272;451;104;24;106;35;25;301;20
201812;11040926;11;04;09;26;2;6415;856;2290;614;348;1051;178;641;1771;136
201812;11041022;11;04;10;22;2;1882;141;521;112;95;341;49;280;561;35
201812;11041023;11;04;10;23;2;2250;86;404;106;231;657;57;248;601;52
201812;11041027;11;04;10;27;2;809;88;273;100;70;223;24;62;132;25
201812;11041128;11;04;11;28;2;6141;255;1385;453;448;1664;194;775;1545;130
201812;11051229;11;05;12;29;2;868;156;352;90;24;55;21;191;203;22
201812;11051330;11;05;13;30;2;1923;199;587;187;33;300;53;186;711;53
201812;11051331;11;05;13;31;2;1270;185;472;144;68;321;18;123;244;24
201812;11051332;11;05;13;32;2;917;181;385;105;18;209;19;28;237;21
201812;12103115;12;10;31;15;2;3287;209;933;394;267;224;731;364;506;262
201812;12103116;12;10;31;16;2;4648;267;1325;477;357;207;1123;620;637;379
201812;12103117;12;10;31;17;2;5771;412;1845;688;468;237;1298;696;756;471
201812;12103218;12;10;32;18;2;5989;430;1759;871;378;286;1386;632;988;560
201812;12103219;12;10;32;19;2;3876;316;1091;436;244;169;970;474;572;356
201812;12103220;12;10;32;20;2;1358;148;504;231;88;103;220;125;235;83
201812;12214125;12;21;41;25;2;2311;216;674;213;177;144;367;318;442;189
201812;12214126;12;21;41;26;2;3155;205;868;385;153;439;570;440;447;238
201812;12214421;12;21;44;21;2;1023;85;417;188;55;36;156;131;190;38
201812;12214422;12;21;44;22;2;4796;541;1527;476;463;561;845;527;502;371
201812;12214423;12;21;44;23;2;2326;148;708;322;172;296;548;172;251;179
201812;12214424;12;21;44;24;2;5484;372;1791;508;499;334;953;859;694;354
201812;12214527;12;21;45;27;2;2415;347;953;304;112;165;353;215;469;148
201812;12214528;12;21;45;28;2;98;15;21;6;0;6;19;0;52;0
201812;12224229;12;22;42;29;2;826;170;344;97;50;74;43;44;217;54
201812;12224230;12;22;42;30;2;2409;470;978;328;85;152;286;169;572;167
201812;12231101;12;23;11;01;2;2329;568;1069;294;96;168;170;154;539;133
201812;12231102;12;23;11;02;2;2178;535;1001;246;72;159;142;141;556;107
201812;12301203;12;30;12;03;2;4560;351;1372;589;309;308;692;709;910;260
201812;12301204;12;30;12;04;2;1403;196;480;165;61;100;201;142;325;94
201812;12301205;12;30;12;05;2;926;158;407;131;31;88;72;58;214;56
201812;12301206;12;30;12;06;2;841;120;297;137;59;67;110;54;158;96
201812;12302107;12;30;21;07;2;1297;112;313;81;66;61;415;94;187;161
201812;12302108;12;30;21;08;2;6226;316;1470;871;414;600;1486;725;982;549
201812;12302109;12;30;21;09;2;5987;350;1489;871;383;606;1316;799;1005;389
201812;12302110;12;30;21;10;2;5832;336;1235;664;360;812;1276;946;786;417
201812;12302211;12;30;22;11;2;950;83;318;115;89;70;208;55;148;62
201812;12302212;12;30;22;12;2;2837;177;835;411;159;173;345;834;385;106
201812;12304313;12;30;43;13;2;1613;212;684;241;88;91;160;211;278;101
201812;12304314;12;30;43;14;2;1429;181;555;272;60;93;215;105;267;134
