"","RAUMID","gcode","gen.03","gen.05","gen.07","gen.09","gen.11","gen.13","gen.15","gen.17","gen.19","tg1","tg2","tg3","tg4","tg5","PLANUNGSRAUM","is_eg","F_IN_KRAFT.x","yrs03","yrs05","yrs07","yrs09","yrs11","yrs13","yrs15","yrs17","yrs19","yrs21","is_within_500eg","F_IN_KRAFT.y","yrs03_500","yrs05_500","yrs07_500","yrs09_500","yrs11_500","yrs13_500","yrs15_500","yrs17_500","yrs19_500","yrs21_500","iseg03","iseg05","iseg07","iseg09","iseg11","iseg13","iseg15","iseg17","iseg19","iseg03_500","iseg05_500","iseg07_500","iseg09_500","iseg11_500","iseg13_500","iseg15_500","iseg17_500","iseg19_500"
"1",1011101,4,0,1,2,3,3,4,4,4,4,1.99863107460643,2.00136892539357,4,0,0,"Stülerstraße",0,0,0,0,0,0,0,0,0,0,0,0,1,0,0,0,0,0,0,0,0,0,0,0,0,0,0,0,0,0,0,0,0,0,0,0,0,0,0,0,0,0
"2",1011102,3,0,1,2,3,3,3,3,3,3,1.99863107460643,2.00136892539357,0,0,0,"Großer Tiergarten",0,0,0,0,0,0,0,0,0,0,0,0,1,2019,0,0,0,0,0,0,0,0,0.0410116199589884,2.04237867395762,0,0,0,0,0,0,0,0,0,0,0,0,0,0,0,0,0,1
"3",1011103,2,0,1,1,1,1,1,2,2,2,9.99863107460643,0,0,0,0,"Lützowstraße",1,2019,0,0,0,0,0,0,0,0,0.0410116199589884,2.04237867395762,2,2019,0,0,0,0,0,0,0,0,0.0410116199589884,2.04237867395762,0,0,0,0,0,0,0,0,1,0,0,0,0,0,0,0,0,1
"4",1011104,4,0,1,1,2,3,4,4,4,4,4,1.99863107460643,2.00136892539357,0,0,"Körnerstraße",0,0,0,0,0,0,0,0,0,0,0,0,1,2019,0,0,0,0,0,0,0,0,0.0410116199589884,2.04237867395762,0,0,0,0,0,0,0,0,0,0,0,0,0,0,0,0,0,1
"5",1011105,4,0,1,2,3,3,3,4,4,4,1.99863107460643,2.00136892539357,5.99863107460643,0,0,"Nördlicher Landwehrkanal",0,0,0,0,0,0,0,0,0,0,0,0,1,2019,0,0,0,0,0,0,0,0,0.0410116199589884,2.04237867395762,0,0,0,0,0,0,0,0,0,0,0,0,0,0,0,0,0,1
"6",1011201,4,0,1,1,2,3,3,3,4,4,4,1.99863107460643,6.00136892539357,0,0,"Wilhelmstraße",0,0,0,0,0,0,0,0,0,0,0,0,1,0,0,0,0,0,0,0,0,0,0,0,0,0,0,0,0,0,0,0,0,0,0,0,0,0,0,0,0,0
"7",1011202,4,0,1,1,2,3,3,3,4,4,4,1.99863107460643,6.00136892539357,0,0,"Unter den Linden Nord",0,0,0,0,0,0,0,0,0,0,0,0,1,0,0,0,0,0,0,0,0,0,0,0,0,0,0,0,0,0,0,0,0,0,0,0,0,0,0,0,0,0
"8",1011203,4,0,1,2,3,3,4,4,4,4,1.99863107460643,2.00136892539357,4,0,0,"Unter den Linden Süd",0,0,0,0,0,0,0,0,0,0,0,0,1,0,0,0,0,0,0,0,0,0,0,0,0,0,0,0,0,0,0,0,0,0,0,0,0,0,0,0,0,0
"9",1011204,4,0,1,1,2,3,4,4,4,4,4,1.99863107460643,2.00136892539357,0,0,"Leipziger Straße",0,0,0,0,0,0,0,0,0,0,0,0,1,0,0,0,0,0,0,0,0,0,0,0,0,0,0,0,0,0,0,0,0,0,0,0,0,0,0,0,0,0
"10",1011301,2,0,1,1,1,1,1,2,2,2,9.99863107460643,0,0,0,0,"Charitéviertel",0,0,0,0,0,0,0,0,0,0,0,0,1,0,0,0,0,0,0,0,0,0,0,0,0,0,0,0,0,0,0,0,0,0,0,0,0,0,0,0,0,0
"11",1011302,0,0,0,0,0,0,0,0,0,0,0,0,0,0,0,"Oranienburger Straße",0,0,0,0,0,0,0,0,0,0,0,0,1,2019,0,0,0,0,0,0,0,0,0,1.7634996582365,0,0,0,0,0,0,0,0,0,0,0,0,0,0,0,0,0,0
"12",1011303,0,0,0,0,0,0,0,0,0,0,0,0,0,0,0,"Alexanderplatzviertel",1,2019,0,0,0,0,0,0,0,0,0,1.7634996582365,2,2019,0,0,0,0,0,0,0,0,0,1.7634996582365,0,0,0,0,0,0,0,0,0,0,0,0,0,0,0,0,0,0
"13",1011304,2,1,1,2,2,2,2,2,2,2,4,0,0,0,0,"Karl-Marx-Allee",0,0,0,0,0,0,0,0,0,0,0,0,1,0,0,0,0,0,0,0,0,0,0,0,0,0,0,0,0,0,0,0,0,0,0,0,0,0,0,0,0,0
"14",1011305,0,0,0,0,0,0,0,0,0,0,0,0,0,0,0,"Heine-Viertel West",0,0,0,0,0,0,0,0,0,0,0,0,1,0,0,0,0,0,0,0,0,0,0,0,0,0,0,0,0,0,0,0,0,0,0,0,0,0,0,0,0,0
"15",1011306,4,1,1,2,3,3,3,4,4,4,4,2.00136892539357,5.99863107460643,0,0,"Heine-Viertel Ost",0,0,0,0,0,0,0,0,0,0,0,0,1,0,0,0,0,0,0,0,0,0,0,0,0,0,0,0,0,0,0,0,0,0,0,0,0,0,0,0,0,0
"16",1011401,4,0,1,2,3,3,3,4,4,4,1.99863107460643,2.00136892539357,5.99863107460643,0,0,"Invalidenstraße",0,0,0,0,0,0,0,0,0,0,0,0,1,0,0,0,0,0,0,0,0,0,0,0,0,0,0,0,0,0,0,0,0,0,0,0,0,0,0,0,0,0
"17",1011402,1,0,1,1,1,1,1,1,1,1,0,0,0,0,0,"Arkonaplatz",0,0,0,0,0,0,0,0,0,0,0,0,1,2019,0,0,0,0,0,0,0,0,0,1.7634996582365,0,0,0,0,0,0,0,0,0,0,0,0,0,0,0,0,0,0
"18",1022101,4,1,1,2,3,3,3,4,4,4,4,2.00136892539357,5.99863107460643,0,0,"Huttenkiez",0,0,0,0,0,0,0,0,0,0,0,0,1,2016,0,0,0,0,0,0,0,0.601503759398496,2.5974025974026,4.59876965140123,0,0,0,0,0,0,0,0,0,0,0,0,0,0,0,0,1,1
"19",1022102,3,1,1,2,3,3,3,3,3,3,4,2.00136892539357,0,0,0,"Beusselkiez",0,0,0,0,0,0,0,0,0,0,0,0,1,2016,0,0,0,0,0,0,0,0.601503759398496,2.5974025974026,4.59876965140123,0,0,0,0,0,0,0,0,0,0,0,0,0,0,0,0,1,1
"20",1022103,2,1,1,1,1,1,2,2,2,2,10.0013689253936,0,0,0,0,"Westhafen",0,0,0,0,0,0,0,0,0,0,0,0,1,2016,0,0,0,0,0,0,0,0.601503759398496,2.5974025974026,4.59876965140123,0,0,0,0,0,0,0,0,0,0,0,0,0,0,0,0,1,1
"21",1022104,2,1,1,1,1,2,2,2,2,2,8,0,0,0,0,"Emdener Straße",1,2016,0,0,0,0,0,0,0,0.601503759398496,2.5974025974026,4.59876965140123,2,2016,0,0,0,0,0,0,0,0.601503759398496,2.5974025974026,4.59876965140123,0,0,0,0,0,0,0,1,1,0,0,0,0,0,0,0,1,1
"22",1022105,3,1,1,2,3,3,3,3,3,3,4,2.00136892539357,0,0,0,"Zwinglistraße",0,0,0,0,0,0,0,0,0,0,0,0,1,2016,0,0,0,0,0,0,0,0.601503759398496,2.5974025974026,4.59876965140123,0,0,0,0,0,0,0,0,0,0,0,0,0,0,0,0,1,1
"23",1022106,2,1,1,1,2,2,2,2,2,2,6.00136892539357,0,0,0,0,"Elberfelder Straße",0,0,0,0,0,0,0,0,0,0,0,0,1,0,0,0,0,0,0,0,0,0,0,0,0,0,0,0,0,0,0,0,0,0,0,0,0,0,0,0,0,0
"24",1022201,1,1,1,1,1,1,1,1,1,1,0,0,0,0,0,"Stephankiez",1,2016,0,0,0,0,0,0,0,0.601503759398496,2.5974025974026,4.59876965140123,2,2016,0,0,0,0,0,0,0,0.601503759398496,2.5974025974026,4.59876965140123,0,0,0,0,0,0,0,1,1,0,0,0,0,0,0,0,1,1
"25",1022202,2,0,1,1,1,1,1,1,1,2,13.9986310746064,0,0,0,0,"Heidestraße",0,0,0,0,0,0,0,0,0,0,0,0,1,0,0,0,0,0,0,0,0,0,0,0,0,0,0,0,0,0,0,0,0,0,0,0,0,0,0,0,0,0
"26",1022203,1,1,1,1,1,1,1,1,1,1,0,0,0,0,0,"Lübecker Straße",0,0,0,0,0,0,0,0,0,0,0,0,1,2016,0,0,0,0,0,0,0,0.601503759398496,2.5974025974026,4.59876965140123,0,0,0,0,0,0,0,0,0,0,0,0,0,0,0,0,1,1
"27",1022204,4,1,1,2,3,3,3,4,4,4,4,2.00136892539357,5.99863107460643,0,0,"Thomasiusstraße",1,2019,0,0,0,0,0,0,0,0,0.0410116199589884,2.04237867395762,2,2019,0,0,0,0,0,0,0,0,0.0410116199589884,2.04237867395762,0,0,0,0,0,0,0,0,1,0,0,0,0,0,0,0,0,1
"28",1022205,3,0,1,1,2,2,2,3,3,3,4,5.99863107460643,0,0,0,"Zillesiedlung",0,0,0,0,0,0,0,0,0,0,0,0,1,2019,0,0,0,0,0,0,0,0,0.0410116199589884,2.04237867395762,0,0,0,0,0,0,0,0,0,0,0,0,0,0,0,0,0,1
"29",1022206,3,0,1,2,3,3,3,3,3,3,1.99863107460643,2.00136892539357,0,0,0,"Lüneburger Straße",0,0,0,0,0,0,0,0,0,0,0,0,1,2019,0,0,0,0,0,0,0,0,0.0410116199589884,2.04237867395762,0,0,0,0,0,0,0,0,0,0,0,0,0,0,0,0,0,1
"30",1022207,3,0,1,2,3,3,3,3,3,3,1.99863107460643,2.00136892539357,0,0,0,"Hansaviertel",0,0,0,0,0,0,0,0,0,0,0,0,1,2019,0,0,0,0,0,0,0,0,0.0410116199589884,2.04237867395762,0,0,0,0,0,0,0,0,0,0,0,0,0,0,0,0,0,1
"31",1033101,2,1,1,1,1,2,2,2,2,2,8,0,0,0,0,"Soldiner Straße",1,2019,0,0,0,0,0,0,0,0,0.281613123718387,2.28298017771702,2,2019,0,0,0,0,0,0,0,0,0.281613123718387,2.28298017771702,0,0,0,0,0,0,0,0,1,0,0,0,0,0,0,0,0,1
"32",1033102,4,1,1,2,3,4,4,4,4,4,4,2.00136892539357,1.99863107460643,0,0,"Gesundbrunnen",0,0,0,0,0,0,0,0,0,0,0,0,1,2019,0,0,0,0,0,0,0,0,0.281613123718387,2.28298017771702,0,0,0,0,0,0,0,0,0,0,0,0,0,0,0,0,0,1
"33",1033201,1,0,1,1,1,1,1,1,1,1,0,0,0,0,0,"Brunnenstraße",0,0,0,0,0,0,0,0,0,0,0,0,1,0,0,0,0,0,0,0,0,0,0,0,0,0,0,0,0,0,0,0,0,0,0,0,0,0,0,0,0,0
"34",1033202,4,0,1,2,3,3,3,3,3,4,1.99863107460643,2.00136892539357,9.99863107460643,0,0,"Humboldthain Süd",0,0,0,0,0,0,0,0,0,0,0,0,1,2019,0,0,0,0,0,0,0,0,0.0410116199589884,2.04237867395762,0,0,0,0,0,0,0,0,0,0,0,0,0,0,0,0,0,1
"35",1033203,2,1,1,1,1,2,2,2,2,2,8,0,0,0,0,"Humboldthain Nordwest",1,2019,0,0,0,0,0,0,0,0,0.0410116199589884,2.04237867395762,2,2016,0,0,0,0,0,0,0,0.601503759398496,2.5974025974026,4.59876965140123,0,0,0,0,0,0,0,0,1,0,0,0,0,0,0,0,1,1
"36",1044101,2,1,1,1,1,2,2,2,2,2,8,0,0,0,0,"Rehberge",0,0,0,0,0,0,0,0,0,0,0,0,1,2016,0,0,0,0,0,0,0,0.601503759398496,2.5974025974026,4.59876965140123,0,0,0,0,0,0,0,0,0,0,0,0,0,0,0,0,1,1
"37",1044102,4,1,1,1,2,3,3,4,4,4,6.00136892539357,1.99863107460643,4,0,0,"Schillerpark",0,0,0,0,0,0,0,0,0,0,0,0,1,2016,0,0,0,0,0,0,0,0.601503759398496,2.5974025974026,4.59876965140123,0,0,0,0,0,0,0,0,0,0,0,0,0,0,0,0,1,1
"38",1044103,2,1,1,1,1,2,2,2,2,2,8,0,0,0,0,"Westliche Müllerstraße",1,2016,0,0,0,0,0,0,0,0.601503759398496,2.5974025974026,4.59876965140123,2,2016,0,0,0,0,0,0,0,0.601503759398496,2.5974025974026,4.59876965140123,0,0,0,0,0,0,0,1,1,0,0,0,0,0,0,0,1,1
"39",1044201,2,1,1,1,1,2,2,2,2,2,8,0,0,0,0,"Reinickendorfer Straße",1,2019,0,0,0,0,0,0,0,0,0.281613123718387,2.28298017771702,2,2016,0,0,0,0,0,0,0,0.601503759398496,2.5974025974026,4.59876965140123,0,0,0,0,0,0,0,0,1,0,0,0,0,0,0,0,1,1
"40",1044202,2,1,1,1,1,2,2,2,2,2,8,0,0,0,0,"Sparrplatz",1,2016,0,0,0,0,0,0,0,0.601503759398496,2.5974025974026,4.59876965140123,2,2016,0,0,0,0,0,0,0,0.601503759398496,2.5974025974026,4.59876965140123,0,0,0,0,0,0,0,1,1,0,0,0,0,0,0,0,1,1
"41",1044203,4,1,1,2,2,3,3,4,4,4,4,4,4,0,0,"Leopoldplatz",1,2016,0,0,0,0,0,0,0,0.601503759398496,2.5974025974026,4.59876965140123,2,2016,0,0,0,0,0,0,0,0.601503759398496,2.5974025974026,4.59876965140123,0,0,0,0,0,0,0,1,1,0,0,0,0,0,0,0,1,1
"42",2010101,1,0,1,1,1,1,1,1,1,1,0,0,0,0,0,"Askanischer Platz",0,0,0,0,0,0,0,0,0,0,0,0,1,0,0,0,0,0,0,0,0,0,0,0,0,0,0,0,0,0,0,0,0,0,0,0,0,0,0,0,0,0
"43",2010102,1,0,0,0,0,0,0,1,1,1,0,0,0,0,0,"Mehringplatz",0,0,0,0,0,0,0,0,0,0,0,0,1,2017,0,0,0,0,0,0,0,0,1.53656869446343,3.53793574846206,0,0,0,0,0,0,0,0,0,0,0,0,0,0,0,0,0,1
"44",2010103,3,1,1,2,2,3,3,3,3,3,4,4,0,0,0,"Moritzplatz",1,2017,0,0,0,0,0,0,0,0,1.53656869446343,3.53793574846206,2,2017,0,0,0,0,0,0,0,0,1.53656869446343,3.53793574846206,0,0,0,0,0,0,0,0,1,0,0,0,0,0,0,0,0,1
"45",2010104,5,1,2,2,3,4,4,4,4,5,2.00136892539357,4,1.99863107460643,8,1.00205338809035,"Wassertorplatz",0,0,0,0,0,0,0,0,0,0,0,0,1,1996,7.42036910457963,9.419002050581,11.4149008885851,13.4135338345865,15.4094326725906,17.4080656185919,19.403964456596,21.4025974025974,23.3984962406015,25.3998632946001,0,0,0,0,0,0,0,0,0,1,1,1,1,1,1,1,1,1
"46",2020201,4,1,2,2,3,3,3,3,4,4,2.00136892539357,4,8,0,0,"Gleisdreieck/Entwicklungsgebiet",0,0,0,0,0,0,0,0,0,0,0,0,1,2005,0,0.0437457279562543,2.03964456596036,4.03827751196172,6.03417634996582,8.03280929596719,10.0287081339713,12.0273410799727,14.0232399179768,16.0246069719754,0,0,0,0,0,0,0,0,0,0,1,1,1,1,1,1,1,1
"47",2020202,4,1,2,3,3,3,4,4,4,4,2.00136892539357,1.99863107460643,6.00136892539357,0,0,"Rathaus Yorckstraße",0,0,0,0,0,0,0,0,0,0,0,0,1,2003,0,1.81818181818182,3.81408065618592,5.81271360218729,7.80861244019139,9.80724538619275,11.8031442241969,13.8017771701982,15.7976760082023,17.799043062201,0,0,0,0,0,0,0,0,0,0,1,1,1,1,1,1,1,1
"48",2020203,4,1,1,2,3,3,4,4,4,4,4,2.00136892539357,4,0,0,"Viktoriapark",1,2005,0,0.0437457279562543,2.03964456596036,4.03827751196172,6.03417634996582,8.03280929596719,10.0287081339713,12.0273410799727,14.0232399179768,16.0246069719754,2,2003,0,1.81818181818182,3.81408065618592,5.81271360218729,7.80861244019139,9.80724538619275,11.8031442241969,13.8017771701982,15.7976760082023,17.799043062201,0,1,1,1,1,1,1,1,1,0,1,1,1,1,1,1,1,1
"49",2020204,3,1,1,2,3,3,3,3,3,3,4,2.00136892539357,0,0,0,"Urbanstraße",1,2003,0,1.81818181818182,3.81408065618592,5.81271360218729,7.80861244019139,9.80724538619275,11.8031442241969,13.8017771701982,15.7976760082023,17.799043062201,2,2003,0,1.81818181818182,3.81408065618592,5.81271360218729,7.80861244019139,9.80724538619275,11.8031442241969,13.8017771701982,15.7976760082023,17.799043062201,0,1,1,1,1,1,1,1,1,0,1,1,1,1,1,1,1,1
"50",2020205,3,1,2,3,3,3,3,3,3,3,2.00136892539357,1.99863107460643,0,0,0,"Chamissokiez",1,2005,0,0,1.55023923444976,3.54887218045113,5.54477101845523,7.5434039644566,9.5393028024607,11.5379357484621,13.5338345864662,15.5352016404648,2,2003,0,1.81818181818182,3.81408065618592,5.81271360218729,7.80861244019139,9.80724538619275,11.8031442241969,13.8017771701982,15.7976760082023,17.799043062201,0,0,1,1,1,1,1,1,1,0,1,1,1,1,1,1,1,1
"51",2020206,1,1,1,1,1,1,1,1,1,1,0,0,0,0,0,"Graefekiez",1,1996,7.42036910457963,9.419002050581,11.4149008885851,13.4135338345865,15.4094326725906,17.4080656185919,19.403964456596,21.4025974025974,23.3984962406015,25.3998632946001,2,1996,7.42036910457963,9.419002050581,11.4149008885851,13.4135338345865,15.4094326725906,17.4080656185919,19.403964456596,21.4025974025974,23.3984962406015,25.3998632946001,1,1,1,1,1,1,1,1,1,1,1,1,1,1,1,1,1,1
"52",2030301,3,1,1,1,2,3,3,3,3,3,6.00136892539357,1.99863107460643,0,0,0,"Oranienplatz",0,0,0,0,0,0,0,0,0,0,0,0,1,0,0,0,0,0,0,0,0,0,0,0,0,0,0,0,0,0,0,0,0,0,0,0,0,0,0,0,0,0
"53",2030302,4,1,2,3,4,4,4,4,4,4,2.00136892539357,1.99863107460643,2.00136892539357,0,0,"Lausitzer Platz",0,0,0,0,0,0,0,0,0,0,0,0,1,1996,7.42036910457963,9.419002050581,11.4149008885851,13.4135338345865,15.4094326725906,17.4080656185919,19.403964456596,21.4025974025974,23.3984962406015,25.3998632946001,0,0,0,0,0,0,0,0,0,1,1,1,1,1,1,1,1,1
"54",2030401,5,1,2,3,4,5,5,5,5,5,2.00136892539357,1.99863107460643,2.00136892539357,1.99863107460643,9.00205338809035,"Reichenberger Straße",1,1996,7.42036910457963,9.419002050581,11.4149008885851,13.4135338345865,15.4094326725906,17.4080656185919,19.403964456596,21.4025974025974,23.3984962406015,25.3998632946001,2,1996,7.42036910457963,9.419002050581,11.4149008885851,13.4135338345865,15.4094326725906,17.4080656185919,19.403964456596,21.4025974025974,23.3984962406015,25.3998632946001,1,1,1,1,1,1,1,1,1,1,1,1,1,1,1,1,1,1
"55",2030402,1,1,1,1,1,1,1,1,1,1,0,0,0,0,0,"Wrangelkiez",0,0,0,0,0,0,0,0,0,0,0,0,1,1996,7.42036910457963,9.419002050581,11.4149008885851,13.4135338345865,15.4094326725906,17.4080656185919,19.403964456596,21.4025974025974,23.3984962406015,25.3998632946001,0,0,0,0,0,0,0,0,0,1,1,1,1,1,1,1,1,1
"56",2040501,1,0,0,1,1,1,1,1,1,1,0,0,0,0,0,"Barnimkiez",0,0,0,0,0,0,0,0,0,0,0,0,1,2014,0,0,0,0,0,0,0.497607655502392,2.49624060150376,4.49213943950786,6.49350649350649,0,0,0,0,0,0,0,0,0,0,0,0,0,0,0,1,1,1
"57",2040502,1,0,0,0,0,0,1,1,1,1,0,0,0,0,0,"Friedenstraße",0,0,0,0,0,0,0,0,0,0,0,0,1,2014,0,0,0,0,0,0,1.02255639097744,3.02118933697881,5.01708817498291,7.01845522898155,0,0,0,0,0,0,0,0,0,0,0,0,0,0,0,1,1,1
"58",2040503,2,0,1,1,2,2,2,2,2,2,4,0,0,0,0,"Richard-Sorge-Viertel",0,0,0,0,0,0,0,0,0,0,0,0,1,2014,0,0,0,0,0,0,1.02255639097744,3.02118933697881,5.01708817498291,7.01845522898155,0,0,0,0,0,0,0,0,0,0,0,0,0,0,0,1,1,1
"59",2040701,5,1,2,3,4,5,5,5,5,5,2.00136892539357,1.99863107460643,2.00136892539357,1.99863107460643,9.00205338809035,"Andreasviertel",0,0,0,0,0,0,0,0,0,0,0,0,1,2017,0,0,0,0,0,0,0,0.382775119617225,2.37867395762133,4.38004101161996,0,0,0,0,0,0,0,0,0,0,0,0,0,0,0,0,1,1
"60",2040702,3,0,1,2,3,3,3,3,3,3,1.99863107460643,2.00136892539357,0,0,0,"Weberwiese",1,2017,0,0,0,0,0,0,0,0.382775119617225,2.37867395762133,4.38004101161996,2,2017,0,0,0,0,0,0,0,0.382775119617225,2.37867395762133,4.38004101161996,0,0,0,0,0,0,0,1,1,0,0,0,0,0,0,0,1,1
"61",2040703,4,1,2,3,3,3,3,4,4,4,2.00136892539357,1.99863107460643,8,0,0,"Wriezener Bahnhof/Entwicklungsgebiet",0,0,0,0,0,0,0,0,0,0,0,0,1,2017,0,0,0,0,0,0,0,0.382775119617225,2.37867395762133,4.38004101161996,0,0,0,0,0,0,0,0,0,0,0,0,0,0,0,0,1,1
"62",2050601,1,1,1,1,1,1,1,1,1,1,0,0,0,0,0,"Hausburgviertel",1,2014,0,0,0,0,0,0,1.02255639097744,3.02118933697881,5.01708817498291,7.01845522898155,2,2014,0,0,0,0,0,0,1.02255639097744,3.02118933697881,5.01708817498291,7.01845522898155,0,0,0,0,0,0,1,1,1,0,0,0,0,0,0,1,1,1
"63",2050602,3,0,1,2,3,3,3,3,3,3,1.99863107460643,2.00136892539357,0,0,0,"Samariterviertel",1,2021,0,0,0,0,0,0,0,0,0,0,2,2014,0,0,0,0,0,0,1.02255639097744,3.02118933697881,5.01708817498291,7.01845522898155,0,0,0,0,0,0,0,0,0,0,0,0,0,0,0,1,1,1
"64",2050801,3,0,1,2,3,3,3,3,3,3,1.99863107460643,2.00136892539357,0,0,0,"Traveplatz",0,0,0,0,0,0,0,0,0,0,0,0,1,1999,3.70471633629528,5.70334928229665,7.69924812030075,9.69788106630212,11.6937799043062,13.6924128503076,15.6883116883117,17.6869446343131,19.6828434723172,21.6842105263158,0,0,0,0,0,0,0,0,0,1,1,1,1,1,1,1,1,1
"65",2050802,3,0,1,2,3,3,3,3,3,3,1.99863107460643,2.00136892539357,0,0,0,"Boxhagener Platz",1,1999,3.70471633629528,5.70334928229665,7.69924812030075,9.69788106630212,11.6937799043062,13.6924128503076,15.6883116883117,17.6869446343131,19.6828434723172,21.6842105263158,2,1999,3.70471633629528,5.70334928229665,7.69924812030075,9.69788106630212,11.6937799043062,13.6924128503076,15.6883116883117,17.6869446343131,19.6828434723172,21.6842105263158,1,1,1,1,1,1,1,1,1,1,1,1,1,1,1,1,1,1
"66",2050803,2,0,1,1,2,2,2,2,2,2,4,0,0,0,0,"Stralauer Kiez",1,2020,0,0,0,0,0,0,0,0,0,1.47915242652085,2,1999,3.70471633629528,5.70334928229665,7.69924812030075,9.69788106630212,11.6937799043062,13.6924128503076,15.6883116883117,17.6869446343131,19.6828434723172,21.6842105263158,0,0,0,0,0,0,0,0,0,1,1,1,1,1,1,1,1,1
"67",2050804,2,0,1,1,1,1,1,2,2,2,9.99863107460643,0,0,0,0,"Stralauer Halbinsel",0,0,0,0,0,0,0,0,0,0,0,0,1,0,0,0,0,0,0,0,0,0,0,0,0,0,0,0,0,0,0,0,0,0,0,0,0,0,0,0,0,0
"68",3010101,2,0,1,1,2,2,2,2,2,2,4,0,0,0,0,"Bucher Forst",0,0,0,0,0,0,0,0,0,0,0,0,1,0,0,0,0,0,0,0,0,0,0,0,0,0,0,0,0,0,0,0,0,0,0,0,0,0,0,0,0,0
"69",3010102,2,0,1,1,1,1,1,2,2,2,9.99863107460643,0,0,0,0,"Buch",0,0,0,0,0,0,0,0,0,0,0,0,1,0,0,0,0,0,0,0,0,0,0,0,0,0,0,0,0,0,0,0,0,0,0,0,0,0,0,0,0,0
"70",3010104,2,0,0,1,1,1,1,1,1,2,12,0,0,0,0,"Lietzengraben",0,0,0,0,0,0,0,0,0,0,0,0,1,0,0,0,0,0,0,0,0,0,0,0,0,0,0,0,0,0,0,0,0,0,0,0,0,0,0,0,0,0
"71",3020203,2,0,0,1,1,1,1,2,2,2,8,0,0,0,0,"Blankenfelde",0,0,0,0,0,0,0,0,0,0,0,0,1,0,0,0,0,0,0,0,0,0,0,0,0,0,0,0,0,0,0,0,0,0,0,0,0,0,0,0,0,0
"72",3020209,3,1,2,2,3,3,3,3,3,3,2.00136892539357,4,0,0,0,"Niederschönhausen",0,0,0,0,0,0,0,0,0,0,0,0,1,0,0,0,0,0,0,0,0,0,0,0,0,0,0,0,0,0,0,0,0,0,0,0,0,0,0,0,0,0
"73",3020210,1,0,1,1,1,1,1,1,1,1,0,0,0,0,0,"Herthaplatz",0,0,0,0,0,0,0,0,0,0,0,0,1,0,0,0,0,0,0,0,0,0,0,0,0,0,0,0,0,0,0,0,0,0,0,0,0,0,0,0,0,0
"74",3020307,2,0,1,1,2,2,2,2,2,2,4,0,0,0,0,"Buchholz",0,0,0,0,0,0,0,0,0,0,0,0,1,0,0,0,0,0,0,0,0,0,0,0,0,0,0,0,0,0,0,0,0,0,0,0,0,0,0,0,0,0
"75",3030405,1,0,0,1,1,1,1,1,1,1,0,0,0,0,0,"Karow Nord",0,0,0,0,0,0,0,0,0,0,0,0,1,0,0,0,0,0,0,0,0,0,0,0,0,0,0,0,0,0,0,0,0,0,0,0,0,0,0,0,0,0
"76",3030406,3,0,0,1,2,2,2,3,3,3,2.00136892539357,5.99863107460643,0,0,0,"Alt-Karow",0,0,0,0,0,0,0,0,0,0,0,0,1,0,0,0,0,0,0,0,0,0,0,0,0,0,0,0,0,0,0,0,0,0,0,0,0,0,0,0,0,0
"77",3030711,2,0,0,1,1,1,1,1,1,2,12,0,0,0,0,"Blankenburg",0,0,0,0,0,0,0,0,0,0,0,0,1,0,0,0,0,0,0,0,0,0,0,0,0,0,0,0,0,0,0,0,0,0,0,0,0,0,0,0,0,0
"78",3030715,2,0,1,2,2,2,2,2,2,2,1.99863107460643,0,0,0,0,"Heinersdorf",0,0,0,0,0,0,0,0,0,0,0,0,1,0,0,0,0,0,0,0,0,0,0,0,0,0,0,0,0,0,0,0,0,0,0,0,0,0,0,0,0,0
"79",3030716,1,0,0,1,1,1,1,1,1,1,0,0,0,0,0,"Märchenland",0,0,0,0,0,0,0,0,0,0,0,0,1,0,0,0,0,0,0,0,0,0,0,0,0,0,0,0,0,0,0,0,0,0,0,0,0,0,0,0,0,0
"80",3040508,3,1,2,2,3,3,3,3,3,3,2.00136892539357,4,0,0,0,"Rosenthal",0,0,0,0,0,0,0,0,0,0,0,0,1,0,0,0,0,0,0,0,0,0,0,0,0,0,0,0,0,0,0,0,0,0,0,0,0,0,0,0,0,0
"81",3040512,2,1,1,1,2,2,2,2,2,2,6.00136892539357,0,0,0,0,"Wilhelmsruh",0,0,0,0,0,0,0,0,0,0,0,0,1,0,0,0,0,0,0,0,0,0,0,0,0,0,0,0,0,0,0,0,0,0,0,0,0,0,0,0,0,0
"82",3040513,2,1,1,1,1,1,2,2,2,2,10.0013689253936,0,0,0,0,"Schönholz",0,0,0,0,0,0,0,0,0,0,0,0,1,2019,0,0,0,0,0,0,0,0,0.281613123718387,2.28298017771702,0,0,0,0,0,0,0,0,0,0,0,0,0,0,0,0,0,1
"83",3040614,1,0,1,1,1,1,1,1,1,1,0,0,0,0,0,"Pankow Zentrum",1,2000,2.78605604921394,4.78468899521531,6.78058783321941,8.77922077922078,10.7751196172249,12.7737525632262,14.7696514012303,16.7682843472317,18.7641831852358,20.7655502392345,2,2019,0,0,0,0,0,0,0,0,0.281613123718387,2.28298017771702,1,1,1,1,1,1,1,1,1,0,0,0,0,0,0,0,0,1
"84",3040818,1,1,1,1,1,1,1,1,1,1,0,0,0,0,0,"Pankow Süd",1,2018,0,0,0,0,0,0,0,0,1.07997265892003,3.08133971291866,2,1999,3.73752563226247,5.73615857826384,7.73205741626794,9.73069036226931,11.7265892002734,13.7252221462748,15.7211209842789,17.7197539302802,19.7156527682843,21.717019822283,0,0,0,0,0,0,0,0,1,1,1,1,1,1,1,1,1,1
"85",3050919,2,1,1,1,2,2,2,2,2,2,6.00136892539357,0,0,0,0,"Gustav-Adolf-Straße",0,0,0,0,0,0,0,0,0,0,0,0,1,2018,0,0,0,0,0,0,0,0,1.07997265892003,3.08133971291866,0,0,0,0,0,0,0,0,0,0,0,0,0,0,0,0,0,1
"86",3050920,4,1,2,3,4,4,4,4,4,4,2.00136892539357,1.99863107460643,2.00136892539357,0,0,"Weißer See",0,0,0,0,0,0,0,0,0,0,0,0,1,2018,0,0,0,0,0,0,0,0,1.07997265892003,3.08133971291866,0,0,0,0,0,0,0,0,0,0,0,0,0,0,0,0,0,1
"87",3050923,2,1,2,2,2,2,2,2,2,2,2.00136892539357,0,0,0,0,"Weißenseer Spitze",1,2018,0,0,0,0,0,0,0,0,1.07997265892003,3.08133971291866,2,2018,0,0,0,0,0,0,0,0,1.07997265892003,3.08133971291866,0,0,0,0,0,0,0,0,1,0,0,0,0,0,0,0,0,1
"88",3050924,2,1,1,2,2,2,2,2,2,2,4,0,0,0,0,"Behaimstraße",0,0,0,0,0,0,0,0,0,0,0,0,1,2018,0,0,0,0,0,0,0,0,1.07997265892003,3.08133971291866,0,0,0,0,0,0,0,0,0,0,0,0,0,0,0,0,0,1
"89",3050925,1,1,1,1,1,1,1,1,1,1,0,0,0,0,0,"Komponistenviertel Weißensee",1,2018,0,0,0,0,0,0,0,0,1.07997265892003,3.08133971291866,2,2018,0,0,0,0,0,0,0,0,1.07997265892003,3.08133971291866,0,0,0,0,0,0,0,0,1,0,0,0,0,0,0,0,0,1
"90",3051017,1,1,1,1,1,1,1,1,1,1,0,0,0,0,0,"Rennbahnstraße",0,0,0,0,0,0,0,0,0,0,0,0,1,0,0,0,0,0,0,0,0,0,0,0,0,0,0,0,0,0,0,0,0,0,0,0,0,0,0,0,0,0
"91",3051021,1,1,1,1,1,1,1,1,1,1,0,0,0,0,0,"Buschallee",0,0,0,0,0,0,0,0,0,0,0,0,1,0,0,0,0,0,0,0,0,0,0,0,0,0,0,0,0,0,0,0,0,0,0,0,0,0,0,0,0,0
"92",3051022,2,1,1,2,2,2,2,2,2,2,4,0,0,0,0,"Hansastraße",0,0,0,0,0,0,0,0,0,0,0,0,1,0,0,0,0,0,0,0,0,0,0,0,0,0,0,0,0,0,0,0,0,0,0,0,0,0,0,0,0,0
"93",3061126,1,1,1,1,1,1,1,1,1,1,0,0,0,0,0,"Arnimplatz",1,1999,3.73752563226247,5.73615857826384,7.73205741626794,9.73069036226931,11.7265892002734,13.7252221462748,15.7211209842789,17.7197539302802,19.7156527682843,21.717019822283,2,1997,5.76623376623377,7.76486671223513,9.76076555023923,11.7593984962406,13.7552973342447,15.7539302802461,17.7498291182502,19.7484620642515,21.7443609022556,23.7457279562543,1,1,1,1,1,1,1,1,1,1,1,1,1,1,1,1,1,1
"94",3061131,1,0,1,1,1,1,1,1,1,1,0,0,0,0,0,"Falkplatz",1,1997,5.76623376623377,7.76486671223513,9.76076555023923,11.7593984962406,13.7552973342447,15.7539302802461,17.7498291182502,19.7484620642515,21.7443609022556,23.7457279562543,2,1997,5.76623376623377,7.76486671223513,9.76076555023923,11.7593984962406,13.7552973342447,15.7539302802461,17.7498291182502,19.7484620642515,21.7443609022556,23.7457279562543,1,1,1,1,1,1,1,1,1,1,1,1,1,1,1,1,1,1
"95",3061227,1,1,1,1,1,1,1,1,1,1,0,0,0,0,0,"Humannplatz",1,2001,2.14900888585099,4.14764183185236,6.14354066985646,8.14217361585783,10.1380724538619,12.1367053998633,14.1326042378674,16.1312371838688,18.1271360218729,20.1285030758715,2,1997,5.76623376623377,7.76486671223513,9.76076555023923,11.7593984962406,13.7552973342447,15.7539302802461,17.7498291182502,19.7484620642515,21.7443609022556,23.7457279562543,1,1,1,1,1,1,1,1,1,1,1,1,1,1,1,1,1,1
"96",3061228,2,1,1,2,2,2,2,2,2,2,4,0,0,0,0,"Erich-Weinert-Straße",1,2003,0,1.74436090225564,3.74025974025974,5.73889268626111,7.73479152426521,9.73342447026658,11.7293233082707,13.727956254272,15.7238550922761,17.7252221462748,2,2001,2.14900888585099,4.14764183185236,6.14354066985646,8.14217361585783,10.1380724538619,12.1367053998633,14.1326042378674,16.1312371838688,18.1271360218729,20.1285030758715,0,1,1,1,1,1,1,1,1,1,1,1,1,1,1,1,1,1
"97",3061332,1,0,0,0,0,0,0,1,1,1,0,0,0,0,0,"Helmholtzplatz",1,2014,0,0,0,0,0,0,0.497607655502392,2.49624060150376,4.49213943950786,6.49350649350649,2,1997,5.76623376623377,7.76486671223513,9.76076555023923,11.7593984962406,13.7552973342447,15.7539302802461,17.7498291182502,19.7484620642515,21.7443609022556,23.7457279562543,0,0,0,0,0,0,1,1,1,1,1,1,1,1,1,1,1,1
"98",3061429,5,1,2,3,4,4,4,4,5,5,2.00136892539357,1.99863107460643,2.00136892539357,8,3.00068446269678,"Greifswalder Straße",0,0,0,0,0,0,0,0,0,0,0,0,1,2003,0,1.74436090225564,3.74025974025974,5.73889268626111,7.73479152426521,9.73342447026658,11.7293233082707,13.727956254272,15.7238550922761,17.7252221462748,0,0,0,0,0,0,0,0,0,0,1,1,1,1,1,1,1,1
"99",3061430,2,1,1,1,1,1,1,1,2,2,14.0013689253936,0,0,0,0,"Volkspark Prenzlauer Berg",0,0,0,0,0,0,0,0,0,0,0,0,1,0,0,0,0,0,0,0,0,0,0,0,0,0,0,0,0,0,0,0,0,0,0,0,0,0,0,0,0,0
"100",3061434,1,0,0,0,0,1,1,1,1,1,0,0,0,0,0,"Anton-Saefkow-Park",0,0,0,0,0,0,0,0,0,0,0,0,1,2014,0,0,0,0,0,0,0.497607655502392,2.49624060150376,4.49213943950786,6.49350649350649,0,0,0,0,0,0,0,0,0,0,0,0,0,0,0,1,1,1
"101",3061435,1,1,1,1,1,1,1,1,1,1,0,0,0,0,0,"Conrad-Blenkle-Straße",0,0,0,0,0,0,0,0,0,0,0,0,1,0,0,0,0,0,0,0,0,0,0,0,0,0,0,0,0,0,0,0,0,0,0,0,0,0,0,0,0,0
"102",3061441,2,1,1,1,2,2,2,2,2,2,6.00136892539357,0,0,0,0,"Eldenaer Straße",0,0,0,0,0,0,0,0,0,0,0,0,1,2014,0,0,0,0,0,0,1.02255639097744,3.02118933697881,5.01708817498291,7.01845522898155,0,0,0,0,0,0,0,0,0,0,0,0,0,0,0,1,1,1
"103",3071536,0,0,0,0,0,0,0,0,0,0,0,0,0,0,0,"Teutoburger Platz",1,2014,0,0,0,0,0,0,0.497607655502392,2.49624060150376,4.49213943950786,6.49350649350649,2,2019,0,0,0,0,0,0,0,0,0,1.7634996582365,0,0,0,0,0,0,1,1,1,0,0,0,0,0,0,0,0,0
"104",3071537,0,0,0,0,0,0,0,0,0,0,0,0,0,0,0,"Kollwitzplatz",1,2014,0,0,0,0,0,0,0.497607655502392,2.49624060150376,4.49213943950786,6.49350649350649,2,2019,0,0,0,0,0,0,0,0,0,1.7634996582365,0,0,0,0,0,0,1,1,1,0,0,0,0,0,0,0,0,0
"105",3071633,0,0,0,0,0,0,0,0,0,0,0,0,0,0,0,"Thälmannpark",0,0,0,0,0,0,0,0,0,0,0,0,1,2003,0,1.74436090225564,3.74025974025974,5.73889268626111,7.73479152426521,9.73342447026658,11.7293233082707,13.727956254272,15.7238550922761,17.7252221462748,0,0,0,0,0,0,0,0,0,0,1,1,1,1,1,1,1,1
"106",3071638,0,0,0,0,0,0,0,0,0,0,0,0,0,0,0,"Winsstraße",1,2014,0,0,0,0,0,0,0.497607655502392,2.49624060150376,4.49213943950786,6.49350649350649,2,2014,0,0,0,0,0,0,0.497607655502392,2.49624060150376,4.49213943950786,6.49350649350649,0,0,0,0,0,0,1,1,1,0,0,0,0,0,0,1,1,1
"107",3071639,0,0,0,0,0,0,0,0,0,0,0,0,0,0,0,"Bötzowstraße",1,2014,0,0,0,0,0,0,0.497607655502392,2.49624060150376,4.49213943950786,6.49350649350649,2,2014,0,0,0,0,0,0,0.497607655502392,2.49624060150376,4.49213943950786,6.49350649350649,0,0,0,0,0,0,1,1,1,0,0,0,0,0,0,1,1,1
"108",4010101,2,1,1,2,2,2,2,2,2,2,4,0,0,0,0,"Jungfernheide",0,0,0,0,0,0,0,0,0,0,0,0,1,0,0,0,0,0,0,0,0,0,0,0,0,0,0,0,0,0,0,0,0,0,0,0,0,0,0,0,0,0
"109",4010102,5,1,1,1,1,2,3,4,4,5,8,2.00136892539357,1.99863107460643,4,1.00205338809035,"Plötzensee",0,0,0,0,0,0,0,0,0,0,0,0,1,0,0,0,0,0,0,0,0,0,0,0,0,0,0,0,0,0,0,0,0,0,0,0,0,0,0,0,0,0
"110",4010103,2,1,1,1,2,2,2,2,2,2,6.00136892539357,0,0,0,0,"Paul-Hertz-Siedlung",0,0,0,0,0,0,0,0,0,0,0,0,1,0,0,0,0,0,0,0,0,0,0,0,0,0,0,0,0,0,0,0,0,0,0,0,0,0,0,0,0,0
"111",4020204,1,0,1,1,1,1,1,1,1,1,0,0,0,0,0,"Olympiagelände",0,0,0,0,0,0,0,0,0,0,0,0,1,0,0,0,0,0,0,0,0,0,0,0,0,0,0,0,0,0,0,0,0,0,0,0,0,0,0,0,0,0
"112",4020205,3,0,1,1,2,2,3,3,3,3,4,4,0,0,0,"Siedlung Ruhleben",0,0,0,0,0,0,0,0,0,0,0,0,1,0,0,0,0,0,0,0,0,0,0,0,0,0,0,0,0,0,0,0,0,0,0,0,0,0,0,0,0,0
"113",4020206,2,0,0,1,1,1,2,2,2,2,6.00136892539357,0,0,0,0,"Angerburger Allee",0,0,0,0,0,0,0,0,0,0,0,0,1,0,0,0,0,0,0,0,0,0,0,0,0,0,0,0,0,0,0,0,0,0,0,0,0,0,0,0,0,0
"114",4020207,2,0,0,1,1,1,2,2,2,2,6.00136892539357,0,0,0,0,"Flatowallee",0,0,0,0,0,0,0,0,0,0,0,0,1,0,0,0,0,0,0,0,0,0,0,0,0,0,0,0,0,0,0,0,0,0,0,0,0,0,0,0,0,0
"115",4020208,2,0,0,1,1,1,2,2,2,2,6.00136892539357,0,0,0,0,"Kranzallee",0,0,0,0,0,0,0,0,0,0,0,0,1,0,0,0,0,0,0,0,0,0,0,0,0,0,0,0,0,0,0,0,0,0,0,0,0,0,0,0,0,0
"116",4020209,2,0,0,1,1,2,2,2,2,2,4,0,0,0,0,"Eichkamp",0,0,0,0,0,0,0,0,0,0,0,0,1,0,0,0,0,0,0,0,0,0,0,0,0,0,0,0,0,0,0,0,0,0,0,0,0,0,0,0,0,0
"117",4020310,5,1,2,3,3,3,4,4,5,5,2.00136892539357,1.99863107460643,6.00136892539357,4,3.00068446269678,"Park Ruhwald",0,0,0,0,0,0,0,0,0,0,0,0,1,2020,0,0,0,0,0,0,0,0,0,0.970608339029392,0,0,0,0,0,0,0,0,0,0,0,0,0,0,0,0,0,0
"118",4020311,2,0,0,0,0,1,1,2,2,2,4,0,0,0,0,"Reichsstraße",0,0,0,0,0,0,0,0,0,0,0,0,1,0,0,0,0,0,0,0,0,0,0,0,0,0,0,0,0,0,0,0,0,0,0,0,0,0,0,0,0,0
"119",4020312,2,1,1,2,2,2,2,2,2,2,4,0,0,0,0,"Branitzer Platz",0,0,0,0,0,0,0,0,0,0,0,0,1,0,0,0,0,0,0,0,0,0,0,0,0,0,0,0,0,0,0,0,0,0,0,0,0,0,0,0,0,0
"120",4020313,3,1,1,1,1,1,2,2,2,3,10.0013689253936,5.99863107460643,0,0,0,"Königin-Elisabeth-Straße",0,0,0,0,0,0,0,0,0,0,0,0,1,2020,0,0,0,0,0,0,0,0,0,0.970608339029392,0,0,0,0,0,0,0,0,0,0,0,0,0,0,0,0,0,0
"121",4020314,1,0,0,1,1,1,1,1,1,1,0,0,0,0,0,"Messegelände",0,0,0,0,0,0,0,0,0,0,0,0,1,0,0,0,0,0,0,0,0,0,0,0,0,0,0,0,0,0,0,0,0,0,0,0,0,0,0,0,0,0
"122",4030415,4,1,1,2,3,3,3,4,4,4,4,2.00136892539357,5.99863107460643,0,0,"Schloßgarten",0,0,0,0,0,0,0,0,0,0,0,0,1,2019,0,0,0,0,0,0,0,0,0.330827067669173,2.33219412166781,0,0,0,0,0,0,0,0,0,0,0,0,0,0,0,0,0,1
"123",4030416,1,1,1,1,1,1,1,1,1,1,0,0,0,0,0,"Klausenerplatz",1,2020,0,0,0,0,0,0,0,0,0,0.970608339029392,2,2020,0,0,0,0,0,0,0,0,0,0.970608339029392,0,0,0,0,0,0,0,0,0,0,0,0,0,0,0,0,0,0
"124",4030417,2,1,1,1,2,2,2,2,2,2,6.00136892539357,0,0,0,0,"Schloßstraße",0,0,0,0,0,0,0,0,0,0,0,0,1,2019,0,0,0,0,0,0,0,0,0.330827067669173,2.33219412166781,0,0,0,0,0,0,0,0,0,0,0,0,0,0,0,0,0,1
"125",4030518,1,1,1,1,1,1,1,1,1,1,0,0,0,0,0,"Tegeler Weg",1,2019,0,0,0,0,0,0,0,0,0.330827067669173,2.33219412166781,2,2019,0,0,0,0,0,0,0,0,0.330827067669173,2.33219412166781,0,0,0,0,0,0,0,0,1,0,0,0,0,0,0,0,0,1
"126",4030519,2,1,1,2,2,2,2,2,2,2,4,0,0,0,0,"Kaiserin-Augusta-Allee",0,0,0,0,0,0,0,0,0,0,0,0,1,2019,0,0,0,0,0,0,0,0,0.330827067669173,2.33219412166781,0,0,0,0,0,0,0,0,0,0,0,0,0,0,0,0,0,1
"127",4030620,3,1,1,2,2,2,2,3,3,3,4,8,0,0,0,"Alt-Lietzow",0,0,0,0,0,0,0,0,0,0,0,0,1,2019,0,0,0,0,0,0,0,0,0.330827067669173,2.33219412166781,0,0,0,0,0,0,0,0,0,0,0,0,0,0,0,0,0,1
"128",4030621,2,1,1,1,2,2,2,2,2,2,6.00136892539357,0,0,0,0,"Spreestadt",0,0,0,0,0,0,0,0,0,0,0,0,1,0,0,0,0,0,0,0,0,0,0,0,0,0,0,0,0,0,0,0,0,0,0,0,0,0,0,0,0,0
"129",4030622,3,1,1,2,3,3,3,3,3,3,4,2.00136892539357,0,0,0,"Richard-Wagner-Straße",1,2019,0,0,0,0,0,0,0,0,0.330827067669173,2.33219412166781,2,2019,0,0,0,0,0,0,0,0,0.330827067669173,2.33219412166781,0,0,0,0,0,0,0,0,1,0,0,0,0,0,0,0,0,1
"130",4030623,0,0,0,0,0,0,0,0,0,0,0,0,0,0,0,"Ernst-Reuter-Platz",0,0,0,0,0,0,0,0,0,0,0,0,1,0,0,0,0,0,0,0,0,0,0,0,0,0,0,0,0,0,0,0,0,0,0,0,0,0,0,0,0,0
"131",4030724,2,0,0,0,1,1,2,2,2,2,4,0,0,0,0,"Lietzensee",0,0,0,0,0,0,0,0,0,0,0,0,1,0,0,0,0,0,0,0,0,0,0,0,0,0,0,0,0,0,0,0,0,0,0,0,0,0,0,0,0,0
"132",4030725,2,0,1,1,1,1,2,2,2,2,8,0,0,0,0,"Amtsgerichtsplatz",0,0,0,0,0,0,0,0,0,0,0,0,1,2019,0,0,0,0,0,0,0,0,0.330827067669173,2.33219412166781,0,0,0,0,0,0,0,0,0,0,0,0,0,0,0,0,0,1
"133",4030726,2,0,1,1,1,1,1,1,1,2,13.9986310746064,0,0,0,0,"Droysenstraße",0,0,0,0,0,0,0,0,0,0,0,0,1,0,0,0,0,0,0,0,0,0,0,0,0,0,0,0,0,0,0,0,0,0,0,0,0,0,0,0,0,0
"134",4030827,2,1,1,1,2,2,2,2,2,2,6.00136892539357,0,0,0,0,"Karl-August-Platz",0,0,0,0,0,0,0,0,0,0,0,0,1,2019,0,0,0,0,0,0,0,0,0.330827067669173,2.33219412166781,0,0,0,0,0,0,0,0,0,0,0,0,0,0,0,0,0,1
"135",4030828,0,0,0,0,0,0,0,0,0,0,0,0,0,0,0,"Savignyplatz",0,0,0,0,0,0,0,0,0,0,0,0,1,0,0,0,0,0,0,0,0,0,0,0,0,0,0,0,0,0,0,0,0,0,0,0,0,0,0,0,0,0
"136",4030929,3,0,1,1,1,1,2,3,3,3,8,1.99863107460643,0,0,0,"Hindemithplatz",0,0,0,0,0,0,0,0,0,0,0,0,1,0,0,0,0,0,0,0,0,0,0,0,0,0,0,0,0,0,0,0,0,0,0,0,0,0,0,0,0,0
"137",4030930,4,0,1,2,3,3,3,4,4,4,1.99863107460643,2.00136892539357,5.99863107460643,0,0,"George-Grosz-Platz",0,0,0,0,0,0,0,0,0,0,0,0,1,0,0,0,0,0,0,0,0,0,0,0,0,0,0,0,0,0,0,0,0,0,0,0,0,0,0,0,0,0
"138",4030931,2,0,1,1,1,1,1,1,2,2,12,0,0,0,0,"Breitscheidplatz",0,0,0,0,0,0,0,0,0,0,0,0,1,0,0,0,0,0,0,0,0,0,0,0,0,0,0,0,0,0,0,0,0,0,0,0,0,0,0,0,0,0
"139",4031032,2,0,0,0,1,1,1,1,1,2,9.99863107460643,0,0,0,0,"Halensee",0,0,0,0,0,0,0,0,0,0,0,0,1,0,0,0,0,0,0,0,0,0,0,0,0,0,0,0,0,0,0,0,0,0,0,0,0,0,0,0,0,0
"140",4041133,1,0,0,0,1,1,1,1,1,1,0,0,0,0,0,"Güterbahnhof Grunewald",0,0,0,0,0,0,0,0,0,0,0,0,1,0,0,0,0,0,0,0,0,0,0,0,0,0,0,0,0,0,0,0,0,0,0,0,0,0,0,0,0,0
"141",4041134,3,0,1,1,2,2,2,3,3,3,4,5.99863107460643,0,0,0,"Bismarckallee",0,0,0,0,0,0,0,0,0,0,0,0,1,0,0,0,0,0,0,0,0,0,0,0,0,0,0,0,0,0,0,0,0,0,0,0,0,0,0,0,0,0
"142",4041135,4,0,1,2,2,3,3,4,4,4,1.99863107460643,4,4,0,0,"Hundekehle",0,0,0,0,0,0,0,0,0,0,0,0,1,0,0,0,0,0,0,0,0,0,0,0,0,0,0,0,0,0,0,0,0,0,0,0,0,0,0,0,0,0
"143",4041136,2,0,1,1,2,2,2,2,2,2,4,0,0,0,0,"Hagenplatz",0,0,0,0,0,0,0,0,0,0,0,0,1,0,0,0,0,0,0,0,0,0,0,0,0,0,0,0,0,0,0,0,0,0,0,0,0,0,0,0,0,0
"144",4041137,2,0,0,0,0,1,1,1,1,2,8,0,0,0,0,"Flinsberger Platz",0,0,0,0,0,0,0,0,0,0,0,0,1,0,0,0,0,0,0,0,0,0,0,0,0,0,0,0,0,0,0,0,0,0,0,0,0,0,0,0,0,0
"145",4041238,4,0,0,1,1,1,2,3,4,4,6.00136892539357,1.99863107460643,2.00136892539357,0,0,"Kissinger Straße",0,0,0,0,0,0,0,0,0,0,0,0,1,0,0,0,0,0,0,0,0,0,0,0,0,0,0,0,0,0,0,0,0,0,0,0,0,0,0,0,0,0
"146",4041239,2,1,1,1,2,2,2,2,2,2,6.00136892539357,0,0,0,0,"Stadion Wilmersdorf",0,0,0,0,0,0,0,0,0,0,0,0,1,0,0,0,0,0,0,0,0,0,0,0,0,0,0,0,0,0,0,0,0,0,0,0,0,0,0,0,0,0
"147",4041240,5,0,1,2,3,4,4,5,5,5,1.99863107460643,2.00136892539357,1.99863107460643,4,5.00205338809035,"Messelpark",0,0,0,0,0,0,0,0,0,0,0,0,1,0,0,0,0,0,0,0,0,0,0,0,0,0,0,0,0,0,0,0,0,0,0,0,0,0,0,0,0,0
"148",4041241,2,0,0,1,1,1,1,2,2,2,8,0,0,0,0,"Breite Straße",0,0,0,0,0,0,0,0,0,0,0,0,1,0,0,0,0,0,0,0,0,0,0,0,0,0,0,0,0,0,0,0,0,0,0,0,0,0,0,0,0,0
"149",4041342,5,1,2,3,4,4,4,5,5,5,2.00136892539357,1.99863107460643,2.00136892539357,5.99863107460643,5.00205338809035,"Schlangenbader Straße",0,0,0,0,0,0,0,0,0,0,0,0,1,0,0,0,0,0,0,0,0,0,0,0,0,0,0,0,0,0,0,0,0,0,0,0,0,0,0,0,0,0
"150",4041343,3,1,2,3,3,3,3,3,3,3,2.00136892539357,1.99863107460643,0,0,0,"Binger Straße",0,0,0,0,0,0,0,0,0,0,0,0,1,0,0,0,0,0,0,0,0,0,0,0,0,0,0,0,0,0,0,0,0,0,0,0,0,0,0,0,0,0
"151",4041344,2,1,1,1,2,2,2,2,2,2,6.00136892539357,0,0,0,0,"Rüdesheimer Platz",0,0,0,0,0,0,0,0,0,0,0,0,1,0,0,0,0,0,0,0,0,0,0,0,0,0,0,0,0,0,0,0,0,0,0,0,0,0,0,0,0,0
"152",4051445,2,1,1,1,1,1,2,2,2,2,10.0013689253936,0,0,0,0,"Eisenzahnstraße",0,0,0,0,0,0,0,0,0,0,0,0,1,0,0,0,0,0,0,0,0,0,0,0,0,0,0,0,0,0,0,0,0,0,0,0,0,0,0,0,0,0
"153",4051446,2,0,1,1,2,2,2,2,2,2,4,0,0,0,0,"Preußenpark",0,0,0,0,0,0,0,0,0,0,0,0,1,0,0,0,0,0,0,0,0,0,0,0,0,0,0,0,0,0,0,0,0,0,0,0,0,0,0,0,0,0
"154",4051447,2,0,1,1,2,2,2,2,2,2,4,0,0,0,0,"Ludwigkirchplatz",0,0,0,0,0,0,0,0,0,0,0,0,1,0,0,0,0,0,0,0,0,0,0,0,0,0,0,0,0,0,0,0,0,0,0,0,0,0,0,0,0,0
"155",4051448,0,0,0,0,0,0,0,0,0,0,0,0,0,0,0,"Schaperstraße",0,0,0,0,0,0,0,0,0,0,0,0,1,0,0,0,0,0,0,0,0,0,0,0,0,0,0,0,0,0,0,0,0,0,0,0,0,0,0,0,0,0
"156",4051549,5,1,1,2,2,3,3,4,4,5,4,4,4,4,1.00205338809035,"Rathaus Wilmersdorf",0,0,0,0,0,0,0,0,0,0,0,0,1,0,0,0,0,0,0,0,0,0,0,0,0,0,0,0,0,0,0,0,0,0,0,0,0,0,0,0,0,0
"157",4051550,0,0,0,0,0,0,0,0,0,0,0,0,0,0,0,"Leon-Jessel-Platz",0,0,0,0,0,0,0,0,0,0,0,0,1,0,0,0,0,0,0,0,0,0,0,0,0,0,0,0,0,0,0,0,0,0,0,0,0,0,0,0,0,0
"158",4051551,3,1,2,3,3,3,3,3,3,3,2.00136892539357,1.99863107460643,0,0,0,"Brabanter Platz",0,0,0,0,0,0,0,0,0,0,0,0,1,0,0,0,0,0,0,0,0,0,0,0,0,0,0,0,0,0,0,0,0,0,0,0,0,0,0,0,0,0
"159",4051652,2,1,1,1,2,2,2,2,2,2,6.00136892539357,0,0,0,0,"Nikolsburger Platz",0,0,0,0,0,0,0,0,0,0,0,0,1,0,0,0,0,0,0,0,0,0,0,0,0,0,0,0,0,0,0,0,0,0,0,0,0,0,0,0,0,0
"160",4051653,2,1,1,1,1,1,1,2,2,2,12,0,0,0,0,"Prager Platz",0,0,0,0,0,0,0,0,0,0,0,0,1,0,0,0,0,0,0,0,0,0,0,0,0,0,0,0,0,0,0,0,0,0,0,0,0,0,0,0,0,0
"161",4051654,3,1,1,1,2,2,2,3,3,3,6.00136892539357,5.99863107460643,0,0,0,"Wilhelmsaue",0,0,0,0,0,0,0,0,0,0,0,0,1,0,0,0,0,0,0,0,0,0,0,0,0,0,0,0,0,0,0,0,0,0,0,0,0,0,0,0,0,0
"162",4051655,2,1,1,1,2,2,2,2,2,2,6.00136892539357,0,0,0,0,"Babelsberger Straße",0,0,0,0,0,0,0,0,0,0,0,0,1,0,0,0,0,0,0,0,0,0,0,0,0,0,0,0,0,0,0,0,0,0,0,0,0,0,0,0,0,0
"163",4051656,2,1,1,1,1,1,1,2,2,2,12,0,0,0,0,"Hildegardstraße",0,0,0,0,0,0,0,0,0,0,0,0,1,0,0,0,0,0,0,0,0,0,0,0,0,0,0,0,0,0,0,0,0,0,0,0,0,0,0,0,0,0
"164",4061757,1,0,0,1,1,1,1,1,1,1,0,0,0,0,0,"Forst Grunewald",0,0,0,0,0,0,0,0,0,0,0,0,1,0,0,0,0,0,0,0,0,0,0,0,0,0,0,0,0,0,0,0,0,0,0,0,0,0,0,0,0,0
"165",5010101,4,0,1,2,3,3,3,3,4,4,1.99863107460643,2.00136892539357,8,0,0,"Hakenfelde Nord",0,0,0,0,0,0,0,0,0,0,0,0,1,0,0,0,0,0,0,0,0,0,0,0,0,0,0,0,0,0,0,0,0,0,0,0,0,0,0,0,0,0
"166",5010102,2,1,1,1,1,1,2,2,2,2,10.0013689253936,0,0,0,0,"Goltzstraße",0,0,0,0,0,0,0,0,0,0,0,0,1,0,0,0,0,0,0,0,0,0,0,0,0,0,0,0,0,0,0,0,0,0,0,0,0,0,0,0,0,0
"167",5010103,2,1,1,1,1,2,2,2,2,2,8,0,0,0,0,"Amorbacher Weg",0,0,0,0,0,0,0,0,0,0,0,0,1,0,0,0,0,0,0,0,0,0,0,0,0,0,0,0,0,0,0,0,0,0,0,0,0,0,0,0,0,0
"168",5010204,2,0,0,1,1,2,2,2,2,2,4,0,0,0,0,"Griesingerstraße",0,0,0,0,0,0,0,0,0,0,0,0,1,0,0,0,0,0,0,0,0,0,0,0,0,0,0,0,0,0,0,0,0,0,0,0,0,0,0,0,0,0
"169",5010205,1,0,0,1,1,1,1,1,1,1,0,0,0,0,0,"An der Tränke",0,0,0,0,0,0,0,0,0,0,0,0,1,0,0,0,0,0,0,0,0,0,0,0,0,0,0,0,0,0,0,0,0,0,0,0,0,0,0,0,0,0
"170",5010206,2,0,1,1,2,2,2,2,2,2,4,0,0,0,0,"Gütersloher Weg",0,0,0,0,0,0,0,0,0,0,0,0,1,0,0,0,0,0,0,0,0,0,0,0,0,0,0,0,0,0,0,0,0,0,0,0,0,0,0,0,0,0
"171",5010207,1,1,1,1,1,1,1,1,1,1,0,0,0,0,0,"Darbystraße",0,0,0,0,0,0,0,0,0,0,0,0,1,0,0,0,0,0,0,0,0,0,0,0,0,0,0,0,0,0,0,0,0,0,0,0,0,0,0,0,0,0
"172",5010208,2,1,1,1,1,1,2,2,2,2,10.0013689253936,0,0,0,0,"Germersheimer Platz",0,0,0,0,0,0,0,0,0,0,0,0,1,0,0,0,0,0,0,0,0,0,0,0,0,0,0,0,0,0,0,0,0,0,0,0,0,0,0,0,0,0
"173",5010209,2,1,1,1,1,1,1,2,2,2,12,0,0,0,0,"An der Kappe",0,0,0,0,0,0,0,0,0,0,0,0,1,0,0,0,0,0,0,0,0,0,0,0,0,0,0,0,0,0,0,0,0,0,0,0,0,0,0,0,0,0
"174",5010310,1,1,1,1,1,1,1,1,1,1,0,0,0,0,0,"Eckschanze",0,0,0,0,0,0,0,0,0,0,0,0,1,2021,0,0,0,0,0,0,0,0,0,0.494873547505126,0,0,0,0,0,0,0,0,0,0,0,0,0,0,0,0,0,0
"175",5010311,1,1,1,1,1,1,1,1,1,1,0,0,0,0,0,"Eiswerder",0,0,0,0,0,0,0,0,0,0,0,0,1,2021,0,0,0,0,0,0,0,0,0,0.494873547505126,0,0,0,0,0,0,0,0,0,0,0,0,0,0,0,0,0,0
"176",5010312,4,1,1,1,2,3,4,4,4,4,6.00136892539357,1.99863107460643,2.00136892539357,0,0,"Kurstraße",0,0,0,0,0,0,0,0,0,0,0,0,1,2021,0,0,0,0,0,0,0,0,0,0.494873547505126,0,0,0,0,0,0,0,0,0,0,0,0,0,0,0,0,0,0
"177",5010313,4,1,1,1,2,3,3,4,4,4,6.00136892539357,1.99863107460643,4,0,0,"Ackerstraße",1,2021,0,0,0,0,0,0,0,0,0,0.494873547505126,2,2021,0,0,0,0,0,0,0,0,0,0.494873547505126,0,0,0,0,0,0,0,0,0,0,0,0,0,0,0,0,0,0
"178",5010314,3,1,1,1,1,1,2,3,3,3,10.0013689253936,1.99863107460643,0,0,0,"Carl-Schurz-Straße",0,0,0,0,0,0,0,0,0,0,0,0,1,2021,0,0,0,0,0,0,0,0,0,0.494873547505126,0,0,0,0,0,0,0,0,0,0,0,0,0,0,0,0,0,0
"179",5010339,2,1,1,1,1,1,1,1,2,2,14.0013689253936,0,0,0,0,"Freiheit",0,0,0,0,0,0,0,0,0,0,0,0,1,0,0,0,0,0,0,0,0,0,0,0,0,0,0,0,0,0,0,0,0,0,0,0,0,0,0,0,0,0
"180",5020415,3,0,0,1,2,2,2,2,2,3,2.00136892539357,9.99863107460643,0,0,0,"Isenburger Weg",0,0,0,0,0,0,0,0,0,0,0,0,1,0,0,0,0,0,0,0,0,0,0,0,0,0,0,0,0,0,0,0,0,0,0,0,0,0,0,0,0,0
"181",5020416,3,0,1,1,1,1,1,2,2,3,9.99863107460643,4,0,0,0,"Am Heideberg",0,0,0,0,0,0,0,0,0,0,0,0,1,0,0,0,0,0,0,0,0,0,0,0,0,0,0,0,0,0,0,0,0,0,0,0,0,0,0,0,0,0
"182",5020417,1,1,1,1,1,1,1,1,1,1,0,0,0,0,0,"Staakener Straße",0,0,0,0,0,0,0,0,0,0,0,0,1,0,0,0,0,0,0,0,0,0,0,0,0,0,0,0,0,0,0,0,0,0,0,0,0,0,0,0,0,0
"183",5020418,2,0,1,1,1,1,1,1,1,2,13.9986310746064,0,0,0,0,"Spandauer Straße",0,0,0,0,0,0,0,0,0,0,0,0,1,0,0,0,0,0,0,0,0,0,0,0,0,0,0,0,0,0,0,0,0,0,0,0,0,0,0,0,0,0
"184",5020419,2,1,1,2,2,2,2,2,2,2,4,0,0,0,0,"Magistratsweg",0,0,0,0,0,0,0,0,0,0,0,0,1,0,0,0,0,0,0,0,0,0,0,0,0,0,0,0,0,0,0,0,0,0,0,0,0,0,0,0,0,0
"185",5020420,1,0,0,1,1,1,1,1,1,1,0,0,0,0,0,"Werkstraße",0,0,0,0,0,0,0,0,0,0,0,0,1,0,0,0,0,0,0,0,0,0,0,0,0,0,0,0,0,0,0,0,0,0,0,0,0,0,0,0,0,0
"186",5020521,1,0,0,1,1,1,1,1,1,1,0,0,0,0,0,"Döberitzer Weg",0,0,0,0,0,0,0,0,0,0,0,0,1,0,0,0,0,0,0,0,0,0,0,0,0,0,0,0,0,0,0,0,0,0,0,0,0,0,0,0,0,0
"187",5020522,2,0,1,1,1,1,1,2,2,2,9.99863107460643,0,0,0,0,"Pillnitzer Weg",0,0,0,0,0,0,0,0,0,0,0,0,1,0,0,0,0,0,0,0,0,0,0,0,0,0,0,0,0,0,0,0,0,0,0,0,0,0,0,0,0,0
"188",5020523,2,1,1,1,2,2,2,2,2,2,6.00136892539357,0,0,0,0,"Maulbeerallee",0,0,0,0,0,0,0,0,0,0,0,0,1,0,0,0,0,0,0,0,0,0,0,0,0,0,0,0,0,0,0,0,0,0,0,0,0,0,0,0,0,0
"189",5020524,4,0,1,2,3,3,3,3,4,4,1.99863107460643,2.00136892539357,8,0,0,"Weinmeisterhornweg",0,0,0,0,0,0,0,0,0,0,0,0,1,0,0,0,0,0,0,0,0,0,0,0,0,0,0,0,0,0,0,0,0,0,0,0,0,0,0,0,0,0
"190",5020625,2,1,1,1,1,1,1,2,2,2,12,0,0,0,0,"Borkumer Straße",0,0,0,0,0,0,0,0,0,0,0,0,1,2021,0,0,0,0,0,0,0,0,0,0.494873547505126,0,0,0,0,0,0,0,0,0,0,0,0,0,0,0,0,0,0
"191",5020626,2,1,1,1,1,2,2,2,2,2,8,0,0,0,0,"Adamstraße",1,2021,0,0,0,0,0,0,0,0,0,0.494873547505126,2,2021,0,0,0,0,0,0,0,0,0,0.494873547505126,0,0,0,0,0,0,0,0,0,0,0,0,0,0,0,0,0,0
"192",5020627,5,1,1,2,3,4,5,5,5,5,4,2.00136892539357,1.99863107460643,2.00136892539357,7.00068446269678,"Tiefwerder",0,0,0,0,0,0,0,0,0,0,0,0,1,2021,0,0,0,0,0,0,0,0,0,0.494873547505126,0,0,0,0,0,0,0,0,0,0,0,0,0,0,0,0,0,0
"193",5020628,4,1,1,1,1,1,2,3,3,4,10.0013689253936,1.99863107460643,4,0,0,"Graetschelsteig",0,0,0,0,0,0,0,0,0,0,0,0,1,0,0,0,0,0,0,0,0,0,0,0,0,0,0,0,0,0,0,0,0,0,0,0,0,0,0,0,0,0
"194",5020629,2,0,0,1,2,2,2,2,2,2,2.00136892539357,0,0,0,0,"Börnicker Straße",0,0,0,0,0,0,0,0,0,0,0,0,1,0,0,0,0,0,0,0,0,0,0,0,0,0,0,0,0,0,0,0,0,0,0,0,0,0,0,0,0,0
"195",5030730,2,1,1,2,2,2,2,2,2,2,4,0,0,0,0,"Zitadellenweg",0,0,0,0,0,0,0,0,0,0,0,0,1,0,0,0,0,0,0,0,0,0,0,0,0,0,0,0,0,0,0,0,0,0,0,0,0,0,0,0,0,0
"196",5030731,2,1,1,1,1,1,2,2,2,2,10.0013689253936,0,0,0,0,"Gartenfelder Straße",0,0,0,0,0,0,0,0,0,0,0,0,1,0,0,0,0,0,0,0,0,0,0,0,0,0,0,0,0,0,0,0,0,0,0,0,0,0,0,0,0,0
"197",5030832,2,1,1,1,1,1,1,1,2,2,14.0013689253936,0,0,0,0,"Rohrdamm",0,0,0,0,0,0,0,0,0,0,0,0,1,0,0,0,0,0,0,0,0,0,0,0,0,0,0,0,0,0,0,0,0,0,0,0,0,0,0,0,0,0
"198",5030833,2,1,1,1,1,1,1,2,2,2,12,0,0,0,0,"Motardstraße",0,0,0,0,0,0,0,0,0,0,0,0,1,0,0,0,0,0,0,0,0,0,0,0,0,0,0,0,0,0,0,0,0,0,0,0,0,0,0,0,0,0
"199",5040934,5,0,1,2,3,3,3,4,4,5,1.99863107460643,2.00136892539357,5.99863107460643,4,1.00205338809035,"Alt-Gatow",0,0,0,0,0,0,0,0,0,0,0,0,1,0,0,0,0,0,0,0,0,0,0,0,0,0,0,0,0,0,0,0,0,0,0,0,0,0,0,0,0,0
"200",5040935,1,0,1,1,1,1,1,1,1,1,0,0,0,0,0,"Groß-Glienicker Weg",0,0,0,0,0,0,0,0,0,0,0,0,1,0,0,0,0,0,0,0,0,0,0,0,0,0,0,0,0,0,0,0,0,0,0,0,0,0,0,0,0,0
"201",5040936,2,0,1,1,1,1,1,2,2,2,9.99863107460643,0,0,0,0,"Jägerallee",0,0,0,0,0,0,0,0,0,0,0,0,1,0,0,0,0,0,0,0,0,0,0,0,0,0,0,0,0,0,0,0,0,0,0,0,0,0,0,0,0,0
"202",5040937,2,0,0,1,1,1,1,1,1,2,12,0,0,0,0,"Kladower Damm",0,0,0,0,0,0,0,0,0,0,0,0,1,0,0,0,0,0,0,0,0,0,0,0,0,0,0,0,0,0,0,0,0,0,0,0,0,0,0,0,0,0
"203",5040938,2,0,1,1,1,1,1,2,2,2,9.99863107460643,0,0,0,0,"Kafkastraße",0,0,0,0,0,0,0,0,0,0,0,0,1,0,0,0,0,0,0,0,0,0,0,0,0,0,0,0,0,0,0,0,0,0,0,0,0,0,0,0,0,0
"204",6010101,2,0,1,1,1,1,1,1,1,2,13.9986310746064,0,0,0,0,"Fichtenberg",0,0,0,0,0,0,0,0,0,0,0,0,1,0,0,0,0,0,0,0,0,0,0,0,0,0,0,0,0,0,0,0,0,0,0,0,0,0,0,0,0,0
"205",6010102,2,1,1,1,2,2,2,2,2,2,6.00136892539357,0,0,0,0,"0",0,0,0,0,0,0,0,0,0,0,0,0,0,0,0,0,0,0,0,0,0,0,0,0,0,0,0,0,0,0,0,0,0,0,0,0,0,0,0,0,0,0
"206",6010103,2,1,1,2,2,2,2,2,2,2,4,0,0,0,0,"Markelstraße",0,0,0,0,0,0,0,0,0,0,0,0,1,0,0,0,0,0,0,0,0,0,0,0,0,0,0,0,0,0,0,0,0,0,0,0,0,0,0,0,0,0
"207",6010204,4,1,2,3,4,4,4,4,4,4,2.00136892539357,1.99863107460643,2.00136892539357,0,0,"Munsterdamm",0,0,0,0,0,0,0,0,0,0,0,0,1,0,0,0,0,0,0,0,0,0,0,0,0,0,0,0,0,0,0,0,0,0,0,0,0,0,0,0,0,0
"208",6010205,3,1,1,1,2,2,2,3,3,3,6.00136892539357,5.99863107460643,0,0,0,"Südende",0,0,0,0,0,0,0,0,0,0,0,0,1,0,0,0,0,0,0,0,0,0,0,0,0,0,0,0,0,0,0,0,0,0,0,0,0,0,0,0,0,0
"209",6010206,2,1,1,1,1,1,2,2,2,2,10.0013689253936,0,0,0,0,"Stadtpark",0,0,0,0,0,0,0,0,0,0,0,0,1,0,0,0,0,0,0,0,0,0,0,0,0,0,0,0,0,0,0,0,0,0,0,0,0,0,0,0,0,0
"210",6010207,4,1,2,3,3,4,4,4,4,4,2.00136892539357,1.99863107460643,4,0,0,"Mittelstraße",0,0,0,0,0,0,0,0,0,0,0,0,1,0,0,0,0,0,0,0,0,0,0,0,0,0,0,0,0,0,0,0,0,0,0,0,0,0,0,0,0,0
"211",6010208,4,1,2,3,3,4,4,4,4,4,2.00136892539357,1.99863107460643,4,0,0,"Bergstraße",0,0,0,0,0,0,0,0,0,0,0,0,1,0,0,0,0,0,0,0,0,0,0,0,0,0,0,0,0,0,0,0,0,0,0,0,0,0,0,0,0,0
"212",6010209,2,1,1,2,2,2,2,2,2,2,4,0,0,0,0,"Feuerbachstraße",0,0,0,0,0,0,0,0,0,0,0,0,1,2019,0,0,0,0,0,0,0,0,0.218728639781271,2.2200956937799,0,0,0,0,0,0,0,0,0,0,0,0,0,0,0,0,0,1
"213",6010210,2,1,1,1,1,1,1,2,2,2,12,0,0,0,0,"Bismarckstraße",0,0,0,0,0,0,0,0,0,0,0,0,1,2019,0,0,0,0,0,0,0,0,0.218728639781271,2.2200956937799,0,0,0,0,0,0,0,0,0,0,0,0,0,0,0,0,0,1
"214",6020301,4,1,1,1,2,3,3,3,4,4,6.00136892539357,1.99863107460643,6.00136892539357,0,0,"Alt-Lankwitz",0,0,0,0,0,0,0,0,0,0,0,0,1,0,0,0,0,0,0,0,0,0,0,0,0,0,0,0,0,0,0,0,0,0,0,0,0,0,0,0,0,0
"215",6020302,4,1,1,2,2,3,3,3,4,4,4,4,6.00136892539357,0,0,"Komponistenviertel Lankwitz",0,0,0,0,0,0,0,0,0,0,0,0,1,0,0,0,0,0,0,0,0,0,0,0,0,0,0,0,0,0,0,0,0,0,0,0,0,0,0,0,0,0
"216",6020303,2,1,1,1,2,2,2,2,2,2,6.00136892539357,0,0,0,0,"Lankwitz Kirche",0,0,0,0,0,0,0,0,0,0,0,0,1,0,0,0,0,0,0,0,0,0,0,0,0,0,0,0,0,0,0,0,0,0,0,0,0,0,0,0,0,0
"217",6020304,2,1,1,2,2,2,2,2,2,2,4,0,0,0,0,"Kaiser-Wilhelm-Straße",0,0,0,0,0,0,0,0,0,0,0,0,1,0,0,0,0,0,0,0,0,0,0,0,0,0,0,0,0,0,0,0,0,0,0,0,0,0,0,0,0,0
"218",6020305,2,1,2,2,2,2,2,2,2,2,2.00136892539357,0,0,0,0,"Gemeindepark Lankwitz",0,0,0,0,0,0,0,0,0,0,0,0,1,0,0,0,0,0,0,0,0,0,0,0,0,0,0,0,0,0,0,0,0,0,0,0,0,0,0,0,0,0
"219",6020306,3,1,2,3,3,3,3,3,3,3,2.00136892539357,1.99863107460643,0,0,0,"Lankwitz Süd",0,0,0,0,0,0,0,0,0,0,0,0,1,0,0,0,0,0,0,0,0,0,0,0,0,0,0,0,0,0,0,0,0,0,0,0,0,0,0,0,0,0
"220",6020407,5,1,1,2,2,3,4,4,5,5,4,4,2.00136892539357,4,3.00068446269678,"Thermometersiedlung",0,0,0,0,0,0,0,0,0,0,0,0,1,0,0,0,0,0,0,0,0,0,0,0,0,0,0,0,0,0,0,0,0,0,0,0,0,0,0,0,0,0
"221",6020408,2,1,1,1,1,1,2,2,2,2,10.0013689253936,0,0,0,0,"Lichterfelde Süd",0,0,0,0,0,0,0,0,0,0,0,0,1,0,0,0,0,0,0,0,0,0,0,0,0,0,0,0,0,0,0,0,0,0,0,0,0,0,0,0,0,0
"222",6020409,2,1,2,2,2,2,2,2,2,2,2.00136892539357,0,0,0,0,"Königsberger Straße",0,0,0,0,0,0,0,0,0,0,0,0,1,0,0,0,0,0,0,0,0,0,0,0,0,0,0,0,0,0,0,0,0,0,0,0,0,0,0,0,0,0
"223",6020410,1,1,1,1,1,1,1,1,1,1,0,0,0,0,0,"Oberhofer Platz",0,0,0,0,0,0,0,0,0,0,0,0,1,0,0,0,0,0,0,0,0,0,0,0,0,0,0,0,0,0,0,0,0,0,0,0,0,0,0,0,0,0
"224",6020411,1,0,1,1,1,1,1,1,1,1,0,0,0,0,0,"Schütte-Lanz-Straße",0,0,0,0,0,0,0,0,0,0,0,0,1,0,0,0,0,0,0,0,0,0,0,0,0,0,0,0,0,0,0,0,0,0,0,0,0,0,0,0,0,0
"225",6030501,1,0,0,0,1,1,1,1,1,1,0,0,0,0,0,"Berlepschstraße",0,0,0,0,0,0,0,0,0,0,0,0,1,0,0,0,0,0,0,0,0,0,0,0,0,0,0,0,0,0,0,0,0,0,0,0,0,0,0,0,0,0
"226",6030502,2,0,1,1,1,1,1,2,2,2,9.99863107460643,0,0,0,0,"Zehlendorf Süd",0,0,0,0,0,0,0,0,0,0,0,0,1,0,0,0,0,0,0,0,0,0,0,0,0,0,0,0,0,0,0,0,0,0,0,0,0,0,0,0,0,0
"227",6030503,1,0,0,0,1,1,1,1,1,1,0,0,0,0,0,"Zehlendorf Mitte",0,0,0,0,0,0,0,0,0,0,0,0,1,0,0,0,0,0,0,0,0,0,0,0,0,0,0,0,0,0,0,0,0,0,0,0,0,0,0,0,0,0
"228",6030504,2,0,1,2,2,2,2,2,2,2,1.99863107460643,0,0,0,0,"Teltower Damm",0,0,0,0,0,0,0,0,0,0,0,0,1,0,0,0,0,0,0,0,0,0,0,0,0,0,0,0,0,0,0,0,0,0,0,0,0,0,0,0,0,0
"229",6030605,1,0,1,1,1,1,1,1,1,1,0,0,0,0,0,"Botanischer Garten",0,0,0,0,0,0,0,0,0,0,0,0,1,0,0,0,0,0,0,0,0,0,0,0,0,0,0,0,0,0,0,0,0,0,0,0,0,0,0,0,0,0
"230",6030606,2,1,1,2,2,2,2,2,2,2,4,0,0,0,0,"Hindenburgdamm",0,0,0,0,0,0,0,0,0,0,0,0,1,0,0,0,0,0,0,0,0,0,0,0,0,0,0,0,0,0,0,0,0,0,0,0,0,0,0,0,0,0
"231",6030607,2,0,0,1,2,2,2,2,2,2,2.00136892539357,0,0,0,0,"Goerzwerke",0,0,0,0,0,0,0,0,0,0,0,0,1,0,0,0,0,0,0,0,0,0,0,0,0,0,0,0,0,0,0,0,0,0,0,0,0,0,0,0,0,0
"232",6030608,2,0,1,1,2,2,2,2,2,2,4,0,0,0,0,"Schweizer Viertel",0,0,0,0,0,0,0,0,0,0,0,0,1,0,0,0,0,0,0,0,0,0,0,0,0,0,0,0,0,0,0,0,0,0,0,0,0,0,0,0,0,0
"233",6030609,2,0,1,1,1,1,1,2,2,2,9.99863107460643,0,0,0,0,"Augustaplatz",0,0,0,0,0,0,0,0,0,0,0,0,1,0,0,0,0,0,0,0,0,0,0,0,0,0,0,0,0,0,0,0,0,0,0,0,0,0,0,0,0,0
"234",6030610,3,0,1,1,2,3,3,3,3,3,4,1.99863107460643,0,0,0,"Lichterfelde West",0,0,0,0,0,0,0,0,0,0,0,0,1,0,0,0,0,0,0,0,0,0,0,0,0,0,0,0,0,0,0,0,0,0,0,0,0,0,0,0,0,0
"235",6040701,2,0,0,1,1,1,1,2,2,2,8,0,0,0,0,"Wannsee",0,0,0,0,0,0,0,0,0,0,0,0,1,0,0,0,0,0,0,0,0,0,0,0,0,0,0,0,0,0,0,0,0,0,0,0,0,0,0,0,0,0
"236",6040702,2,0,1,1,1,1,1,1,1,2,13.9986310746064,0,0,0,0,"Düppel",0,0,0,0,0,0,0,0,0,0,0,0,1,0,0,0,0,0,0,0,0,0,0,0,0,0,0,0,0,0,0,0,0,0,0,0,0,0,0,0,0,0
"237",6040703,3,0,0,1,2,2,2,3,3,3,2.00136892539357,5.99863107460643,0,0,0,"Nikolassee",0,0,0,0,0,0,0,0,0,0,0,0,1,0,0,0,0,0,0,0,0,0,0,0,0,0,0,0,0,0,0,0,0,0,0,0,0,0,0,0,0,0
"238",6040804,1,0,0,0,0,0,1,1,1,1,0,0,0,0,0,"Krumme Lanke",0,0,0,0,0,0,0,0,0,0,0,0,1,0,0,0,0,0,0,0,0,0,0,0,0,0,0,0,0,0,0,0,0,0,0,0,0,0,0,0,0,0
"239",6040805,1,0,0,0,1,1,1,1,1,1,0,0,0,0,0,"Fischerhüttenstraße",0,0,0,0,0,0,0,0,0,0,0,0,1,0,0,0,0,0,0,0,0,0,0,0,0,0,0,0,0,0,0,0,0,0,0,0,0,0,0,0,0,0
"240",6040806,2,0,0,0,1,1,1,2,2,2,5.99863107460643,0,0,0,0,"Fischtal",0,0,0,0,0,0,0,0,0,0,0,0,1,0,0,0,0,0,0,0,0,0,0,0,0,0,0,0,0,0,0,0,0,0,0,0,0,0,0,0,0,0
"241",6040807,1,0,0,0,1,1,1,1,1,1,0,0,0,0,0,"Zehlendorf Eiche",0,0,0,0,0,0,0,0,0,0,0,0,1,0,0,0,0,0,0,0,0,0,0,0,0,0,0,0,0,0,0,0,0,0,0,0,0,0,0,0,0,0
"242",6040808,1,0,1,1,1,1,1,1,1,1,0,0,0,0,0,"Hüttenweg",0,0,0,0,0,0,0,0,0,0,0,0,1,0,0,0,0,0,0,0,0,0,0,0,0,0,0,0,0,0,0,0,0,0,0,0,0,0,0,0,0,0
"243",6040809,3,0,0,1,1,1,1,2,2,3,8,4,0,0,0,"Thielallee",0,0,0,0,0,0,0,0,0,0,0,0,1,0,0,0,0,0,0,0,0,0,0,0,0,0,0,0,0,0,0,0,0,0,0,0,0,0,0,0,0,0
"244",6040810,4,0,0,1,1,2,2,3,4,4,4,4,2.00136892539357,0,0,"Dahlem",0,0,0,0,0,0,0,0,0,0,0,0,1,0,0,0,0,0,0,0,0,0,0,0,0,0,0,0,0,0,0,0,0,0,0,0,0,0,0,0,0,0
"245",7010101,4,0,1,2,2,2,3,4,4,4,1.99863107460643,6.00136892539357,1.99863107460643,0,0,"Wittenbergplatz/Viktoria-Luise-Platz",0,0,0,0,0,0,0,0,0,0,0,0,1,2015,0,0,0,0,0,0,0.303485987696514,2.30211893369788,4.29801777170198,6.29938482570062,0,0,0,0,0,0,0,0,0,0,0,0,0,0,0,1,1,1
"246",7010102,4,1,1,1,2,2,3,4,4,4,6.00136892539357,4,1.99863107460643,0,0,"Nollendorfplatz",1,2018,0,0,0,0,0,0,0,0,0.806561859193438,2.80792891319207,2,2019,0,0,0,0,0,0,0,0,0.0410116199589884,2.04237867395762,0,0,0,0,0,0,0,0,1,0,0,0,0,0,0,0,0,1
"247",7010103,3,1,1,1,1,1,2,3,3,3,10.0013689253936,1.99863107460643,0,0,0,"Barbarossaplatz",1,2015,0,0,0,0,0,0,0.303485987696514,2.30211893369788,4.29801777170198,6.29938482570062,2,2015,0,0,0,0,0,0,0.303485987696514,2.30211893369788,4.29801777170198,6.29938482570062,0,0,0,0,0,0,1,1,1,0,0,0,0,0,0,1,1,1
"248",7010104,4,1,1,1,2,2,3,4,4,4,6.00136892539357,4,1.99863107460643,0,0,"Dennewitzplatz",1,2015,0,0,0,0,0,0,0.303485987696514,2.30211893369788,4.29801777170198,6.29938482570062,2,2019,0,0,0,0,0,0,0,0,0.0410116199589884,2.04237867395762,0,0,0,0,0,0,1,1,1,0,0,0,0,0,0,0,0,1
"249",7020201,3,1,2,3,3,3,3,3,3,3,2.00136892539357,1.99863107460643,0,0,0,"Bayerischer Platz",0,0,0,0,0,0,0,0,0,0,0,0,1,2015,0,0,0,0,0,0,0.303485987696514,2.30211893369788,4.29801777170198,6.29938482570062,0,0,0,0,0,0,0,0,0,0,0,0,0,0,0,1,1,1
"250",7020202,3,1,1,1,1,2,2,3,3,3,8,4,0,0,0,"Volkspark (Rudolf-Wilde-Park)",0,0,0,0,0,0,0,0,0,0,0,0,1,2018,0,0,0,0,0,0,0,0,0.806561859193438,2.80792891319207,0,0,0,0,0,0,0,0,0,0,0,0,0,0,0,0,0,1
"251",7020203,4,1,1,1,2,2,3,4,4,4,6.00136892539357,4,1.99863107460643,0,0,"Kaiser-Wilhelm-Platz",1,2015,0,0,0,0,0,0,0.303485987696514,2.30211893369788,4.29801777170198,6.29938482570062,2,2015,0,0,0,0,0,0,0.303485987696514,2.30211893369788,4.29801777170198,6.29938482570062,0,0,0,0,0,0,1,1,1,0,0,0,0,0,0,1,1,1
"252",7020204,5,1,2,3,4,4,5,5,5,5,2.00136892539357,1.99863107460643,2.00136892539357,4,7.00068446269678,"Schöneberger Insel",1,2015,0,0,0,0,0,0,0,1.50102529049897,3.49692412850308,5.49829118250171,2,2015,0,0,0,0,0,0,0.303485987696514,2.30211893369788,4.29801777170198,6.29938482570062,0,0,0,0,0,0,0,1,1,0,0,0,0,0,0,1,1,1
"253",7030301,2,1,1,1,1,1,2,2,2,2,10.0013689253936,0,0,0,0,"Friedenau",0,0,0,0,0,0,0,0,0,0,0,0,1,0,0,0,0,0,0,0,0,0,0,0,0,0,0,0,0,0,0,0,0,0,0,0,0,0,0,0,0,0
"254",7030302,3,1,2,3,3,3,3,3,3,3,2.00136892539357,1.99863107460643,0,0,0,"Ceciliengärten",0,0,0,0,0,0,0,0,0,0,0,0,1,2019,0,0,0,0,0,0,0,0,0.218728639781271,2.2200956937799,0,0,0,0,0,0,0,0,0,0,0,0,0,0,0,0,0,1
"255",7030303,4,1,2,3,4,4,4,4,4,4,2.00136892539357,1.99863107460643,2.00136892539357,0,0,"Grazer Platz",1,2019,0,0,0,0,0,0,0,0,0.218728639781271,2.2200956937799,2,2019,0,0,0,0,0,0,0,0,0.218728639781271,2.2200956937799,0,0,0,0,0,0,0,0,1,0,0,0,0,0,0,0,0,1
"256",7040401,4,1,2,3,4,4,4,4,4,4,2.00136892539357,1.99863107460643,2.00136892539357,0,0,"Neu-Tempelhof",0,0,0,0,0,0,0,0,0,0,0,0,1,2005,0,0,1.55023923444976,3.54887218045113,5.54477101845523,7.5434039644566,9.5393028024607,11.5379357484621,13.5338345864662,15.5352016404648,0,0,0,0,0,0,0,0,0,0,0,1,1,1,1,1,1,1
"257",7040402,3,1,1,1,1,2,2,2,3,3,8,6.00136892539357,0,0,0,"Lindenhofsiedlung",0,0,0,0,0,0,0,0,0,0,0,0,1,0,0,0,0,0,0,0,0,0,0,0,0,0,0,0,0,0,0,0,0,0,0,0,0,0,0,0,0,0
"258",7040403,2,1,1,1,2,2,2,2,2,2,6.00136892539357,0,0,0,0,"Manteuffelstraße",1,2018,0,0,0,0,0,0,0,0,0.730006835269993,2.73137388926863,2,2018,0,0,0,0,0,0,0,0,0.730006835269993,2.73137388926863,0,0,0,0,0,0,0,0,1,0,0,0,0,0,0,0,0,1
"259",7040404,3,1,2,3,3,3,3,3,3,3,2.00136892539357,1.99863107460643,0,0,0,"Marienhöhe",0,0,0,0,0,0,0,0,0,0,0,0,1,0,0,0,0,0,0,0,0,0,0,0,0,0,0,0,0,0,0,0,0,0,0,0,0,0,0,0,0,0
"260",7040405,2,1,1,2,2,2,2,2,2,2,4,0,0,0,0,"Rathaus Tempelhof",0,0,0,0,0,0,0,0,0,0,0,0,1,2018,0,0,0,0,0,0,0,0,0.730006835269993,2.73137388926863,0,0,0,0,0,0,0,0,0,0,0,0,0,0,0,0,0,1
"261",7040406,4,1,1,2,3,4,4,4,4,4,4,2.00136892539357,1.99863107460643,0,0,"Germaniagarten",0,0,0,0,0,0,0,0,0,0,0,0,1,0,0,0,0,0,0,0,0,0,0,0,0,0,0,0,0,0,0,0,0,0,0,0,0,0,0,0,0,0
"262",7050501,2,1,1,1,1,1,1,2,2,2,12,0,0,0,0,"Rathausstraße",0,0,0,0,0,0,0,0,0,0,0,0,1,0,0,0,0,0,0,0,0,0,0,0,0,0,0,0,0,0,0,0,0,0,0,0,0,0,0,0,0,0
"263",7050502,4,1,2,3,4,4,4,4,4,4,2.00136892539357,1.99863107460643,2.00136892539357,0,0,"Fritz-Werner-Straße",0,0,0,0,0,0,0,0,0,0,0,0,1,0,0,0,0,0,0,0,0,0,0,0,0,0,0,0,0,0,0,0,0,0,0,0,0,0,0,0,0,0
"264",7050503,2,1,1,1,1,1,1,1,1,2,16,0,0,0,0,"Eisenacher Straße",0,0,0,0,0,0,0,0,0,0,0,0,1,0,0,0,0,0,0,0,0,0,0,0,0,0,0,0,0,0,0,0,0,0,0,0,0,0,0,0,0,0
"265",7050504,4,0,1,1,2,2,3,3,4,4,4,4,4,0,0,"Imbrosweg",0,0,0,0,0,0,0,0,0,0,0,0,1,0,0,0,0,0,0,0,0,0,0,0,0,0,0,0,0,0,0,0,0,0,0,0,0,0,0,0,0,0
"266",7050505,2,0,1,1,1,1,1,2,2,2,9.99863107460643,0,0,0,0,"Hundsteinweg",0,0,0,0,0,0,0,0,0,0,0,0,1,0,0,0,0,0,0,0,0,0,0,0,0,0,0,0,0,0,0,0,0,0,0,0,0,0,0,0,0,0
"267",7050506,2,0,1,2,2,2,2,2,2,2,1.99863107460643,0,0,0,0,"Birnhornweg",0,0,0,0,0,0,0,0,0,0,0,0,1,0,0,0,0,0,0,0,0,0,0,0,0,0,0,0,0,0,0,0,0,0,0,0,0,0,0,0,0,0
"268",7060601,2,1,1,1,1,1,2,2,2,2,10.0013689253936,0,0,0,0,"Marienfelder Allee Nordwest",0,0,0,0,0,0,0,0,0,0,0,0,1,0,0,0,0,0,0,0,0,0,0,0,0,0,0,0,0,0,0,0,0,0,0,0,0,0,0,0,0,0
"269",7060602,1,1,1,1,1,1,1,1,1,1,0,0,0,0,0,"Kirchstraße",0,0,0,0,0,0,0,0,0,0,0,0,1,0,0,0,0,0,0,0,0,0,0,0,0,0,0,0,0,0,0,0,0,0,0,0,0,0,0,0,0,0
"270",7060603,3,0,1,1,1,1,2,2,3,3,8,4,0,0,0,"Marienfelde Nordost",0,0,0,0,0,0,0,0,0,0,0,0,1,0,0,0,0,0,0,0,0,0,0,0,0,0,0,0,0,0,0,0,0,0,0,0,0,0,0,0,0,0
"271",7060604,3,0,1,1,1,1,2,3,3,3,8,1.99863107460643,0,0,0,"Marienfelde Süd",0,0,0,0,0,0,0,0,0,0,0,0,1,0,0,0,0,0,0,0,0,0,0,0,0,0,0,0,0,0,0,0,0,0,0,0,0,0,0,0,0,0
"272",7070701,1,0,1,1,1,1,1,1,1,1,0,0,0,0,0,"Kettinger Straße/Schillerstraße",0,0,0,0,0,0,0,0,0,0,0,0,1,0,0,0,0,0,0,0,0,0,0,0,0,0,0,0,0,0,0,0,0,0,0,0,0,0,0,0,0,0
"273",7070702,2,0,1,1,1,1,1,1,2,2,12,0,0,0,0,"Alt-Lichtenrade/Töpchiner Weg",0,0,0,0,0,0,0,0,0,0,0,0,1,0,0,0,0,0,0,0,0,0,0,0,0,0,0,0,0,0,0,0,0,0,0,0,0,0,0,0,0,0
"274",7070703,4,0,1,1,1,1,2,3,3,4,8,1.99863107460643,4,0,0,"John-Locke-Straße",0,0,0,0,0,0,0,0,0,0,0,0,1,0,0,0,0,0,0,0,0,0,0,0,0,0,0,0,0,0,0,0,0,0,0,0,0,0,0,0,0,0
"275",7070704,2,0,1,1,1,1,2,2,2,2,8,0,0,0,0,"Nahariyastraße",0,0,0,0,0,0,0,0,0,0,0,0,1,0,0,0,0,0,0,0,0,0,0,0,0,0,0,0,0,0,0,0,0,0,0,0,0,0,0,0,0,0
"276",7070705,1,0,1,1,1,1,1,1,1,1,0,0,0,0,0,"Franziusweg/Rohrbachstraße",0,0,0,0,0,0,0,0,0,0,0,0,1,0,0,0,0,0,0,0,0,0,0,0,0,0,0,0,0,0,0,0,0,0,0,0,0,0,0,0,0,0
"277",7070706,3,0,1,1,2,2,2,2,2,3,4,9.99863107460643,0,0,0,"Horstwalder Straße/Paplitzer Straße",0,0,0,0,0,0,0,0,0,0,0,0,1,0,0,0,0,0,0,0,0,0,0,0,0,0,0,0,0,0,0,0,0,0,0,0,0,0,0,0,0,0
"278",7070707,4,0,1,2,3,3,3,4,4,4,1.99863107460643,2.00136892539357,5.99863107460643,0,0,"Wittelsbacherstraße",0,0,0,0,0,0,0,0,0,0,0,0,1,0,0,0,0,0,0,0,0,0,0,0,0,0,0,0,0,0,0,0,0,0,0,0,0,0,0,0,0,0
"279",8010115,5,1,1,2,3,4,4,4,4,5,4,2.00136892539357,1.99863107460643,8,1.00205338809035,"Hasenheide",0,0,0,0,0,0,0,0,0,0,0,0,1,1996,7.42036910457963,9.419002050581,11.4149008885851,13.4135338345865,15.4094326725906,17.4080656185919,19.403964456596,21.4025974025974,23.3984962406015,25.3998632946001,0,0,0,0,0,0,0,0,0,1,1,1,1,1,1,1,1,1
"280",8010116,1,1,1,1,1,1,1,1,1,1,0,0,0,0,0,"Wissmannstraße",0,0,0,0,0,0,0,0,0,0,0,0,1,2017,0,0,0,0,0,0,0,0.429254955570745,2.42515379357485,4.42652084757348,0,0,0,0,0,0,0,0,0,0,0,0,0,0,0,0,1,1
"281",8010117,5,1,2,3,4,5,5,5,5,5,2.00136892539357,1.99863107460643,2.00136892539357,1.99863107460643,9.00205338809035,"Schillerpromenade",1,2016,0,0,0,0,0,0,0,0.50580997949419,2.50170881749829,4.50307587149692,2,2016,0,0,0,0,0,0,0,0.50580997949419,2.50170881749829,4.50307587149692,0,0,0,0,0,0,0,1,1,0,0,0,0,0,0,0,1,1
"282",8010118,3,1,2,3,3,3,3,3,3,3,2.00136892539357,1.99863107460643,0,0,0,"Silbersteinstraße",0,0,0,0,0,0,0,0,0,0,0,0,1,2016,0,0,0,0,0,0,0,0.50580997949419,2.50170881749829,4.50307587149692,0,0,0,0,0,0,0,0,0,0,0,0,0,0,0,0,1,1
"283",8010211,3,1,1,2,3,3,3,3,3,3,4,2.00136892539357,0,0,0,"Flughafenstraße",0,0,0,0,0,0,0,0,0,0,0,0,1,2017,0,0,0,0,0,0,0,0.429254955570745,2.42515379357485,4.42652084757348,0,0,0,0,0,0,0,0,0,0,0,0,0,0,0,0,1,1
"284",8010212,1,1,1,1,1,1,1,1,1,1,0,0,0,0,0,"Rollberg",0,0,0,0,0,0,0,0,0,0,0,0,1,2016,0,0,0,0,0,0,0,0.50580997949419,2.50170881749829,4.50307587149692,0,0,0,0,0,0,0,0,0,0,0,0,0,0,0,0,1,1
"285",8010213,3,1,1,1,2,3,3,3,3,3,6.00136892539357,1.99863107460643,0,0,0,"Körnerpark",1,2017,0,0,0,0,0,0,0,0.429254955570745,2.42515379357485,4.42652084757348,2,2016,0,0,0,0,0,0,0,0.50580997949419,2.50170881749829,4.50307587149692,0,0,0,0,0,0,0,1,1,0,0,0,0,0,0,0,1,1
"286",8010214,2,1,1,1,2,2,2,2,2,2,6.00136892539357,0,0,0,0,"Glasower Straße",1,2018,0,0,0,0,0,0,0,0,1.39986329460014,3.40123034859877,2,2018,0,0,0,0,0,0,0,0,1.39986329460014,3.40123034859877,0,0,0,0,0,0,0,0,1,0,0,0,0,0,0,0,0,1
"287",8010301,1,1,1,1,1,1,1,1,1,1,0,0,0,0,0,"Reuterkiez",1,2016,0,0,0,0,0,0,0,0.50580997949419,2.50170881749829,4.50307587149692,2,1996,7.42036910457963,9.419002050581,11.4149008885851,13.4135338345865,15.4094326725906,17.4080656185919,19.403964456596,21.4025974025974,23.3984962406015,25.3998632946001,0,0,0,0,0,0,0,1,1,1,1,1,1,1,1,1,1,1
"288",8010302,4,1,2,3,3,4,4,4,4,4,2.00136892539357,1.99863107460643,4,0,0,"Bouchéstraße",0,0,0,0,0,0,0,0,0,0,0,0,1,2018,0,0,0,0,0,0,0,0,1.39986329460014,3.40123034859877,0,0,0,0,0,0,0,0,0,0,0,0,0,0,0,0,0,1
"289",8010303,5,1,2,3,4,5,5,5,5,5,2.00136892539357,1.99863107460643,2.00136892539357,1.99863107460643,9.00205338809035,"Donaustraße",1,2017,0,0,0,0,0,0,0,0.429254955570745,2.42515379357485,4.42652084757348,2,2016,0,0,0,0,0,0,0,0.50580997949419,2.50170881749829,4.50307587149692,0,0,0,0,0,0,0,1,1,0,0,0,0,0,0,0,1,1
"290",8010404,3,1,1,1,2,3,3,3,3,3,6.00136892539357,1.99863107460643,0,0,0,"Rixdorf",1,2017,0,0,0,0,0,0,0,0.429254955570745,2.42515379357485,4.42652084757348,2,2017,0,0,0,0,0,0,0,0.429254955570745,2.42515379357485,4.42652084757348,0,0,0,0,0,0,0,1,1,0,0,0,0,0,0,0,1,1
"291",8010405,4,1,1,2,3,4,4,4,4,4,4,2.00136892539357,1.99863107460643,0,0,"Hertzbergplatz",1,2018,0,0,0,0,0,0,0,0,1.39986329460014,3.40123034859877,2,2017,0,0,0,0,0,0,0,0.429254955570745,2.42515379357485,4.42652084757348,0,0,0,0,0,0,0,0,1,0,0,0,0,0,0,0,1,1
"292",8010406,5,1,2,3,4,5,5,5,5,5,2.00136892539357,1.99863107460643,2.00136892539357,1.99863107460643,9.00205338809035,"Treptower Straße Nord",0,0,0,0,0,0,0,0,0,0,0,0,1,2018,0,0,0,0,0,0,0,0,1.39986329460014,3.40123034859877,0,0,0,0,0,0,0,0,0,0,0,0,0,0,0,0,0,1
"293",8010407,5,1,1,2,3,4,5,5,5,5,4,2.00136892539357,1.99863107460643,2.00136892539357,7.00068446269678,"Gewerbegebiet Ederstraße",0,0,0,0,0,0,0,0,0,0,0,0,1,2018,0,0,0,0,0,0,0,0,1.39986329460014,3.40123034859877,0,0,0,0,0,0,0,0,0,0,0,0,0,0,0,0,0,1
"294",8010508,4,1,2,3,4,4,4,4,4,4,2.00136892539357,1.99863107460643,2.00136892539357,0,0,"Weiße Siedlung",0,0,0,0,0,0,0,0,0,0,0,0,1,0,0,0,0,0,0,0,0,0,0,0,0,0,0,0,0,0,0,0,0,0,0,0,0,0,0,0,0,0
"295",8010509,2,1,1,1,2,2,2,2,2,2,6.00136892539357,0,0,0,0,"Schulenburgpark",0,0,0,0,0,0,0,0,0,0,0,0,1,0,0,0,0,0,0,0,0,0,0,0,0,0,0,0,0,0,0,0,0,0,0,0,0,0,0,0,0,0
"296",8010510,5,1,1,1,2,3,4,5,5,5,6.00136892539357,1.99863107460643,2.00136892539357,1.99863107460643,5.00205338809035,"Gewerbegebiet Köllnische Heide",0,0,0,0,0,0,0,0,0,0,0,0,1,0,0,0,0,0,0,0,0,0,0,0,0,0,0,0,0,0,0,0,0,0,0,0,0,0,0,0,0,0
"297",8020619,4,1,1,2,2,3,4,4,4,4,4,4,2.00136892539357,0,0,"Buschkrugallee Nord",0,0,0,0,0,0,0,0,0,0,0,0,1,2018,0,0,0,0,0,0,0,0,1.39986329460014,3.40123034859877,0,0,0,0,0,0,0,0,0,0,0,0,0,0,0,0,0,1
"298",8020620,4,1,2,3,3,4,4,4,4,4,2.00136892539357,1.99863107460643,4,0,0,"Tempelhofer Weg",1,2020,0,0,0,0,0,0,0,0,0,0.828434723171565,2,2018,0,0,0,0,0,0,0,0,1.39986329460014,3.40123034859877,0,0,0,0,0,0,0,0,0,0,0,0,0,0,0,0,0,1
"299",8020621,1,0,1,1,1,1,1,1,1,1,0,0,0,0,0,"Mohriner Allee Nord",0,0,0,0,0,0,0,0,0,0,0,0,1,0,0,0,0,0,0,0,0,0,0,0,0,0,0,0,0,0,0,0,0,0,0,0,0,0,0,0,0,0
"300",8020622,2,1,1,1,1,2,2,2,2,2,8,0,0,0,0,"Parchimer Allee",1,2020,0,0,0,0,0,0,0,0,0,0.828434723171565,2,2020,0,0,0,0,0,0,0,0,0,0.828434723171565,0,0,0,0,0,0,0,0,0,0,0,0,0,0,0,0,0,0
"301",8020623,3,0,1,2,3,3,3,3,3,3,1.99863107460643,2.00136892539357,0,0,0,"Ortolanweg",0,0,0,0,0,0,0,0,0,0,0,0,1,0,0,0,0,0,0,0,0,0,0,0,0,0,0,0,0,0,0,0,0,0,0,0,0,0,0,0,0,0
"302",8020624,2,1,1,1,1,1,2,2,2,2,10.0013689253936,0,0,0,0,"Britzer Garten",0,0,0,0,0,0,0,0,0,0,0,0,1,0,0,0,0,0,0,0,0,0,0,0,0,0,0,0,0,0,0,0,0,0,0,0,0,0,0,0,0,0
"303",8020625,2,1,1,1,1,1,2,2,2,2,10.0013689253936,0,0,0,0,"Handwerker-Siedlung",0,0,0,0,0,0,0,0,0,0,0,0,1,2020,0,0,0,0,0,0,0,0,0,0.828434723171565,0,0,0,0,0,0,0,0,0,0,0,0,0,0,0,0,0,0
"304",8020726,2,0,1,1,1,1,1,2,2,2,9.99863107460643,0,0,0,0,"Buckow West",0,0,0,0,0,0,0,0,0,0,0,0,1,0,0,0,0,0,0,0,0,0,0,0,0,0,0,0,0,0,0,0,0,0,0,0,0,0,0,0,0,0
"305",8020727,4,1,1,1,1,1,2,3,3,4,10.0013689253936,1.99863107460643,4,0,0,"Buckow Mitte",0,0,0,0,0,0,0,0,0,0,0,0,1,0,0,0,0,0,0,0,0,0,0,0,0,0,0,0,0,0,0,0,0,0,0,0,0,0,0,0,0,0
"306",8020728,2,1,1,1,2,2,2,2,2,2,6.00136892539357,0,0,0,0,"Buckow Ost",0,0,0,0,0,0,0,0,0,0,0,0,1,0,0,0,0,0,0,0,0,0,0,0,0,0,0,0,0,0,0,0,0,0,0,0,0,0,0,0,0,0
"307",8030829,1,1,1,1,1,1,1,1,1,1,0,0,0,0,0,"Gropiusstadt Nord",1,2021,0,0,0,0,0,0,0,0,0,0.128503075871497,2,2021,0,0,0,0,0,0,0,0,0,0.128503075871497,0,0,0,0,0,0,0,0,0,0,0,0,0,0,0,0,0,0
"308",8030830,1,1,1,1,1,1,1,1,1,1,0,0,0,0,0,"Gropiusstadt Süd",0,0,0,0,0,0,0,0,0,0,0,0,1,2021,0,0,0,0,0,0,0,0,0,0.128503075871497,0,0,0,0,0,0,0,0,0,0,0,0,0,0,0,0,0,0
"309",8030831,3,0,1,1,2,3,3,3,3,3,4,1.99863107460643,0,0,0,"Gropiusstadt Ost",0,0,0,0,0,0,0,0,0,0,0,0,1,2021,0,0,0,0,0,0,0,0,0,0.128503075871497,0,0,0,0,0,0,0,0,0,0,0,0,0,0,0,0,0,0
"310",8040932,4,0,1,1,1,2,2,3,4,4,5.99863107460643,4,2.00136892539357,0,0,"Goldhähnchenweg",0,0,0,0,0,0,0,0,0,0,0,0,1,0,0,0,0,0,0,0,0,0,0,0,0,0,0,0,0,0,0,0,0,0,0,0,0,0,0,0,0,0
"311",8040933,2,1,1,1,1,1,1,1,1,2,16,0,0,0,0,"Vogelviertel Süd",0,0,0,0,0,0,0,0,0,0,0,0,1,2020,0,0,0,0,0,0,0,0,0,0.828434723171565,0,0,0,0,0,0,0,0,0,0,0,0,0,0,0,0,0,0
"312",8040934,2,0,1,2,2,2,2,2,2,2,1.99863107460643,0,0,0,0,"Vogelviertel Nord",0,0,0,0,0,0,0,0,0,0,0,0,1,0,0,0,0,0,0,0,0,0,0,0,0,0,0,0,0,0,0,0,0,0,0,0,0,0,0,0,0,0
"313",8041035,2,0,1,1,1,1,1,2,2,2,9.99863107460643,0,0,0,0,"Blumenviertel",0,0,0,0,0,0,0,0,0,0,0,0,1,0,0,0,0,0,0,0,0,0,0,0,0,0,0,0,0,0,0,0,0,0,0,0,0,0,0,0,0,0
"314",8041036,3,0,1,1,2,2,3,3,3,3,4,4,0,0,0,"Zittauer Straße",0,0,0,0,0,0,0,0,0,0,0,0,1,0,0,0,0,0,0,0,0,0,0,0,0,0,0,0,0,0,0,0,0,0,0,0,0,0,0,0,0,0
"315",8041037,1,0,1,1,1,1,1,1,1,1,0,0,0,0,0,"Alt-Rudow",0,0,0,0,0,0,0,0,0,0,0,0,1,0,0,0,0,0,0,0,0,0,0,0,0,0,0,0,0,0,0,0,0,0,0,0,0,0,0,0,0,0
"316",8041038,2,0,1,1,1,1,1,2,2,2,9.99863107460643,0,0,0,0,"Waßmannsdorfer Chaussee",0,0,0,0,0,0,0,0,0,0,0,0,1,0,0,0,0,0,0,0,0,0,0,0,0,0,0,0,0,0,0,0,0,0,0,0,0,0,0,0,0,0
"317",8041039,2,0,1,2,2,2,2,2,2,2,1.99863107460643,0,0,0,0,"Frauenviertel",0,0,0,0,0,0,0,0,0,0,0,0,1,0,0,0,0,0,0,0,0,0,0,0,0,0,0,0,0,0,0,0,0,0,0,0,0,0,0,0,0,0
"318",8041040,1,0,1,1,1,1,1,1,1,1,0,0,0,0,0,"Waltersdorfer Chaussee Ost",0,0,0,0,0,0,0,0,0,0,0,0,1,0,0,0,0,0,0,0,0,0,0,0,0,0,0,0,0,0,0,0,0,0,0,0,0,0,0,0,0,0
"319",9010101,4,1,2,3,4,4,4,4,4,4,2.00136892539357,1.99863107460643,2.00136892539357,0,0,"Elsenstraße",1,2020,0,0,0,0,0,0,0,0,0,0.59876965140123,2,2020,0,0,0,0,0,0,0,0,0,1.47915242652085,0,0,0,0,0,0,0,0,0,0,0,0,0,0,0,0,0,0
"320",9010102,1,0,1,1,1,1,1,1,1,1,0,0,0,0,0,"Am Treptower Park Nord",0,0,0,0,0,0,0,0,0,0,0,0,1,0,0,0,0,0,0,0,0,0,0,0,0,0,0,0,0,0,0,0,0,0,0,0,0,0,0,0,0,0
"321",9010201,4,1,2,3,4,4,4,4,4,4,2.00136892539357,1.99863107460643,2.00136892539357,0,0,"Am Treptower Park Süd",0,0,0,0,0,0,0,0,0,0,0,0,1,0,0,0,0,0,0,0,0,0,0,0,0,0,0,0,0,0,0,0,0,0,0,0,0,0,0,0,0,0
"322",9010202,5,1,2,3,4,4,5,5,5,5,2.00136892539357,1.99863107460643,2.00136892539357,4,7.00068446269678,"Köpenicker Landstraße",0,0,0,0,0,0,0,0,0,0,0,0,1,0,0,0,0,0,0,0,0,0,0,0,0,0,0,0,0,0,0,0,0,0,0,0,0,0,0,0,0,0
"323",9010301,4,1,2,3,4,4,4,4,4,4,2.00136892539357,1.99863107460643,2.00136892539357,0,0,"Baumschulenstraße",0,0,0,0,0,0,0,0,0,0,0,0,1,0,0,0,0,0,0,0,0,0,0,0,0,0,0,0,0,0,0,0,0,0,0,0,0,0,0,0,0,0
"324",9010302,1,1,1,1,1,1,1,1,1,1,0,0,0,0,0,"Späthsfelde",0,0,0,0,0,0,0,0,0,0,0,0,1,0,0,0,0,0,0,0,0,0,0,0,0,0,0,0,0,0,0,0,0,0,0,0,0,0,0,0,0,0
"325",9010401,2,1,1,1,1,1,1,1,2,2,14.0013689253936,0,0,0,0,"Johannisthal West",0,0,0,0,0,0,0,0,0,0,0,0,1,2017,0,0,0,0,0,0,0,0,1.634996582365,3.63636363636364,0,0,0,0,0,0,0,0,0,0,0,0,0,0,0,0,0,1
"326",9010402,2,1,1,2,2,2,2,2,2,2,4,0,0,0,0,"Johannisthal Ost",0,0,0,0,0,0,0,0,0,0,0,0,1,2017,0,0,0,0,0,0,0,0,1.634996582365,3.63636363636364,0,0,0,0,0,0,0,0,0,0,0,0,0,0,0,0,0,1
"327",9020501,4,1,2,3,4,4,4,4,4,4,2.00136892539357,1.99863107460643,2.00136892539357,0,0,"Oberschöneweide West",0,0,0,0,0,0,0,0,0,0,0,0,1,2017,0,0,0,0,0,0,0,0,1.634996582365,3.63636363636364,0,0,0,0,0,0,0,0,0,0,0,0,0,0,0,0,0,1
"328",9020502,1,1,1,1,1,1,1,1,1,1,0,0,0,0,0,"Oberschöneweide Ost",1,2017,0,0,0,0,0,0,0,0,1.634996582365,3.63636363636364,2,2017,0,0,0,0,0,0,0,0,1.634996582365,3.63636363636364,0,0,0,0,0,0,0,0,1,0,0,0,0,0,0,0,0,1
"329",9020601,4,1,1,2,3,3,4,4,4,4,4,2.00136892539357,4,0,0,"Schnellerstraße",1,2017,0,0,0,0,0,0,0,0,1.634996582365,3.63636363636364,2,2017,0,0,0,0,0,0,0,0,1.634996582365,3.63636363636364,0,0,0,0,0,0,0,0,1,0,0,0,0,0,0,0,0,1
"330",9020602,1,1,1,1,1,1,1,1,1,1,0,0,0,0,0,"Oberspree",0,0,0,0,0,0,0,0,0,0,0,0,1,2017,0,0,0,0,0,0,0,0,1.634996582365,3.63636363636364,0,0,0,0,0,0,0,0,0,0,0,0,0,0,0,0,0,1
"331",9020701,4,1,1,1,2,2,3,4,4,4,6.00136892539357,4,1.99863107460643,0,0,"Adlershof West",0,0,0,0,0,0,0,0,0,0,0,0,1,0,0,0,0,0,0,0,0,0,0,0,0,0,0,0,0,0,0,0,0,0,0,0,0,0,0,0,0,0
"332",9020702,1,1,1,1,1,1,1,1,1,1,0,0,0,0,0,"Adlershof Ost",0,0,0,0,0,0,0,0,0,0,0,0,1,0,0,0,0,0,0,0,0,0,0,0,0,0,0,0,0,0,0,0,0,0,0,0,0,0,0,0,0,0
"333",9020801,2,1,1,1,1,1,1,1,1,2,16,0,0,0,0,"Spindlersfeld",0,0,0,0,0,0,0,0,0,0,0,0,1,0,0,0,0,0,0,0,0,0,0,0,0,0,0,0,0,0,0,0,0,0,0,0,0,0,0,0,0,0
"334",9020802,2,0,1,1,1,1,1,1,2,2,12,0,0,0,0,"Köllnische Vorstadt",0,0,0,0,0,0,0,0,0,0,0,0,1,0,0,0,0,0,0,0,0,0,0,0,0,0,0,0,0,0,0,0,0,0,0,0,0,0,0,0,0,0
"335",9030901,2,0,1,1,1,1,1,1,2,2,12,0,0,0,0,"Dorf Altglienicke",0,0,0,0,0,0,0,0,0,0,0,0,1,0,0,0,0,0,0,0,0,0,0,0,0,0,0,0,0,0,0,0,0,0,0,0,0,0,0,0,0,0
"336",9030902,1,0,1,1,1,1,1,1,1,1,0,0,0,0,0,"Wohngebiet II",0,0,0,0,0,0,0,0,0,0,0,0,1,0,0,0,0,0,0,0,0,0,0,0,0,0,0,0,0,0,0,0,0,0,0,0,0,0,0,0,0,0
"337",9030903,1,0,0,1,1,1,1,1,1,1,0,0,0,0,0,"Kölner Viertel",0,0,0,0,0,0,0,0,0,0,0,0,1,0,0,0,0,0,0,0,0,0,0,0,0,0,0,0,0,0,0,0,0,0,0,0,0,0,0,0,0,0
"338",9031001,2,0,1,2,2,2,2,2,2,2,1.99863107460643,0,0,0,0,"Bohnsdorf",0,0,0,0,0,0,0,0,0,0,0,0,1,0,0,0,0,0,0,0,0,0,0,0,0,0,0,0,0,0,0,0,0,0,0,0,0,0,0,0,0,0
"339",9031101,2,0,1,1,1,1,1,1,2,2,12,0,0,0,0,"Grünau",0,0,0,0,0,0,0,0,0,0,0,0,1,0,0,0,0,0,0,0,0,0,0,0,0,0,0,0,0,0,0,0,0,0,0,0,0,0,0,0,0,0
"340",9031201,2,1,1,2,2,2,2,2,2,2,4,0,0,0,0,"Karolinenhof",0,0,0,0,0,0,0,0,0,0,0,0,1,0,0,0,0,0,0,0,0,0,0,0,0,0,0,0,0,0,0,0,0,0,0,0,0,0,0,0,0,0
"341",9031202,2,1,1,1,1,1,1,1,2,2,14.0013689253936,0,0,0,0,"Schmöckwitz/Rauchfangswerder",0,0,0,0,0,0,0,0,0,0,0,0,1,0,0,0,0,0,0,0,0,0,0,0,0,0,0,0,0,0,0,0,0,0,0,0,0,0,0,0,0,0
"342",9041301,2,0,1,1,1,1,1,1,2,2,12,0,0,0,0,"Kietzer Feld/Nachtheide",0,0,0,0,0,0,0,0,0,0,0,0,1,0,0,0,0,0,0,0,0,0,0,0,0,0,0,0,0,0,0,0,0,0,0,0,0,0,0,0,0,0
"343",9041302,1,0,0,1,1,1,1,1,1,1,0,0,0,0,0,"Wendenschloß",0,0,0,0,0,0,0,0,0,0,0,0,1,0,0,0,0,0,0,0,0,0,0,0,0,0,0,0,0,0,0,0,0,0,0,0,0,0,0,0,0,0
"344",9041401,5,1,2,3,4,5,5,5,5,5,2.00136892539357,1.99863107460643,2.00136892539357,1.99863107460643,9.00205338809035,"Allende I",0,0,0,0,0,0,0,0,0,0,0,0,1,0,0,0,0,0,0,0,0,0,0,0,0,0,0,0,0,0,0,0,0,0,0,0,0,0,0,0,0,0
"345",9041402,3,1,2,2,2,2,3,3,3,3,2.00136892539357,8,0,0,0,"Siedlung Kämmereiheide",0,0,0,0,0,0,0,0,0,0,0,0,1,0,0,0,0,0,0,0,0,0,0,0,0,0,0,0,0,0,0,0,0,0,0,0,0,0,0,0,0,0
"346",9041501,3,1,2,3,3,3,3,3,3,3,2.00136892539357,1.99863107460643,0,0,0,"Altstadt Kietz",0,0,0,0,0,0,0,0,0,0,0,0,1,0,0,0,0,0,0,0,0,0,0,0,0,0,0,0,0,0,0,0,0,0,0,0,0,0,0,0,0,0
"347",9041601,1,0,1,1,1,1,1,1,1,1,0,0,0,0,0,"Müggelheim",0,0,0,0,0,0,0,0,0,0,0,0,1,0,0,0,0,0,0,0,0,0,0,0,0,0,0,0,0,0,0,0,0,0,0,0,0,0,0,0,0,0
"348",9051701,2,0,1,2,2,2,2,2,2,2,1.99863107460643,0,0,0,0,"Hirschgarten",0,0,0,0,0,0,0,0,0,0,0,0,1,0,0,0,0,0,0,0,0,0,0,0,0,0,0,0,0,0,0,0,0,0,0,0,0,0,0,0,0,0
"349",9051702,2,0,1,2,2,2,2,2,2,2,1.99863107460643,0,0,0,0,"Bölschestraße",0,0,0,0,0,0,0,0,0,0,0,0,1,0,0,0,0,0,0,0,0,0,0,0,0,0,0,0,0,0,0,0,0,0,0,0,0,0,0,0,0,0
"350",9051801,1,1,1,1,1,1,1,1,1,1,0,0,0,0,0,"Rahnsdorf/Hessenwinkel",0,0,0,0,0,0,0,0,0,0,0,0,1,0,0,0,0,0,0,0,0,0,0,0,0,0,0,0,0,0,0,0,0,0,0,0,0,0,0,0,0,0
"351",9051901,1,1,1,1,1,1,1,1,1,1,0,0,0,0,0,"Dammvorstadt",0,0,0,0,0,0,0,0,0,0,0,0,1,0,0,0,0,0,0,0,0,0,0,0,0,0,0,0,0,0,0,0,0,0,0,0,0,0,0,0,0,0
"352",9052001,2,0,1,1,1,1,1,1,1,2,13.9986310746064,0,0,0,0,"Köpenick Nord",0,0,0,0,0,0,0,0,0,0,0,0,1,0,0,0,0,0,0,0,0,0,0,0,0,0,0,0,0,0,0,0,0,0,0,0,0,0,0,0,0,0
"353",10010101,2,1,2,2,2,2,2,2,2,2,2.00136892539357,0,0,0,0,"Marzahn West",0,0,0,0,0,0,0,0,0,0,0,0,1,0,0,0,0,0,0,0,0,0,0,0,0,0,0,0,0,0,0,0,0,0,0,0,0,0,0,0,0,0
"354",10010102,1,1,1,1,1,1,1,1,1,1,0,0,0,0,0,"Havemannstraße",0,0,0,0,0,0,0,0,0,0,0,0,1,0,0,0,0,0,0,0,0,0,0,0,0,0,0,0,0,0,0,0,0,0,0,0,0,0,0,0,0,0
"355",10010203,2,1,1,2,2,2,2,2,2,2,4,0,0,0,0,"Gewerbegebiet Bitterfelder Straße",0,0,0,0,0,0,0,0,0,0,0,0,1,0,0,0,0,0,0,0,0,0,0,0,0,0,0,0,0,0,0,0,0,0,0,0,0,0,0,0,0,0
"356",10010204,1,1,1,1,1,1,1,1,1,1,0,0,0,0,0,"Wuhletalstraße",0,0,0,0,0,0,0,0,0,0,0,0,1,0,0,0,0,0,0,0,0,0,0,0,0,0,0,0,0,0,0,0,0,0,0,0,0,0,0,0,0,0
"357",10010205,1,1,1,1,1,1,1,1,1,1,0,0,0,0,0,"Marzahn Ost",0,0,0,0,0,0,0,0,0,0,0,0,1,0,0,0,0,0,0,0,0,0,0,0,0,0,0,0,0,0,0,0,0,0,0,0,0,0,0,0,0,0
"358",10010206,1,1,1,1,1,1,1,1,1,1,0,0,0,0,0,"Ringkolonnaden",0,0,0,0,0,0,0,0,0,0,0,0,1,0,0,0,0,0,0,0,0,0,0,0,0,0,0,0,0,0,0,0,0,0,0,0,0,0,0,0,0,0
"359",10010207,1,1,1,1,1,1,1,1,1,1,0,0,0,0,0,"Marzahner Promenade",0,0,0,0,0,0,0,0,0,0,0,0,1,0,0,0,0,0,0,0,0,0,0,0,0,0,0,0,0,0,0,0,0,0,0,0,0,0,0,0,0,0
"360",10010309,1,1,1,1,1,1,1,1,1,1,0,0,0,0,0,"Springpfuhl",0,0,0,0,0,0,0,0,0,0,0,0,1,0,0,0,0,0,0,0,0,0,0,0,0,0,0,0,0,0,0,0,0,0,0,0,0,0,0,0,0,0
"361",10010310,1,1,1,1,1,1,1,1,1,1,0,0,0,0,0,"Alt-Marzahn",0,0,0,0,0,0,0,0,0,0,0,0,1,0,0,0,0,0,0,0,0,0,0,0,0,0,0,0,0,0,0,0,0,0,0,0,0,0,0,0,0,0
"362",10010311,1,1,1,1,1,1,1,1,1,1,0,0,0,0,0,"Landsberger Tor",0,0,0,0,0,0,0,0,0,0,0,0,1,0,0,0,0,0,0,0,0,0,0,0,0,0,0,0,0,0,0,0,0,0,0,0,0,0,0,0,0,0
"363",10020412,2,1,1,2,2,2,2,2,2,2,4,0,0,0,0,"Alte Hellersdorfer Straße",0,0,0,0,0,0,0,0,0,0,0,0,1,0,0,0,0,0,0,0,0,0,0,0,0,0,0,0,0,0,0,0,0,0,0,0,0,0,0,0,0,0
"364",10020413,4,1,1,2,3,3,3,4,4,4,4,2.00136892539357,5.99863107460643,0,0,"Gut Hellersdorf",0,0,0,0,0,0,0,0,0,0,0,0,1,0,0,0,0,0,0,0,0,0,0,0,0,0,0,0,0,0,0,0,0,0,0,0,0,0,0,0,0,0
"365",10020414,1,1,1,1,1,1,1,1,1,1,0,0,0,0,0,"Helle Mitte",0,0,0,0,0,0,0,0,0,0,0,0,1,0,0,0,0,0,0,0,0,0,0,0,0,0,0,0,0,0,0,0,0,0,0,0,0,0,0,0,0,0
"366",10020415,1,1,1,1,1,1,1,1,1,1,0,0,0,0,0,"Hellersdorfer Promenade",0,0,0,0,0,0,0,0,0,0,0,0,1,0,0,0,0,0,0,0,0,0,0,0,0,0,0,0,0,0,0,0,0,0,0,0,0,0,0,0,0,0
"367",10020416,2,1,1,2,2,2,2,2,2,2,4,0,0,0,0,"Böhlener Straße",0,0,0,0,0,0,0,0,0,0,0,0,1,0,0,0,0,0,0,0,0,0,0,0,0,0,0,0,0,0,0,0,0,0,0,0,0,0,0,0,0,0
"368",10020517,3,1,2,2,3,3,3,3,3,3,2.00136892539357,4,0,0,0,"Adele-Sandrock-Straße",0,0,0,0,0,0,0,0,0,0,0,0,1,0,0,0,0,0,0,0,0,0,0,0,0,0,0,0,0,0,0,0,0,0,0,0,0,0,0,0,0,0
"369",10020518,2,1,2,2,2,2,2,2,2,2,2.00136892539357,0,0,0,0,"Schleipfuhl",0,0,0,0,0,0,0,0,0,0,0,0,1,0,0,0,0,0,0,0,0,0,0,0,0,0,0,0,0,0,0,0,0,0,0,0,0,0,0,0,0,0
"370",10020519,2,1,2,2,2,2,2,2,2,2,2.00136892539357,0,0,0,0,"Boulevard Kastanienallee",0,0,0,0,0,0,0,0,0,0,0,0,1,0,0,0,0,0,0,0,0,0,0,0,0,0,0,0,0,0,0,0,0,0,0,0,0,0,0,0,0,0
"371",10020620,4,1,2,2,3,4,4,4,4,4,2.00136892539357,4,1.99863107460643,0,0,"Kaulsdorf Nord II",0,0,0,0,0,0,0,0,0,0,0,0,1,0,0,0,0,0,0,0,0,0,0,0,0,0,0,0,0,0,0,0,0,0,0,0,0,0,0,0,0,0
"372",10020621,4,1,2,3,3,4,4,4,4,4,2.00136892539357,1.99863107460643,4,0,0,"Gelbes Viertel",0,0,0,0,0,0,0,0,0,0,0,0,1,0,0,0,0,0,0,0,0,0,0,0,0,0,0,0,0,0,0,0,0,0,0,0,0,0,0,0,0,0
"373",10020622,1,1,1,1,1,1,1,1,1,1,0,0,0,0,0,"Kaulsdorf Nord I",0,0,0,0,0,0,0,0,0,0,0,0,1,0,0,0,0,0,0,0,0,0,0,0,0,0,0,0,0,0,0,0,0,0,0,0,0,0,0,0,0,0
"374",10020623,3,1,2,3,3,3,3,3,3,3,2.00136892539357,1.99863107460643,0,0,0,"Rotes Viertel",0,0,0,0,0,0,0,0,0,0,0,0,1,0,0,0,0,0,0,0,0,0,0,0,0,0,0,0,0,0,0,0,0,0,0,0,0,0,0,0,0,0
"375",10030724,3,1,1,2,3,3,3,3,3,3,4,2.00136892539357,0,0,0,"Oberfeldstraße",0,0,0,0,0,0,0,0,0,0,0,0,1,0,0,0,0,0,0,0,0,0,0,0,0,0,0,0,0,0,0,0,0,0,0,0,0,0,0,0,0,0
"376",10030725,1,1,1,1,1,1,1,1,1,1,0,0,0,0,0,"Buckower Ring",0,0,0,0,0,0,0,0,0,0,0,0,1,0,0,0,0,0,0,0,0,0,0,0,0,0,0,0,0,0,0,0,0,0,0,0,0,0,0,0,0,0
"377",10030726,2,1,1,2,2,2,2,2,2,2,4,0,0,0,0,"Alt-Biesdorf",0,0,0,0,0,0,0,0,0,0,0,0,1,0,0,0,0,0,0,0,0,0,0,0,0,0,0,0,0,0,0,0,0,0,0,0,0,0,0,0,0,0
"378",10030727,2,0,1,2,2,2,2,2,2,2,1.99863107460643,0,0,0,0,"Biesdorf Süd",0,0,0,0,0,0,0,0,0,0,0,0,1,0,0,0,0,0,0,0,0,0,0,0,0,0,0,0,0,0,0,0,0,0,0,0,0,0,0,0,0,0
"379",10040828,1,0,1,1,1,1,1,1,1,1,0,0,0,0,0,"Kaulsdorf Nord",0,0,0,0,0,0,0,0,0,0,0,0,1,0,0,0,0,0,0,0,0,0,0,0,0,0,0,0,0,0,0,0,0,0,0,0,0,0,0,0,0,0
"380",10040829,2,0,1,2,2,2,2,2,2,2,1.99863107460643,0,0,0,0,"Alt-Kaulsdorf",0,0,0,0,0,0,0,0,0,0,0,0,1,0,0,0,0,0,0,0,0,0,0,0,0,0,0,0,0,0,0,0,0,0,0,0,0,0,0,0,0,0
"381",10040830,3,0,1,2,3,3,3,3,3,3,1.99863107460643,2.00136892539357,0,0,0,"Kaulsdorf Süd",0,0,0,0,0,0,0,0,0,0,0,0,1,0,0,0,0,0,0,0,0,0,0,0,0,0,0,0,0,0,0,0,0,0,0,0,0,0,0,0,0,0
"382",10040931,2,0,1,1,2,2,2,2,2,2,4,0,0,0,0,"Mahlsdorf Nord",0,0,0,0,0,0,0,0,0,0,0,0,1,0,0,0,0,0,0,0,0,0,0,0,0,0,0,0,0,0,0,0,0,0,0,0,0,0,0,0,0,0
"383",10040932,2,0,1,2,2,2,2,2,2,2,1.99863107460643,0,0,0,0,"Alt-Mahlsdorf",0,0,0,0,0,0,0,0,0,0,0,0,1,0,0,0,0,0,0,0,0,0,0,0,0,0,0,0,0,0,0,0,0,0,0,0,0,0,0,0,0,0
"384",10040933,2,0,1,2,2,2,2,2,2,2,1.99863107460643,0,0,0,0,"Mahlsdorf Süd",0,0,0,0,0,0,0,0,0,0,0,0,1,0,0,0,0,0,0,0,0,0,0,0,0,0,0,0,0,0,0,0,0,0,0,0,0,0,0,0,0,0
"385",11010101,2,1,1,1,1,1,1,2,2,2,12,0,0,0,0,"Dorf Malchow",0,0,0,0,0,0,0,0,0,0,0,0,1,0,0,0,0,0,0,0,0,0,0,0,0,0,0,0,0,0,0,0,0,0,0,0,0,0,0,0,0,0
"386",11010102,2,1,1,2,2,2,2,2,2,2,4,0,0,0,0,"Dorf Wartenberg",0,0,0,0,0,0,0,0,0,0,0,0,1,0,0,0,0,0,0,0,0,0,0,0,0,0,0,0,0,0,0,0,0,0,0,0,0,0,0,0,0,0
"387",11010103,4,1,2,2,3,3,3,3,4,4,2.00136892539357,4,8,0,0,"Dorf Falkenberg",0,0,0,0,0,0,0,0,0,0,0,0,1,0,0,0,0,0,0,0,0,0,0,0,0,0,0,0,0,0,0,0,0,0,0,0,0,0,0,0,0,0
"388",11010204,4,1,2,2,3,3,3,4,4,4,2.00136892539357,4,5.99863107460643,0,0,"Falkenberg Ost",0,0,0,0,0,0,0,0,0,0,0,0,1,0,0,0,0,0,0,0,0,0,0,0,0,0,0,0,0,0,0,0,0,0,0,0,0,0,0,0,0,0
"389",11010205,2,1,2,2,2,2,2,2,2,2,2.00136892539357,0,0,0,0,"Falkenberg West",0,0,0,0,0,0,0,0,0,0,0,0,1,0,0,0,0,0,0,0,0,0,0,0,0,0,0,0,0,0,0,0,0,0,0,0,0,0,0,0,0,0
"390",11010206,1,1,1,1,1,1,1,1,1,1,0,0,0,0,0,"Wartenberg Süd",0,0,0,0,0,0,0,0,0,0,0,0,1,0,0,0,0,0,0,0,0,0,0,0,0,0,0,0,0,0,0,0,0,0,0,0,0,0,0,0,0,0
"391",11010207,1,1,1,1,1,1,1,1,1,1,0,0,0,0,0,"Wartenberg Nord",0,0,0,0,0,0,0,0,0,0,0,0,1,0,0,0,0,0,0,0,0,0,0,0,0,0,0,0,0,0,0,0,0,0,0,0,0,0,0,0,0,0
"392",11010308,2,1,2,2,2,2,2,2,2,2,2.00136892539357,0,0,0,0,"Zingster Straße Ost",0,0,0,0,0,0,0,0,0,0,0,0,1,0,0,0,0,0,0,0,0,0,0,0,0,0,0,0,0,0,0,0,0,0,0,0,0,0,0,0,0,0
"393",11010309,2,1,2,2,2,2,2,2,2,2,2.00136892539357,0,0,0,0,"Zingster Straße West",0,0,0,0,0,0,0,0,0,0,0,0,1,0,0,0,0,0,0,0,0,0,0,0,0,0,0,0,0,0,0,0,0,0,0,0,0,0,0,0,0,0
"394",11010310,2,1,1,1,1,1,1,1,1,2,16,0,0,0,0,"Mühlengrund",0,0,0,0,0,0,0,0,0,0,0,0,1,0,0,0,0,0,0,0,0,0,0,0,0,0,0,0,0,0,0,0,0,0,0,0,0,0,0,0,0,0
"395",11020411,2,1,2,2,2,2,2,2,2,2,2.00136892539357,0,0,0,0,"Malchower Weg",0,0,0,0,0,0,0,0,0,0,0,0,1,0,0,0,0,0,0,0,0,0,0,0,0,0,0,0,0,0,0,0,0,0,0,0,0,0,0,0,0,0
"396",11020412,1,1,1,1,1,1,1,1,1,1,0,0,0,0,0,"Hauptstraße",0,0,0,0,0,0,0,0,0,0,0,0,1,0,0,0,0,0,0,0,0,0,0,0,0,0,0,0,0,0,0,0,0,0,0,0,0,0,0,0,0,0
"397",11020513,2,1,1,1,2,2,2,2,2,2,6.00136892539357,0,0,0,0,"Orankesee",0,0,0,0,0,0,0,0,0,0,0,0,1,0,0,0,0,0,0,0,0,0,0,0,0,0,0,0,0,0,0,0,0,0,0,0,0,0,0,0,0,0
"398",11020514,2,1,1,1,1,1,1,1,2,2,14.0013689253936,0,0,0,0,"Große-Leege-Straße",0,0,0,0,0,0,0,0,0,0,0,0,1,0,0,0,0,0,0,0,0,0,0,0,0,0,0,0,0,0,0,0,0,0,0,0,0,0,0,0,0,0
"399",11020515,1,1,1,1,1,1,1,1,1,1,0,0,0,0,0,"Landsberger Allee",0,0,0,0,0,0,0,0,0,0,0,0,1,0,0,0,0,0,0,0,0,0,0,0,0,0,0,0,0,0,0,0,0,0,0,0,0,0,0,0,0,0
"400",11020516,2,1,1,1,1,1,1,1,1,2,16,0,0,0,0,"Weiße Taube",0,0,0,0,0,0,0,0,0,0,0,0,1,0,0,0,0,0,0,0,0,0,0,0,0,0,0,0,0,0,0,0,0,0,0,0,0,0,0,0,0,0
"401",11030617,4,1,2,3,4,4,4,4,4,4,2.00136892539357,1.99863107460643,2.00136892539357,0,0,"Hohenschönhausener Straße",0,0,0,0,0,0,0,0,0,0,0,0,1,0,0,0,0,0,0,0,0,0,0,0,0,0,0,0,0,0,0,0,0,0,0,0,0,0,0,0,0,0
"402",11030618,1,1,1,1,1,1,1,1,1,1,0,0,0,0,0,"Fennpfuhl West",0,0,0,0,0,0,0,0,0,0,0,0,1,0,0,0,0,0,0,0,0,0,0,0,0,0,0,0,0,0,0,0,0,0,0,0,0,0,0,0,0,0
"403",11030619,4,1,2,3,3,4,4,4,4,4,2.00136892539357,1.99863107460643,4,0,0,"Fennpfuhl Ost",0,0,0,0,0,0,0,0,0,0,0,0,1,0,0,0,0,0,0,0,0,0,0,0,0,0,0,0,0,0,0,0,0,0,0,0,0,0,0,0,0,0
"404",11030720,2,1,1,1,1,1,2,2,2,2,10.0013689253936,0,0,0,0,"Herzbergstraße",0,0,0,0,0,0,0,0,0,0,0,0,1,0,0,0,0,0,0,0,0,0,0,0,0,0,0,0,0,0,0,0,0,0,0,0,0,0,0,0,0,0
"405",11030721,2,1,1,1,1,1,1,1,2,2,14.0013689253936,0,0,0,0,"Rüdigerstraße",0,0,0,0,0,0,0,0,0,0,0,0,1,0,0,0,0,0,0,0,0,0,0,0,0,0,0,0,0,0,0,0,0,0,0,0,0,0,0,0,0,0
"406",11030824,2,1,1,1,2,2,2,2,2,2,6.00136892539357,0,0,0,0,"Frankfurter Allee Süd",0,0,0,0,0,0,0,0,0,0,0,0,1,2018,0,0,0,0,0,0,0,0,1.44087491455913,3.44224196855776,0,0,0,0,0,0,0,0,0,0,0,0,0,0,0,0,0,1
"407",11040925,1,0,0,0,1,1,1,1,1,1,0,0,0,0,0,"Victoriastadt",1,2018,0,0,0,0,0,0,0,0,1.44087491455913,3.44224196855776,2,2018,0,0,0,0,0,0,0,0,1.44087491455913,3.44224196855776,0,0,0,0,0,0,0,0,1,0,0,0,0,0,0,0,0,1
"408",11040926,1,1,1,1,1,1,1,1,1,1,0,0,0,0,0,"Weitlingstraße",1,2018,0,0,0,0,0,0,0,0,0.524948735475051,2.52631578947368,2,2018,0,0,0,0,0,0,0,0,1.44087491455913,3.44224196855776,0,0,0,0,0,0,0,0,1,0,0,0,0,0,0,0,0,1
"409",11041022,3,1,1,1,1,1,2,2,2,3,10.0013689253936,5.99863107460643,0,0,0,"Rosenfelder Ring",0,0,0,0,0,0,0,0,0,0,0,0,1,0,0,0,0,0,0,0,0,0,0,0,0,0,0,0,0,0,0,0,0,0,0,0,0,0,0,0,0,0
"410",11041023,2,1,1,1,1,1,1,1,1,2,16,0,0,0,0,"Gensinger Straße",0,0,0,0,0,0,0,0,0,0,0,0,1,0,0,0,0,0,0,0,0,0,0,0,0,0,0,0,0,0,0,0,0,0,0,0,0,0,0,0,0,0
"411",11041027,1,1,1,1,1,1,1,1,1,1,0,0,0,0,0,"Tierpark",0,0,0,0,0,0,0,0,0,0,0,0,1,0,0,0,0,0,0,0,0,0,0,0,0,0,0,0,0,0,0,0,0,0,0,0,0,0,0,0,0,0
"412",11041128,3,1,1,2,3,3,3,3,3,3,4,2.00136892539357,0,0,0,"Sewanstraße",0,0,0,0,0,0,0,0,0,0,0,0,1,2018,0,0,0,0,0,0,0,0,0.524948735475051,2.52631578947368,0,0,0,0,0,0,0,0,0,0,0,0,0,0,0,0,0,1
"413",11051229,1,1,1,1,1,1,1,1,1,1,0,0,0,0,0,"Rummelsburg",0,0,0,0,0,0,0,0,0,0,0,0,1,2018,0,0,0,0,0,0,0,0,1.44087491455913,3.44224196855776,0,0,0,0,0,0,0,0,0,0,0,0,0,0,0,0,0,1
"414",11051330,2,1,1,2,2,2,2,2,2,2,4,0,0,0,0,"Karlshorst West",0,0,0,0,0,0,0,0,0,0,0,0,1,0,0,0,0,0,0,0,0,0,0,0,0,0,0,0,0,0,0,0,0,0,0,0,0,0,0,0,0,0
"415",11051331,2,1,1,1,1,1,1,1,2,2,14.0013689253936,0,0,0,0,"Karlshorst Nord",0,0,0,0,0,0,0,0,0,0,0,0,1,0,0,0,0,0,0,0,0,0,0,0,0,0,0,0,0,0,0,0,0,0,0,0,0,0,0,0,0,0
"416",11051332,4,1,1,2,3,4,4,4,4,4,4,2.00136892539357,1.99863107460643,0,0,"Karlshorst Süd",0,0,0,0,0,0,0,0,0,0,0,0,1,0,0,0,0,0,0,0,0,0,0,0,0,0,0,0,0,0,0,0,0,0,0,0,0,0,0,0,0,0
"417",12103115,2,1,1,1,1,1,2,2,2,2,10.0013689253936,0,0,0,0,"Breitkopfbecken",0,0,0,0,0,0,0,0,0,0,0,0,1,0,0,0,0,0,0,0,0,0,0,0,0,0,0,0,0,0,0,0,0,0,0,0,0,0,0,0,0,0
"418",12103116,2,1,2,2,2,2,2,2,2,2,2.00136892539357,0,0,0,0,"Hausotterplatz",0,0,0,0,0,0,0,0,0,0,0,0,1,2019,0,0,0,0,0,0,0,0,0.281613123718387,2.28298017771702,0,0,0,0,0,0,0,0,0,0,0,0,0,0,0,0,0,1
"419",12103117,4,1,2,2,2,2,2,3,4,4,2.00136892539357,9.99863107460643,2.00136892539357,0,0,"Letteplatz",1,2019,0,0,0,0,0,0,0,0,0.00273410799726589,2.0041011619959,2,2019,0,0,0,0,0,0,0,0,0.00273410799726589,2.0041011619959,0,0,0,0,0,0,0,0,1,0,0,0,0,0,0,0,0,1
"420",12103218,2,1,1,1,1,1,2,2,2,2,10.0013689253936,0,0,0,0,"Teichstraße",0,0,0,0,0,0,0,0,0,0,0,0,1,0,0,0,0,0,0,0,0,0,0,0,0,0,0,0,0,0,0,0,0,0,0,0,0,0,0,0,0,0
"421",12103219,2,1,1,1,1,1,1,2,2,2,12,0,0,0,0,"Schäfersee",0,0,0,0,0,0,0,0,0,0,0,0,1,2019,0,0,0,0,0,0,0,0,0.00273410799726589,2.0041011619959,0,0,0,0,0,0,0,0,0,0,0,0,0,0,0,0,0,1
"422",12103220,2,1,1,1,1,1,1,1,2,2,14.0013689253936,0,0,0,0,"Humboldtstraße",0,0,0,0,0,0,0,0,0,0,0,0,1,0,0,0,0,0,0,0,0,0,0,0,0,0,0,0,0,0,0,0,0,0,0,0,0,0,0,0,0,0
"423",12214125,4,1,2,3,3,4,4,4,4,4,2.00136892539357,1.99863107460643,4,0,0,"Waldidyll/Flughafensee",0,0,0,0,0,0,0,0,0,0,0,0,1,0,0,0,0,0,0,0,0,0,0,0,0,0,0,0,0,0,0,0,0,0,0,0,0,0,0,0,0,0
"424",12214126,3,1,2,2,2,3,3,3,3,3,2.00136892539357,5.99863107460643,0,0,0,"Tegel Süd",0,0,0,0,0,0,0,0,0,0,0,0,1,0,0,0,0,0,0,0,0,0,0,0,0,0,0,0,0,0,0,0,0,0,0,0,0,0,0,0,0,0
"425",12214421,2,1,1,1,1,1,1,2,2,2,12,0,0,0,0,"Reinickes Hof",0,0,0,0,0,0,0,0,0,0,0,0,1,0,0,0,0,0,0,0,0,0,0,0,0,0,0,0,0,0,0,0,0,0,0,0,0,0,0,0,0,0
"426",12214422,2,1,1,1,1,2,2,2,2,2,8,0,0,0,0,"Klixstraße",0,0,0,0,0,0,0,0,0,0,0,0,1,0,0,0,0,0,0,0,0,0,0,0,0,0,0,0,0,0,0,0,0,0,0,0,0,0,0,0,0,0
"427",12214423,3,1,1,1,1,1,2,3,3,3,10.0013689253936,1.99863107460643,0,0,0,"Mellerbogen",0,0,0,0,0,0,0,0,0,0,0,0,1,0,0,0,0,0,0,0,0,0,0,0,0,0,0,0,0,0,0,0,0,0,0,0,0,0,0,0,0,0
"428",12214424,2,1,1,1,1,1,2,2,2,2,10.0013689253936,0,0,0,0,"Scharnweberstraße",0,0,0,0,0,0,0,0,0,0,0,0,1,0,0,0,0,0,0,0,0,0,0,0,0,0,0,0,0,0,0,0,0,0,0,0,0,0,0,0,0,0
"429",12214527,1,1,1,1,1,1,1,1,1,1,0,0,0,0,0,"Alt-Tegel",0,0,0,0,0,0,0,0,0,0,0,0,1,0,0,0,0,0,0,0,0,0,0,0,0,0,0,0,0,0,0,0,0,0,0,0,0,0,0,0,0,0
"430",12214528,2,0,1,1,1,1,1,2,2,2,9.99863107460643,0,0,0,0,"Tegeler Forst",0,0,0,0,0,0,0,0,0,0,0,0,1,0,0,0,0,0,0,0,0,0,0,0,0,0,0,0,0,0,0,0,0,0,0,0,0,0,0,0,0,0
"431",12224229,2,0,1,1,2,2,2,2,2,2,4,0,0,0,0,"Konradshöhe/Tegelort",0,0,0,0,0,0,0,0,0,0,0,0,1,0,0,0,0,0,0,0,0,0,0,0,0,0,0,0,0,0,0,0,0,0,0,0,0,0,0,0,0,0
"432",12224230,1,0,1,1,1,1,1,1,1,1,0,0,0,0,0,"Heiligensee",0,0,0,0,0,0,0,0,0,0,0,0,1,0,0,0,0,0,0,0,0,0,0,0,0,0,0,0,0,0,0,0,0,0,0,0,0,0,0,0,0,0
"433",12231101,2,0,1,1,1,1,1,1,1,2,13.9986310746064,0,0,0,0,"Hermsdorf",0,0,0,0,0,0,0,0,0,0,0,0,1,0,0,0,0,0,0,0,0,0,0,0,0,0,0,0,0,0,0,0,0,0,0,0,0,0,0,0,0,0
"434",12231102,1,0,1,1,1,1,1,1,1,1,0,0,0,0,0,"Frohnau",0,0,0,0,0,0,0,0,0,0,0,0,1,0,0,0,0,0,0,0,0,0,0,0,0,0,0,0,0,0,0,0,0,0,0,0,0,0,0,0,0,0
"435",12301203,2,1,1,1,1,2,2,2,2,2,8,0,0,0,0,"Wittenau Süd",0,0,0,0,0,0,0,0,0,0,0,0,1,0,0,0,0,0,0,0,0,0,0,0,0,0,0,0,0,0,0,0,0,0,0,0,0,0,0,0,0,0
"436",12301204,2,1,1,1,1,1,1,1,2,2,14.0013689253936,0,0,0,0,"Wittenau Nord",0,0,0,0,0,0,0,0,0,0,0,0,1,0,0,0,0,0,0,0,0,0,0,0,0,0,0,0,0,0,0,0,0,0,0,0,0,0,0,0,0,0
"437",12301205,3,0,1,2,3,3,3,3,3,3,1.99863107460643,2.00136892539357,0,0,0,"Waidmannslust",0,0,0,0,0,0,0,0,0,0,0,0,1,0,0,0,0,0,0,0,0,0,0,0,0,0,0,0,0,0,0,0,0,0,0,0,0,0,0,0,0,0
"438",12301206,4,0,1,2,2,2,2,3,4,4,1.99863107460643,8,2.00136892539357,0,0,"Lübars",0,0,0,0,0,0,0,0,0,0,0,0,1,0,0,0,0,0,0,0,0,0,0,0,0,0,0,0,0,0,0,0,0,0,0,0,0,0,0,0,0,0
"439",12302107,1,0,1,1,1,1,1,1,1,1,0,0,0,0,0,"Schorfheidestraße",0,0,0,0,0,0,0,0,0,0,0,0,1,0,0,0,0,0,0,0,0,0,0,0,0,0,0,0,0,0,0,0,0,0,0,0,0,0,0,0,0,0
"440",12302108,2,0,1,1,1,1,1,2,2,2,9.99863107460643,0,0,0,0,"Märkisches Zentrum",0,0,0,0,0,0,0,0,0,0,0,0,1,0,0,0,0,0,0,0,0,0,0,0,0,0,0,0,0,0,0,0,0,0,0,0,0,0,0,0,0,0
"441",12302109,2,0,0,1,1,1,2,2,2,2,6.00136892539357,0,0,0,0,"Treuenbrietzener Straße",0,0,0,0,0,0,0,0,0,0,0,0,1,0,0,0,0,0,0,0,0,0,0,0,0,0,0,0,0,0,0,0,0,0,0,0,0,0,0,0,0,0
"442",12302110,2,0,1,1,1,1,2,2,2,2,8,0,0,0,0,"Dannenwalder Weg",0,0,0,0,0,0,0,0,0,0,0,0,1,0,0,0,0,0,0,0,0,0,0,0,0,0,0,0,0,0,0,0,0,0,0,0,0,0,0,0,0,0
"443",12302211,2,0,1,1,1,2,2,2,2,2,5.99863107460643,0,0,0,0,"Lübarser Straße",0,0,0,0,0,0,0,0,0,0,0,0,1,0,0,0,0,0,0,0,0,0,0,0,0,0,0,0,0,0,0,0,0,0,0,0,0,0,0,0,0,0
"444",12302212,2,0,1,1,1,1,2,2,2,2,8,0,0,0,0,"Rollbergesiedlung",0,0,0,0,0,0,0,0,0,0,0,0,1,0,0,0,0,0,0,0,0,0,0,0,0,0,0,0,0,0,0,0,0,0,0,0,0,0,0,0,0,0
"445",12304313,2,1,2,2,2,2,2,2,2,2,2.00136892539357,0,0,0,0,"Borsigwalde",0,0,0,0,0,0,0,0,0,0,0,0,1,0,0,0,0,0,0,0,0,0,0,0,0,0,0,0,0,0,0,0,0,0,0,0,0,0,0,0,0,0
"446",12304314,2,1,2,2,2,2,2,2,2,2,2.00136892539357,0,0,0,0,"Ziekowstraße/Freie Scholle",0,0,0,0,0,0,0,0,0,0,0,0,1,0,0,0,0,0,0,0,0,0,0,0,0,0,0,0,0,0,0,0,0,0,0,0,0,0,0,0,0,0
