ZEIT;RAUMID;BEZ;PGR;BZR;PLR;STADTRAUM;E_A;E_AM;E_AW;E_A00_01;E_A01_02;E_A02_03;E_A03_05;E_A05_06;E_A06_07;E_A07_08;E_A08_10;E_A10_12;E_A12_14;E_A14_15;E_A15_18;E_A18_21;E_A21_25;E_A25_27;E_A27_30;E_A30_35;E_A35_40;E_A40_45;E_A45_50;E_A50_55;E_A55_60;E_A60_63;E_A63_65;E_A65_67;E_A67_70;E_A70_75;E_A75_80;E_A80_85;E_A85_90;E_A90_95;E_A95_110;E_AU1;E_A1U6;E_A6U15;E_A15U18;E_A18U25;E_A25U55;E_A55U65;E_A65U80;E_A80U110
200212;01011101;01;01;11;01;1;1068;612;456;0;0;0;9;6;6;6;6;9;19;3;12;61;159;105;128;127;93;70;92;67;35;16;0;9;9;9;9;0;0;0;3;0;15;49;12;220;682;51;36;3
200212;01011102;01;01;11;02;1;37;28;9;0;0;0;0;0;0;0;0;0;0;0;0;0;0;0;4;9;6;9;0;0;6;0;0;3;0;0;0;0;0;0;0;0;0;0;0;0;28;6;3;0
200212;01011103;01;01;11;03;1;1438;721;717;0;9;9;32;13;6;0;22;37;28;28;53;39;92;53;94;157;164;154;113;103;72;18;19;32;22;22;15;13;16;3;0;0;63;121;53;131;838;109;91;32
200212;01011104;01;01;11;04;1;1705;884;821;13;9;10;50;24;21;24;45;47;49;38;65;75;143;87;134;197;171;141;82;67;61;27;19;16;19;35;18;12;3;3;0;13;93;224;65;218;879;107;88;18
200212;01011105;01;01;11;05;1;209;117;92;3;0;4;3;0;0;0;3;6;3;0;9;6;19;0;3;34;28;18;22;15;12;3;6;0;6;3;0;3;0;0;0;3;7;12;9;25;120;21;9;3
200212;01011201;01;01;12;01;1;589;332;257;6;6;3;0;3;7;10;12;12;12;4;15;24;24;15;27;58;55;76;64;64;38;9;7;15;7;4;9;0;3;0;0;6;12;57;15;48;359;54;35;3
200212;01011202;01;01;12;02;1;56;26;30;0;0;0;0;0;0;0;0;0;0;0;0;3;10;6;6;9;6;7;0;0;6;3;0;0;0;0;0;0;0;0;0;0;0;0;0;13;34;9;0;0
200212;01011203;01;01;12;03;1;378;206;172;0;0;0;7;0;3;0;0;6;6;0;13;15;18;15;33;45;30;37;40;43;21;3;23;3;10;4;3;0;0;0;0;0;7;15;13;33;243;47;20;0
200212;01011204;01;01;12;04;1;1138;657;481;3;3;4;6;12;12;3;15;16;18;18;29;47;81;55;79;115;120;72;129;87;88;30;16;9;21;28;12;3;0;7;0;3;25;82;29;128;657;134;70;10
200212;01011301;01;01;13;01;1;692;397;295;0;6;3;3;6;0;0;6;9;6;0;9;6;69;35;73;139;78;82;56;48;12;6;9;3;10;9;3;3;3;0;0;0;18;21;9;75;511;27;25;6
200212;01011302;01;01;13;02;1;1638;904;734;6;12;6;15;16;9;12;19;33;15;3;49;53;173;103;196;339;228;131;90;40;53;0;20;0;3;11;0;3;0;0;0;6;49;91;49;226;1127;73;14;3
200212;01011303;01;01;13;03;1;976;530;446;9;6;0;15;3;3;3;10;19;13;7;20;31;109;46;114;165;94;92;64;52;28;6;6;9;15;25;6;3;3;0;0;9;24;55;20;140;627;40;55;6
200212;01011304;01;01;13;04;1;802;419;383;3;6;9;19;9;10;3;35;25;12;12;39;18;61;29;41;102;99;69;60;21;29;12;9;7;12;21;23;0;7;0;0;3;43;97;39;79;421;50;63;7
200212;01011305;01;01;13;05;1;697;400;297;3;0;6;21;7;0;6;3;16;15;13;15;23;71;41;52;97;86;36;60;44;40;18;6;0;6;6;3;3;0;0;0;3;34;53;15;94;416;64;15;3
200212;01011306;01;01;13;06;1;1048;654;394;6;0;3;28;6;9;6;9;6;15;9;59;86;73;56;113;152;123;98;65;63;22;9;0;3;10;10;9;0;0;0;0;6;37;54;59;159;670;31;32;0
200212;01011401;01;01;14;01;1;1938;1022;916;9;18;20;41;15;21;18;35;30;22;10;37;55;207;139;254;380;242;166;81;46;37;13;9;3;9;9;9;0;3;0;0;9;94;136;37;262;1308;59;30;3
200212;01011402;01;01;14;02;1;1228;659;569;0;0;3;3;0;0;3;6;3;9;0;16;33;127;109;175;328;190;101;33;31;27;7;3;12;0;3;0;6;0;0;0;0;6;21;16;160;967;37;15;6
200212;01022101;01;02;21;01;1;965;514;451;3;12;9;21;10;18;16;21;26;28;13;36;34;72;63;58;120;121;52;71;64;37;28;0;7;6;9;0;3;3;4;0;3;52;122;36;106;549;65;22;10
200212;01022102;01;02;21;02;1;2308;1251;1057;12;10;13;71;21;21;27;46;75;52;21;55;63;209;117;213;275;239;171;151;129;119;51;46;15;36;28;6;12;0;4;0;12;115;242;55;272;1295;216;85;16
200212;01022103;01;02;21;03;1;67;49;18;0;0;0;0;0;0;0;0;3;6;0;0;0;3;0;6;18;3;10;6;3;3;0;3;3;0;0;0;0;0;0;0;0;0;9;0;3;46;6;3;0
200212;01022104;01;02;21;04;1;4901;2627;2274;19;35;7;104;49;47;49;91;99;117;54;163;194;336;208;375;591;534;430;329;295;273;139;85;77;89;69;18;12;10;3;0;19;195;457;163;530;2762;497;253;25
200212;01022105;01;02;21;05;1;1437;766;671;6;12;12;31;16;18;19;30;32;39;18;25;46;114;57;125;201;162;131;78;93;55;28;21;18;21;9;14;6;0;0;0;6;71;156;25;160;847;104;62;6
200212;01022106;01;02;21;06;1;1868;962;906;3;0;9;25;21;19;9;32;32;30;20;58;40;145;77;148;266;223;186;144;123;91;54;23;22;25;19;15;9;0;0;0;3;55;142;58;185;1167;168;81;9
200212;01022201;01;02;22;01;1;3196;1677;1519;24;9;15;83;33;40;40;78;88;85;47;106;131;239;171;240;429;363;249;176;160;141;79;49;42;21;28;12;9;3;6;0;24;140;378;106;370;1788;269;103;18
200212;01022202;01;02;22;02;1;568;292;276;3;0;6;24;12;9;6;27;16;21;15;23;28;43;18;37;48;66;43;21;21;36;15;11;0;12;3;4;0;0;0;0;3;42;94;23;71;254;62;19;0
200212;01022203;01;02;22;03;1;2301;1145;1156;9;6;12;57;37;25;22;48;53;63;40;104;109;149;93;149;233;220;150;146;163;141;86;39;49;40;22;24;3;6;3;0;9;112;251;104;258;1154;266;135;12
200212;01022204;01;02;22;04;1;1176;649;527;6;3;6;22;9;11;6;18;19;31;11;22;43;99;53;74;146;142;93;80;96;41;38;4;36;19;21;18;3;3;0;3;6;40;96;22;142;684;83;94;9
200212;01022205;01;02;22;05;1;780;383;397;0;0;3;18;3;9;9;18;31;27;10;38;33;38;12;53;72;75;75;47;49;41;37;12;9;10;20;6;18;4;3;0;0;24;104;38;71;383;90;45;25
200212;01022206;01;02;22;06;1;582;321;261;3;3;6;3;0;7;3;9;7;15;6;21;16;33;43;51;91;60;82;33;39;18;9;9;0;9;3;3;0;0;0;0;3;12;47;21;49;399;36;15;0
200212;01022207;01;02;22;07;1;1641;854;787;3;3;3;29;15;3;10;13;13;12;9;15;73;379;213;223;184;122;81;49;54;39;24;10;16;12;6;19;6;0;3;0;3;50;60;15;452;926;73;53;9
200212;01033101;01;03;31;01;1;7869;4202;3667;44;44;61;255;133;152;113;225;259;253;117;323;322;557;315;502;895;845;579;429;412;365;234;116;105;95;72;25;15;4;3;0;44;493;1119;323;879;3977;715;297;22
200212;01033102;01;03;31;02;1;3845;2005;1840;22;25;22;109;60;61;54;109;117;117;74;186;147;259;136;260;440;345;314;217;190;201;101;77;59;45;47;24;6;9;9;3;22;216;532;186;406;1902;379;175;27
200212;01033201;01;03;32;01;1;3549;1874;1675;15;12;16;103;55;46;56;139;117;129;55;166;175;220;139;208;346;408;249;219;190;153;89;67;38;57;51;13;12;6;0;0;15;186;542;166;395;1759;309;159;18
200212;01033202;01;03;32;02;1;2417;1206;1211;18;0;6;46;22;37;13;68;71;83;45;105;84;170;114;178;340;234;168;87;136;131;101;40;30;21;45;12;9;0;3;0;18;74;317;105;254;1257;272;108;12
200212;01033203;01;03;32;03;1;4666;2472;2194;21;38;31;139;77;66;67;145;144;128;84;200;177;334;210;331;501;486;320;239;240;218;165;78;57;59;66;21;15;0;3;6;21;285;634;200;511;2327;461;203;24
200212;01044101;01;04;41;01;1;3584;1936;1648;21;15;22;61;35;34;42;73;73;84;57;111;153;280;162;331;462;360;305;227;227;180;86;37;36;43;39;25;3;0;0;0;21;133;363;111;433;2074;303;143;3
200212;01044102;01;04;41;02;1;2247;1159;1088;9;24;9;47;24;34;20;39;58;45;25;63;77;140;122;150;281;273;156;140;171;138;49;40;31;24;12;22;9;6;9;0;9;104;221;63;217;1293;227;89;24
200212;01044103;01;04;41;03;1;2013;1141;872;9;9;6;37;18;22;27;24;53;56;21;71;61;150;80;152;304;228;195;98;118;103;64;39;15;21;17;9;6;0;0;0;9;70;203;71;211;1175;206;62;6
200212;01044201;01;04;42;01;1;8077;4312;3765;45;59;67;245;120;96;117;254;274;258;139;358;321;491;377;544;968;860;578;456;425;324;217;129;97;89;85;41;16;12;12;3;45;491;1138;358;812;4208;670;312;43
200212;01044202;01;04;42;02;1;5607;3048;2559;19;34;36;133;59;64;65;134;106;119;47;176;278;583;356;571;779;559;363;308;237;241;85;66;66;48;30;28;10;7;0;0;19;262;535;176;861;3173;392;172;17
200212;01044203;01;04;42;03;1;5778;3152;2626;34;29;24;146;74;85;65;115;146;151;78;177;258;509;218;405;660;576;422;315;317;369;192;105;72;98;83;13;24;9;6;3;34;273;640;177;767;2913;666;266;42
200212;02010101;02;01;01;01;1;2522;1337;1185;6;3;12;60;27;34;28;62;61;69;42;67;110;223;148;224;333;291;181;155;130;77;39;43;12;13;34;9;16;6;0;7;6;102;296;67;333;1462;159;68;29
200212;02010102;02;01;01;02;1;4097;2100;1997;21;21;19;106;68;60;52;147;157;125;67;170;123;200;137;294;502;504;335;219;177;185;99;60;54;56;57;52;18;9;3;0;21;214;608;170;323;2168;344;219;30
200212;02010103;02;01;01;03;1;4306;2258;2048;25;28;19;125;71;59;52;111;127;97;64;142;147;271;192;328;554;484;292;238;203;237;129;60;77;69;46;38;12;6;0;3;25;243;510;142;418;2291;426;230;21
200212;02010104;02;01;01;04;1;2041;1067;974;13;8;34;86;46;34;32;86;88;94;36;118;80;97;61;105;236;214;160;85;59;83;42;40;20;33;38;7;3;0;3;0;13;174;370;118;177;920;165;98;6
200212;02020201;02;02;02;01;1;64;37;27;0;3;0;0;0;0;0;0;0;0;0;0;3;9;3;0;9;9;3;0;6;6;3;0;0;6;4;0;0;0;0;0;0;3;0;0;12;30;9;10;0
200212;02020202;02;02;02;02;1;1296;672;624;3;0;10;18;30;6;14;19;32;31;16;35;52;83;43;106;135;159;121;92;77;82;41;41;13;12;16;3;6;0;0;0;3;58;118;35;135;733;164;44;6
200212;02020203;02;02;02;03;1;2107;1122;985;10;3;6;19;23;17;12;40;29;34;15;58;49;161;104;191;286;279;213;140;117;108;49;23;30;37;30;12;6;6;0;0;10;51;147;58;210;1330;180;109;12
200212;02020204;02;02;02;04;1;2824;1568;1256;16;0;12;49;18;30;36;63;40;27;27;70;58;190;150;228;346;334;251;213;184;161;86;65;31;50;53;15;9;3;3;6;16;79;223;70;248;1706;312;149;21
200212;02020205;02;02;02;05;1;3824;2007;1817;9;18;22;80;36;27;38;90;93;85;31;99;75;230;165;227;511;474;307;251;244;244;133;59;57;86;63;25;15;15;9;6;9;156;364;99;305;2179;436;231;45
200212;02020206;02;02;02;06;1;5475;2999;2476;25;44;29;138;76;68;69;130;136;148;64;191;221;387;182;405;673;645;481;348;274;234;117;94;72;97;61;33;16;10;4;3;25;287;615;191;608;3008;445;263;33
200212;02030301;02;03;03;01;1;4635;2438;2197;19;32;18;125;68;65;64;142;105;152;86;212;209;269;176;253;463;487;340;233;242;293;199;113;80;59;73;34;15;6;3;0;19;243;614;212;478;2194;605;246;24
200212;02030302;02;03;03;02;1;4833;2592;2241;17;25;15;141;50;72;69;131;133;135;65;198;198;350;189;325;506;525;346;272;238;286;143;111;68;89;80;33;13;4;3;3;17;231;605;198;548;2401;540;270;23
200212;02030401;02;03;04;01;1;4644;2484;2160;24;30;18;86;42;46;39;92;104;116;65;151;177;303;192;378;627;521;374;241;281;282;148;82;54;80;49;24;6;12;0;0;24;176;462;151;480;2614;512;207;18
200212;02030402;02;03;04;02;1;4390;2341;2049;9;4;17;120;66;62;52;90;123;119;62;164;162;294;195;289;499;460;327;251;244;242;165;94;84;70;77;34;6;3;3;3;9;207;508;164;456;2265;501;265;15
200212;02040501;02;04;05;01;1;329;158;171;0;0;9;3;6;6;0;9;15;3;0;13;9;15;6;22;39;57;43;15;12;13;6;6;3;4;3;12;0;0;0;0;0;18;33;13;24;194;25;22;0
200212;02040502;02;04;05;02;1;437;244;193;3;6;0;9;4;9;9;9;10;3;0;18;12;43;28;31;100;33;37;21;26;7;6;3;4;3;0;3;0;0;0;0;3;19;40;18;55;276;16;10;0
200212;02040503;02;04;05;03;1;644;362;282;0;3;3;3;6;15;3;7;17;6;6;15;23;67;55;62;113;95;72;46;6;6;3;0;0;3;0;9;0;0;0;0;0;15;54;15;90;449;9;12;0
200212;02040701;02;04;07;01;1;1510;821;689;6;14;16;12;19;9;16;25;12;12;6;31;52;238;129;176;276;155;85;68;49;36;9;12;10;10;6;12;6;3;0;0;6;61;80;31;290;938;57;38;9
200212;02040702;02;04;07;02;1;820;517;303;3;3;7;6;0;0;12;14;20;9;22;42;17;86;55;75;165;91;46;56;42;19;15;6;0;3;0;0;3;0;3;0;3;16;77;42;103;530;40;3;6
200212;02040703;02;04;07;03;1;234;136;98;0;6;0;17;3;7;0;6;12;7;9;10;9;9;13;15;42;22;15;16;3;10;3;0;0;0;0;0;0;0;0;0;0;26;41;10;18;126;13;0;0
200212;02050601;02;05;06;01;1;784;441;343;3;3;3;13;3;6;9;12;9;22;3;12;23;77;82;84;123;119;68;42;31;19;9;0;3;3;0;3;0;0;0;0;3;22;61;12;100;549;28;9;0
200212;02050602;02;05;06;02;1;1640;869;771;6;3;9;26;9;12;15;24;27;20;13;45;42;197;144;216;308;198;134;89;53;21;7;10;3;3;3;0;3;0;0;0;6;47;111;45;239;1142;38;9;3
200212;02050801;02;05;08;01;1;1550;858;692;9;13;4;40;9;15;24;27;33;33;17;33;45;135;106;185;294;212;144;94;41;16;3;3;6;3;6;0;0;0;0;0;9;66;149;33;180;1076;22;15;0
200212;02050802;02;05;08;02;1;1440;809;631;0;0;3;18;6;6;6;6;9;15;0;13;29;203;140;222;283;220;112;77;32;19;9;0;3;9;0;0;0;0;0;0;0;27;42;13;232;1086;28;12;0
200212;02050803;02;05;08;03;1;538;312;226;0;12;6;12;6;6;4;15;9;11;6;22;20;59;31;55;97;71;38;28;15;6;0;3;0;3;0;0;3;0;0;0;0;36;51;22;79;335;9;3;3
200212;02050804;02;05;08;04;1;120;75;45;0;0;0;0;0;0;0;0;3;6;0;3;3;9;0;3;24;21;3;20;18;3;0;0;0;4;0;0;0;0;0;0;0;0;9;3;12;89;3;4;0
200212;03010101;03;01;01;01;2;104;56;48;0;0;3;3;0;0;3;4;3;3;0;9;3;10;3;9;6;19;13;6;3;4;0;0;0;0;0;0;0;0;0;0;0;6;13;9;13;59;4;0;0
200212;03010102;03;01;01;02;2;305;176;129;0;0;0;0;6;0;6;0;6;3;4;4;9;18;19;42;57;30;38;21;18;12;3;0;3;0;6;0;0;0;0;0;0;6;19;4;27;225;15;9;0
200212;03010104;03;01;01;04;2;7;7;0;0;0;0;0;0;0;0;0;0;0;0;0;0;0;0;0;0;0;0;3;4;0;0;0;0;0;0;0;0;0;0;0;0;0;0;0;0;7;0;0;0
200212;03020203;03;02;02;03;2;15;9;6;0;0;0;3;0;0;0;0;0;0;0;0;0;0;0;0;3;3;0;3;3;0;0;0;0;0;0;0;0;0;0;0;0;3;0;0;0;12;0;0;0
200212;03020209;03;02;02;09;2;455;251;204;0;0;0;9;0;0;3;13;10;12;10;60;18;27;9;33;56;72;33;40;22;6;0;0;3;6;7;0;6;0;0;0;0;9;48;60;45;265;6;16;6
200212;03020210;03;02;02;10;2;190;107;83;0;0;3;6;0;0;0;0;3;0;0;0;7;12;13;12;32;21;21;22;7;16;3;0;0;6;3;0;3;0;0;0;0;9;3;0;19;128;19;9;3
200212;03020307;03;02;03;07;2;377;182;195;0;3;3;6;0;3;0;19;6;3;13;6;13;27;12;36;60;59;47;25;12;9;6;0;6;0;3;0;0;0;0;0;0;12;44;6;40;251;15;9;0
200212;03030405;03;03;04;05;2;225;122;103;0;3;9;9;0;3;6;9;6;3;0;6;3;9;16;25;42;39;16;9;3;6;0;3;0;0;0;0;0;0;0;0;0;21;27;6;12;150;9;0;0
200212;03030406;03;03;04;06;2;99;45;54;0;0;0;0;0;3;0;0;0;0;0;6;0;9;3;9;9;21;18;9;9;0;0;0;0;0;0;3;0;0;0;0;0;0;3;6;9;78;0;3;0
200212;03030711;03;03;07;11;2;50;22;28;0;0;0;3;0;0;0;0;4;0;0;3;0;3;0;0;16;3;3;6;0;3;0;0;0;3;3;0;0;0;0;0;0;3;4;3;3;28;3;6;0
200212;03030715;03;03;07;15;2;96;50;46;0;0;0;0;0;0;3;3;0;0;3;6;0;7;6;6;15;13;9;3;7;9;3;0;3;0;0;0;0;0;0;0;0;0;9;6;7;59;12;3;0
200212;03030716;03;03;07;16;2;15;9;6;0;0;0;0;0;0;0;0;0;3;0;0;0;0;0;6;0;3;0;0;0;3;0;0;0;0;0;0;0;0;0;0;0;0;3;0;0;9;3;0;0
200212;03040508;03;04;05;08;2;106;55;51;0;0;0;0;0;0;0;0;6;3;0;3;6;7;6;10;9;26;9;9;3;6;0;0;3;0;0;0;0;0;0;0;0;0;9;3;13;72;6;3;0
200212;03040512;03;04;05;12;2;286;146;140;3;0;0;3;0;0;0;12;9;9;6;12;6;22;10;32;64;34;13;18;18;6;0;0;6;3;0;0;0;0;0;0;3;3;36;12;28;189;6;9;0
200212;03040513;03;04;05;13;2;110;50;60;0;0;0;0;0;3;0;3;4;0;3;3;10;9;3;9;21;9;12;6;3;0;3;3;0;3;0;0;3;0;0;0;0;0;13;3;19;63;6;3;3
200212;03040614;03;04;06;14;2;1153;627;526;3;0;3;24;9;15;3;15;10;10;6;36;52;74;60;122;205;164;125;69;63;30;12;3;3;7;12;12;3;3;0;0;3;36;59;36;126;808;45;34;6
200212;03040818;03;04;08;18;2;1360;762;598;6;3;9;6;3;9;3;21;12;24;6;35;49;117;86;133;196;189;122;103;72;56;21;21;9;9;25;12;0;3;0;0;6;21;75;35;166;901;98;55;3
200212;03050919;03;05;09;19;2;94;61;33;0;0;0;0;0;0;3;3;0;6;0;0;3;6;3;15;15;16;6;6;9;3;0;0;0;0;0;0;0;0;0;0;0;0;12;0;9;70;3;0;0
200212;03050920;03;05;09;20;2;165;93;72;0;0;0;0;0;3;0;3;6;0;3;9;12;9;3;21;18;30;12;18;6;6;0;0;3;0;0;0;3;0;0;0;0;0;15;9;21;108;6;3;3
200212;03050923;03;05;09;23;2;345;185;160;0;4;0;9;0;6;0;6;3;0;3;3;9;30;24;42;76;47;28;15;9;3;9;3;0;6;3;7;0;0;0;0;0;13;18;3;39;241;15;16;0
200212;03050924;03;05;09;24;2;245;144;101;3;0;0;12;6;0;3;6;6;3;3;6;3;13;18;19;44;27;30;22;12;6;0;0;3;0;0;0;0;0;0;0;3;18;21;6;16;172;6;3;0
200212;03050925;03;05;09;25;2;284;138;146;3;3;0;6;0;3;3;3;0;6;10;37;6;15;9;27;46;30;31;13;6;12;3;0;3;3;0;6;0;0;0;0;3;9;25;37;21;162;15;12;0
200212;03051017;03;05;10;17;2;152;86;66;0;3;0;0;0;3;0;0;0;6;0;3;3;25;11;13;29;22;12;13;6;3;0;0;0;0;0;0;0;0;0;0;0;3;9;3;28;106;3;0;0
200212;03051021;03;05;10;21;2;177;84;93;0;0;0;0;6;0;3;4;0;6;0;0;13;50;19;22;12;15;14;10;0;0;0;0;0;3;0;0;0;0;0;0;0;6;13;0;63;92;0;3;0
200212;03051022;03;05;10;22;2;80;41;39;0;0;0;3;0;0;0;0;0;0;4;0;6;6;0;3;19;0;9;3;6;3;3;0;0;3;6;0;6;0;0;0;0;3;4;0;12;40;6;9;6
200212;03061126;03;06;11;26;1;1163;642;521;6;6;6;3;9;3;6;6;21;15;3;22;22;156;111;162;219;136;93;60;37;30;0;3;4;9;6;0;6;3;0;0;6;24;54;22;178;818;33;19;9
200212;03061131;03;06;11;31;1;1058;583;475;0;0;0;3;3;9;3;9;6;18;0;3;15;146;63;153;245;178;89;44;20;25;6;4;0;10;0;6;0;0;0;0;0;6;45;3;161;792;35;16;0
200212;03061227;03;06;12;27;1;960;536;424;0;7;6;15;12;3;0;12;3;0;0;13;18;84;89;146;181;133;105;64;27;15;3;3;6;0;12;3;0;0;0;0;0;40;18;13;102;745;21;21;0
200212;03061228;03;06;12;28;1;566;300;266;0;3;3;3;3;3;12;6;13;6;0;6;19;81;33;60;101;76;59;24;25;6;6;6;0;3;3;0;3;0;3;0;0;12;40;6;100;378;18;6;6
200212;03061332;03;06;13;32;1;2095;1153;942;3;4;6;6;0;18;6;12;14;18;10;15;34;201;188;387;519;316;125;108;50;24;9;3;7;6;3;3;0;0;0;0;3;16;78;15;235;1693;36;19;0
200212;03061429;03;06;14;29;1;212;116;96;0;3;3;3;3;0;3;6;6;0;3;16;3;20;9;16;28;18;28;13;12;7;3;0;0;0;6;0;0;0;3;0;0;12;18;16;23;124;10;6;3
200212;03061430;03;06;14;30;1;463;252;211;6;10;6;19;3;6;10;15;28;15;13;15;25;28;21;25;54;33;49;25;24;18;3;6;3;0;3;0;0;0;0;0;6;38;87;15;53;231;27;6;0
200212;03061434;03;06;14;34;1;376;214;162;0;0;3;9;3;0;3;6;3;0;0;0;15;33;30;55;56;66;42;21;22;3;0;0;0;3;0;3;0;0;0;0;0;15;12;0;48;292;3;6;0
200212;03061435;03;06;14;35;1;357;186;171;0;0;6;12;6;3;3;10;7;6;0;22;13;41;15;27;58;36;38;21;15;3;3;0;0;9;3;0;0;0;0;0;0;24;29;22;54;210;6;12;0
200212;03061441;03;06;14;41;1;23;11;12;0;0;0;0;0;0;3;0;0;0;0;0;0;0;3;0;9;4;4;0;0;0;0;0;0;0;0;0;0;0;0;0;0;0;3;0;0;20;0;0;0
200212;03071536;03;07;15;36;1;1246;673;573;3;9;3;9;9;6;6;21;12;6;4;16;30;113;104;210;267;206;96;58;15;16;9;6;0;3;6;0;0;3;0;0;3;30;55;16;143;956;31;9;3
200212;03071537;03;07;15;37;1;1568;795;773;18;3;3;9;9;3;10;16;6;12;0;12;27;161;147;230;370;221;113;78;52;27;14;6;6;0;3;3;3;0;3;3;18;24;47;12;188;1211;47;12;9
200212;03071633;03;07;16;33;1;91;51;40;0;0;0;0;0;0;0;3;0;3;0;4;3;15;0;6;24;3;9;3;6;0;6;3;0;0;3;0;0;0;0;0;0;0;6;4;18;51;9;3;0
200212;03071638;03;07;16;38;1;1443;721;722;3;9;3;15;9;6;6;3;13;9;6;23;27;162;128;200;355;208;101;67;47;19;3;9;3;6;0;3;0;0;0;0;3;36;43;23;189;1106;31;12;0
200212;03071639;03;07;16;39;1;1119;668;451;3;6;6;12;3;9;9;16;3;15;9;3;40;122;91;172;208;127;100;70;40;22;9;6;6;3;0;6;0;3;0;0;3;27;61;3;162;808;37;15;3
200212;04010101;04;01;01;01;2;1234;670;564;0;0;9;6;13;13;6;20;27;8;17;28;34;74;43;121;174;140;103;109;98;75;36;21;10;13;15;9;12;0;0;0;0;28;91;28;108;788;132;47;12
200212;04010102;04;01;01;02;2;130;81;49;0;0;0;3;0;0;0;6;7;3;0;0;9;6;6;9;10;15;16;12;18;0;7;0;0;3;0;0;0;0;0;0;0;3;16;0;15;86;7;3;0
200212;04010103;04;01;01;03;2;1152;585;567;10;3;6;33;16;13;15;25;28;31;7;39;37;53;43;79;171;120;81;76;55;81;33;18;13;12;17;19;15;3;0;0;10;58;119;39;90;625;132;61;18
200212;04020204;04;02;02;04;2;13;10;3;0;0;0;0;0;0;0;0;0;0;0;0;4;0;0;0;0;0;3;0;0;0;3;0;0;0;3;0;0;0;0;0;0;0;0;0;4;3;3;3;0
200212;04020205;04;02;02;05;2;125;61;64;0;3;3;3;0;0;0;0;3;0;0;0;6;7;9;9;21;24;10;6;3;3;6;0;3;0;3;0;3;0;0;0;0;9;3;0;13;82;9;6;3
200212;04020206;04;02;02;06;2;156;79;77;0;0;0;0;3;0;3;0;3;0;0;0;6;0;3;6;25;24;9;9;22;10;12;3;0;3;6;6;0;3;0;0;0;3;6;0;6;98;25;15;3
200212;04020207;04;02;02;07;2;230;113;117;0;0;0;3;3;0;7;3;0;3;3;4;6;27;0;9;27;12;43;24;28;9;4;0;3;3;0;6;3;0;0;0;0;6;16;4;33;143;13;12;3
200212;04020208;04;02;02;08;2;312;146;166;0;0;0;6;0;3;0;10;9;9;0;7;4;23;15;9;25;49;39;41;21;12;3;6;6;6;0;0;6;3;0;0;0;6;31;7;27;199;21;12;9
200212;04020209;04;02;02;09;2;759;404;355;3;0;0;3;0;4;0;3;0;3;0;3;35;249;94;116;95;40;31;33;9;20;3;0;0;6;9;0;0;0;0;0;3;3;10;3;284;418;23;15;0
200212;04020310;04;02;03;10;2;203;97;106;3;0;3;9;3;0;0;3;3;0;3;3;6;28;21;30;53;19;3;0;4;6;0;0;0;0;3;0;0;0;0;0;3;15;9;3;34;130;6;3;0
200212;04020311;04;02;03;11;2;1480;750;730;6;3;0;19;9;6;6;6;24;14;0;12;42;120;69;121;191;184;136;128;136;86;41;18;9;12;31;24;12;6;6;3;6;31;56;12;162;965;145;76;27
200212;04020312;04;02;03;12;2;546;286;260;0;0;3;3;0;3;3;10;6;9;3;6;24;19;27;45;76;58;56;41;35;48;7;16;9;12;9;6;12;0;0;0;0;6;34;6;43;338;71;36;12
200212;04020313;04;02;03;13;2;834;432;402;6;9;0;6;6;7;3;15;16;13;16;12;9;63;30;36;85;97;84;82;52;74;35;21;9;15;15;9;3;6;0;0;6;21;70;12;72;466;130;48;9
200212;04020314;04;02;03;14;2;9;9;0;0;0;0;0;0;0;0;0;0;0;0;0;0;0;0;0;0;0;3;0;6;0;0;0;0;0;0;0;0;0;0;0;0;0;0;0;0;9;0;0;0
200212;04030415;04;03;04;15;1;719;376;343;6;3;0;6;0;3;6;3;6;10;6;6;32;112;59;97;123;60;51;30;27;15;12;12;3;7;15;9;0;0;0;0;6;9;34;6;144;447;39;34;0
200212;04030416;04;03;04;16;1;2835;1451;1384;9;9;14;68;29;22;23;42;41;49;32;118;93;190;123;234;300;261;225;209;211;179;100;75;55;41;48;22;7;6;0;0;9;120;209;118;283;1563;354;166;13
200212;04030417;04;03;04;17;1;1730;902;828;3;3;7;15;6;12;20;31;24;28;3;41;48;102;59;156;229;204;169;147;129;97;43;36;30;28;30;18;0;6;3;3;3;31;118;41;150;1093;176;106;12
200212;04030518;04;03;05;18;1;1867;965;902;3;3;7;27;16;6;18;28;33;28;19;43;55;138;84;154;257;230;168;139;102;116;43;43;28;21;18;19;6;6;6;3;3;53;132;43;193;1134;202;86;21
200212;04030519;04;03;05;19;1;1061;572;489;6;6;7;6;7;12;6;12;9;9;6;33;46;81;45;86;139;127;108;90;66;51;27;25;15;15;9;9;3;0;0;0;6;26;54;33;127;661;103;48;3
200212;04030620;04;03;06;20;1;1592;797;795;6;3;6;21;13;9;9;39;30;30;3;50;62;104;73;111;232;185;165;102;115;85;41;30;9;16;21;9;3;3;7;0;6;43;120;50;166;983;156;55;13
200212;04030621;04;03;06;21;1;785;420;365;3;3;6;12;13;13;6;9;12;18;12;15;15;46;40;59;123;89;61;54;45;49;21;7;18;9;12;3;12;0;0;0;3;34;70;15;61;471;77;42;12
200212;04030622;04;03;06;22;1;2131;1108;1023;3;3;3;37;15;12;9;37;56;36;27;53;45;144;93;137;264;258;171;169;188;151;59;12;22;49;33;27;12;0;0;6;3;58;177;53;189;1280;222;131;18
200212;04030623;04;03;06;23;1;1149;592;557;0;0;6;18;9;6;16;16;21;33;6;33;25;75;62;92;130;141;103;61;72;82;27;12;18;17;28;25;12;3;0;0;0;33;98;33;100;661;121;88;15
200212;04030724;04;03;07;24;1;1068;478;590;6;3;3;12;18;9;9;18;13;30;9;25;19;81;25;67;134;130;95;75;70;51;21;12;15;15;27;22;27;15;9;3;6;36;88;25;100;596;84;79;54
200212;04030725;04;03;07;25;1;2221;1169;1052;0;19;6;27;0;3;12;34;18;21;15;51;78;224;135;161;260;257;240;179;178;101;43;21;39;30;30;30;3;0;3;3;0;52;103;51;302;1410;165;129;9
200212;04030726;04;03;07;26;1;1159;578;581;6;0;9;16;9;3;3;23;19;12;15;32;27;58;33;82;146;140;116;98;99;58;36;9;12;28;25;24;6;9;3;3;6;34;75;32;85;714;103;89;21
200212;04030827;04;03;08;27;1;2969;1573;1396;12;6;15;21;26;18;18;52;42;46;37;52;47;200;116;206;363;323;297;280;236;190;97;59;55;48;40;37;15;12;0;3;12;68;213;52;247;1821;346;180;30
200212;04030828;04;03;08;28;1;2110;1146;964;0;3;6;29;3;18;6;15;24;22;16;48;42;122;107;172;301;250;206;184;170;145;54;49;18;31;41;7;12;3;0;6;0;41;101;48;164;1390;248;97;21
200212;04030929;04;03;09;29;1;1331;728;603;0;3;7;15;6;21;12;16;19;24;12;25;55;67;49;91;143;125;165;101;106;91;36;24;24;20;29;24;12;3;3;3;0;31;104;25;122;780;151;97;21
200212;04030930;04;03;09;30;1;1252;696;556;0;3;3;15;4;10;3;7;6;15;10;9;31;70;31;63;136;163;155;138;104;93;30;15;22;25;45;18;15;3;7;3;0;25;51;9;101;790;138;110;28
200212;04030931;04;03;09;31;1;866;462;404;0;3;0;3;7;3;0;3;12;13;0;12;18;45;21;57;109;116;93;85;84;56;27;15;15;25;4;19;6;6;3;6;0;13;31;12;63;565;98;63;21
200212;04031032;04;03;10;32;1;2464;1232;1232;9;18;9;33;15;9;12;15;18;40;15;41;66;160;115;173;265;286;245;239;219;171;61;33;40;40;37;44;15;9;9;3;9;75;109;41;226;1542;265;161;36
200212;04041133;04;04;11;33;2;9;9;0;0;0;0;0;0;0;0;0;0;0;0;0;0;0;0;3;3;0;3;0;0;0;0;0;0;0;0;0;0;0;0;0;0;0;0;0;0;9;0;0;0
200212;04041134;04;04;11;34;2;628;296;332;3;0;0;3;3;0;3;12;16;15;6;6;6;30;24;30;54;78;73;61;64;33;24;15;12;12;9;15;12;6;3;0;3;6;52;6;36;384;72;48;21
200212;04041135;04;04;11;35;2;353;162;191;0;3;0;6;4;3;0;3;9;0;0;12;10;6;0;18;37;52;28;41;31;23;9;3;9;12;12;13;6;3;0;0;0;13;15;12;16;207;35;46;9
200212;04041136;04;04;11;36;2;413;203;210;0;0;0;0;3;0;6;9;3;9;3;12;12;25;24;12;35;40;57;46;48;30;9;6;3;3;6;12;0;0;0;0;0;3;30;12;37;262;45;24;0
200212;04041137;04;04;11;37;2;890;451;439;6;0;7;6;6;16;6;25;7;6;9;16;19;73;30;69;111;120;87;70;48;31;43;19;21;3;12;15;3;6;0;0;6;19;69;16;92;535;93;51;9
200212;04041238;04;04;12;38;2;528;255;273;0;0;0;15;3;6;10;3;3;16;4;12;10;33;25;18;53;68;53;61;34;40;7;3;9;9;9;12;9;0;3;0;0;18;42;12;43;312;50;39;12
200212;04041239;04;04;12;39;2;52;27;25;0;0;3;0;3;0;0;4;0;3;0;0;0;6;0;3;7;0;8;3;3;3;0;0;0;3;0;0;3;0;0;0;0;6;7;0;6;24;3;3;3
200212;04041240;04;04;12;40;2;187;75;112;0;3;0;0;0;0;0;0;7;0;4;6;13;3;6;3;12;21;24;12;39;6;0;0;0;6;4;9;3;6;0;0;0;3;11;6;16;117;6;19;9
200212;04041241;04;04;12;41;2;525;237;288;0;0;3;3;0;3;0;4;10;9;3;13;16;37;9;27;63;34;72;39;34;64;9;9;3;17;7;21;6;10;0;0;0;6;29;13;53;278;82;48;16
200212;04041342;04;04;13;42;2;587;283;304;3;3;0;0;3;6;0;9;3;6;3;18;13;21;24;36;82;55;64;76;47;46;6;18;9;9;12;12;3;0;0;0;3;6;27;18;34;384;70;42;3
200212;04041343;04;04;13;43;2;440;229;211;0;0;0;3;4;0;3;0;6;6;7;6;9;31;15;30;51;59;49;46;42;15;12;6;9;7;12;6;6;0;0;0;0;7;22;6;40;292;33;34;6
200212;04041344;04;04;13;44;2;1343;699;644;0;3;10;30;18;7;16;22;18;31;7;12;19;51;35;77;163;154;138;122;135;103;53;19;15;18;36;22;6;0;3;0;0;61;101;12;70;824;175;91;9
200212;04051445;04;05;14;45;1;853;439;414;3;0;0;9;3;6;9;18;6;9;3;18;15;42;22;71;122;122;98;54;70;62;28;3;15;6;15;15;3;3;3;0;3;12;51;18;57;559;93;51;9
200212;04051446;04;05;14;46;1;1613;851;762;6;0;10;15;10;3;9;16;24;9;6;43;52;114;40;121;151;206;201;136;158;101;36;25;12;28;21;24;24;9;3;0;6;35;67;43;166;1013;162;85;36
200212;04051447;04;05;14;47;1;982;494;488;3;6;6;17;3;0;0;9;26;15;0;34;27;82;27;71;127;101;111;88;83;49;25;15;9;18;12;6;6;6;0;0;3;32;50;34;109;608;89;45;12
200212;04051448;04;05;14;48;1;1615;824;791;3;0;6;21;10;9;0;18;19;13;6;21;34;99;74;77;209;182;171;151;140;114;53;31;27;26;36;24;25;6;6;4;3;37;65;21;133;1004;198;113;41
200212;04051549;04;05;15;49;1;634;324;310;6;6;9;10;3;10;6;6;12;13;12;19;19;58;30;52;83;82;46;52;33;25;12;6;3;3;6;3;6;3;0;0;6;28;59;19;77;378;43;15;9
200212;04051550;04;05;15;50;1;897;452;445;0;3;3;10;6;9;6;12;9;15;10;18;22;59;47;62;115;80;105;83;85;43;28;16;15;3;15;6;3;6;0;3;0;22;61;18;81;577;87;39;12
200212;04051551;04;05;15;51;1;662;336;326;3;0;6;6;6;6;3;9;12;10;3;18;16;51;24;36;73;82;62;67;54;39;21;18;13;9;9;0;0;3;3;0;3;18;43;18;67;398;78;31;6
200212;04051652;04;05;16;52;1;1500;818;682;6;3;0;10;10;6;15;22;12;34;15;12;51;77;53;96;158;190;150;132;139;89;51;30;37;30;42;18;3;6;3;0;6;23;104;12;128;918;170;127;12
200212;04051653;04;05;16;53;1;1047;514;533;6;6;0;12;6;17;0;19;9;9;3;30;32;55;36;67;127;126;107;90;91;72;40;18;15;9;24;15;6;0;0;0;6;24;57;30;87;644;130;63;6
200212;04051654;04;05;16;54;1;442;216;226;0;0;3;9;3;3;3;12;7;9;3;9;21;20;20;15;69;40;52;36;42;18;12;9;6;9;9;3;0;0;0;0;0;15;37;9;41;274;39;27;0
200212;04051655;04;05;16;55;1;1157;549;608;9;6;9;15;12;22;9;22;20;3;14;15;40;57;48;85;154;129;124;98;92;58;13;15;18;15;19;18;15;3;0;0;9;42;90;15;97;730;86;70;18
200212;04051656;04;05;16;56;1;911;459;452;3;0;6;21;0;0;3;19;12;29;6;28;24;66;25;73;109;100;86;60;89;60;30;15;6;3;15;17;6;0;0;0;3;27;69;28;90;542;105;41;6
200212;04061757;04;06;17;57;2;7;4;3;0;0;0;0;0;0;0;0;0;0;0;0;0;0;0;0;0;0;3;0;0;4;0;0;0;0;0;0;0;0;0;0;0;0;0;0;0;3;4;0;0
200212;05010101;05;01;01;01;2;840;454;386;10;3;12;18;22;12;9;15;18;9;9;33;36;54;29;65;96;98;65;59;62;15;30;9;3;10;13;16;7;3;0;0;10;55;72;33;90;474;54;42;10
200212;05010102;05;01;01;02;2;388;178;210;0;6;0;3;3;3;9;3;4;0;3;6;19;21;14;15;51;37;32;50;28;34;15;3;3;8;9;6;3;0;0;0;0;12;22;6;40;227;52;26;3
200212;05010103;05;01;01;03;2;375;148;227;3;0;0;6;0;0;3;3;6;6;3;12;12;18;22;24;43;40;53;41;21;16;15;7;3;6;9;0;3;0;0;0;3;6;21;12;30;244;38;18;3
200212;05010204;05;01;02;04;2;260;103;157;0;0;4;6;9;0;0;6;3;9;6;12;0;13;13;24;39;24;28;9;21;13;3;0;0;3;6;3;3;0;0;3;0;19;24;12;13;158;16;12;6
200212;05010205;05;01;02;05;2;107;61;46;0;0;0;3;0;0;3;7;6;3;0;7;3;3;0;0;9;9;12;16;16;7;3;0;0;0;0;0;0;0;0;0;0;3;19;7;6;62;10;0;0
200212;05010206;05;01;02;06;2;859;430;429;0;4;3;21;16;15;9;9;30;18;0;31;45;39;36;45;83;79;72;64;68;64;27;19;14;9;18;12;6;3;0;0;0;44;81;31;84;447;110;53;9
200212;05010207;05;01;02;07;2;1367;730;637;3;9;0;26;9;9;16;34;22;53;25;61;41;95;55;89;168;125;118;97;101;68;46;13;27;18;18;12;6;0;3;0;3;44;159;61;136;753;127;75;9
200212;05010208;05;01;02;08;2;805;438;367;6;6;3;13;17;6;7;6;22;18;9;20;25;62;31;64;97;109;38;40;53;55;33;17;13;7;12;16;0;0;0;0;6;39;68;20;87;432;105;48;0
200212;05010209;05;01;02;09;2;376;197;179;3;0;3;9;3;0;4;12;4;3;3;12;16;15;23;18;32;42;40;30;37;22;11;12;3;7;6;6;0;0;0;0;3;15;26;12;31;222;45;22;0
200212;05010310;05;01;03;10;2;369;191;178;0;0;0;3;3;6;6;6;12;6;9;18;6;33;12;21;48;36;31;22;28;21;12;6;0;18;3;0;0;3;0;0;0;6;45;18;39;198;39;21;3
200212;05010311;05;01;03;11;2;1126;595;531;3;0;0;41;12;16;10;46;36;52;34;61;49;73;33;78;115;118;79;73;57;72;25;6;12;9;9;7;0;0;0;0;3;53;194;61;122;553;103;37;0
200212;05010312;05;01;03;12;2;1594;867;727;6;3;12;33;24;20;15;37;53;55;12;62;58;102;51;122;161;152;125;78;110;90;63;38;32;28;25;18;3;3;3;0;6;72;192;62;160;799;191;103;9
200212;05010313;05;01;03;13;2;881;481;400;3;3;0;24;9;3;9;38;18;22;3;26;27;40;60;24;111;79;52;69;84;83;18;22;15;15;15;3;3;3;0;0;3;36;93;26;67;479;123;48;6
200212;05010314;05;01;03;14;2;1574;822;752;3;7;6;27;13;15;19;17;30;22;23;40;62;89;29;121;185;182;155;106;127;97;70;31;22;33;22;9;9;3;0;0;3;53;126;40;151;905;198;86;12
200212;05010339;05;01;03;39;2;60;39;21;0;0;0;0;0;0;0;3;0;0;0;0;0;3;3;6;11;7;0;9;0;6;6;0;3;0;0;3;0;0;0;0;0;0;3;0;3;36;12;6;0
200212;05020415;05;02;04;15;2;108;62;46;0;0;0;0;0;0;3;0;3;0;0;10;3;6;0;0;9;15;19;17;9;4;3;0;0;4;0;3;0;0;0;0;0;0;6;10;9;69;7;7;0
200212;05020416;05;02;04;16;2;27;9;18;0;0;0;0;0;0;0;0;0;3;0;0;0;6;0;0;0;9;0;0;6;0;3;0;0;0;0;0;0;0;0;0;0;0;3;0;6;15;3;0;0
200212;05020417;05;02;04;17;2;344;165;179;0;0;0;3;0;0;0;9;0;3;0;9;6;18;16;12;39;32;30;42;28;49;6;10;4;3;10;3;9;0;3;0;0;3;12;9;24;199;65;20;12
200212;05020418;05;02;04;18;2;184;101;83;0;0;0;6;0;6;0;3;0;3;4;9;6;12;6;15;13;21;15;19;3;16;3;3;9;3;6;3;0;0;0;0;0;6;16;9;18;92;22;21;0
200212;05020419;05;02;04;19;2;492;238;254;0;3;0;9;3;3;0;6;21;8;3;19;15;9;16;25;58;58;49;33;28;37;19;16;3;15;24;9;0;3;0;0;0;15;41;19;24;267;72;51;3
200212;05020420;05;02;04;20;2;38;25;13;0;0;0;0;0;7;0;0;0;0;0;0;3;3;3;0;3;7;3;6;0;0;3;0;0;0;0;0;0;0;0;0;0;0;7;0;6;22;3;0;0
200212;05020521;05;02;05;21;2;112;50;62;0;0;0;3;0;3;3;3;0;4;3;0;6;3;3;22;15;19;6;7;3;3;3;0;0;0;0;0;0;3;0;0;0;3;16;0;9;75;6;0;3
200212;05020522;05;02;05;22;2;698;330;368;3;0;3;15;12;4;6;22;26;18;13;31;24;39;17;52;103;52;62;46;55;24;13;9;6;12;21;4;3;3;0;0;3;30;89;31;63;387;46;43;6
200212;05020523;05;02;05;23;2;1625;812;813;14;10;9;48;22;27;42;61;41;45;22;62;75;96;69;105;198;144;133;90;111;67;40;18;15;10;12;21;12;6;0;0;14;89;238;62;171;850;125;58;18
200212;05020524;05;02;05;24;2;299;158;141;0;0;6;9;3;0;0;9;6;3;0;3;9;7;9;27;24;28;45;30;30;13;7;10;6;0;12;3;0;0;0;0;0;18;18;3;16;193;30;21;0
200212;05020625;05;02;06;25;2;731;396;335;0;0;0;9;13;6;9;18;24;21;12;26;18;32;24;60;76;86;69;51;41;48;28;9;15;9;15;9;0;3;0;0;0;22;90;26;50;407;85;48;3
200212;05020626;05;02;06;26;2;1965;1084;881;3;3;3;28;18;25;12;34;38;64;22;28;66;114;80;142;241;207;198;120;166;114;52;39;54;43;21;24;6;0;0;0;3;52;195;28;180;1154;205;142;6
200212;05020627;05;02;06;27;2;465;216;249;0;3;3;6;7;9;6;10;12;10;0;36;16;34;6;41;57;54;22;39;49;12;12;0;6;6;6;0;0;0;3;0;0;19;47;36;50;268;24;18;3
200212;05020628;05;02;06;28;2;147;70;77;0;0;0;3;0;3;6;3;6;0;3;9;3;3;9;10;16;15;21;3;6;7;9;0;6;0;0;6;0;0;0;0;0;3;21;9;6;80;16;12;0
200212;05020629;05;02;06;29;2;235;103;132;0;3;0;3;0;3;0;0;6;6;0;3;0;0;3;12;26;30;35;19;27;22;6;3;13;6;3;0;0;3;3;0;0;6;15;3;0;152;31;22;6
200212;05030730;05;03;07;30;2;296;144;152;3;0;3;16;0;0;0;6;12;9;7;16;6;15;15;23;44;29;25;15;18;12;6;3;3;3;7;0;0;0;0;0;3;19;34;16;21;169;21;13;0
200212;05030731;05;03;07;31;2;1253;597;656;6;9;11;19;18;17;12;18;31;42;21;24;54;90;55;90;143;130;103;84;98;54;42;25;6;9;21;12;3;6;0;0;6;57;141;24;144;703;121;48;9
200212;05030832;05;03;08;32;2;1722;848;874;0;6;4;28;15;15;18;32;34;36;32;49;55;132;54;82;189;174;106;137;196;120;51;30;34;34;38;3;6;6;6;0;0;53;167;49;187;938;201;109;18
200212;05030833;05;03;08;33;2;551;372;179;3;6;3;9;7;3;6;18;16;22;0;18;32;71;32;57;74;54;48;28;24;7;3;3;4;0;0;3;0;0;0;0;3;25;65;18;103;317;13;7;0
200212;05040934;05;04;09;34;2;165;75;90;0;0;3;3;0;0;3;3;3;6;0;0;7;10;4;10;22;6;28;21;15;6;3;3;6;0;3;0;0;0;0;0;0;6;15;0;17;106;12;9;0
200212;05040935;05;04;09;35;2;21;12;9;0;0;0;0;0;0;0;0;0;0;0;0;0;3;6;0;6;0;0;0;3;0;3;0;0;0;0;0;0;0;0;0;0;0;0;0;3;15;3;0;0
200212;05040936;05;04;09;36;2;228;107;121;0;0;0;0;0;0;6;9;0;9;0;7;6;9;6;6;21;28;27;31;18;15;3;9;3;6;6;3;0;0;0;0;0;0;24;7;15;137;27;18;0
200212;05040937;05;04;09;37;2;76;55;21;0;0;0;3;0;0;0;3;0;0;0;3;3;6;3;3;6;12;9;4;9;6;0;0;0;3;0;0;3;0;0;0;0;3;3;3;9;46;6;3;3
200212;05040938;05;04;09;38;2;135;56;79;0;0;0;3;0;3;0;0;0;0;0;6;0;10;0;3;9;22;12;18;12;13;9;0;3;3;6;0;3;0;0;0;0;3;3;6;10;76;22;12;3
200212;06010101;06;01;01;01;2;472;215;257;3;0;0;14;3;0;0;0;0;6;3;18;9;26;16;30;56;49;73;44;29;43;13;12;0;3;6;6;4;0;6;0;3;17;9;18;35;297;68;15;10
200212;06010102;06;01;01;02;2;1151;616;535;3;3;6;12;16;21;9;18;15;21;11;25;44;76;28;91;139;124;123;88;122;69;24;12;22;7;10;3;0;3;6;0;3;37;95;25;120;715;105;42;9
200212;06010103;06;01;01;03;2;793;397;396;6;3;6;12;3;0;3;9;15;20;7;15;31;50;30;48;115;85;92;59;84;24;18;9;0;19;12;12;0;3;3;0;6;24;54;15;81;513;51;43;6
200212;06010204;06;01;02;04;2;596;277;319;0;7;0;9;9;9;3;18;16;16;6;15;15;22;15;40;62;62;69;39;46;34;27;6;12;6;3;15;9;3;0;3;0;25;68;15;37;333;67;36;15
200212;06010205;06;01;02;05;2;923;439;484;0;0;0;16;15;9;3;12;24;6;20;37;19;56;34;60;120;112;111;68;56;66;12;3;13;6;19;10;10;6;0;0;0;31;74;37;75;561;81;48;16
200212;06010206;06;01;02;06;2;840;436;404;4;3;0;21;15;7;3;13;18;12;6;22;32;58;44;37;107;80;80;63;65;40;15;23;9;15;9;21;12;3;0;3;4;39;59;22;90;476;78;54;18
200212;06010207;06;01;02;07;2;840;422;418;0;3;3;16;3;7;9;9;15;24;6;22;21;51;36;68;105;105;77;60;74;44;31;9;6;9;15;3;6;0;3;0;0;25;70;22;72;525;84;33;9
200212;06010208;06;01;02;08;2;693;361;332;3;0;0;6;0;9;0;19;6;21;3;18;19;50;36;44;89;79;71;49;46;51;24;10;10;15;3;6;3;0;3;0;3;6;58;18;69;414;85;34;6
200212;06010209;06;01;02;09;2;1116;534;582;0;3;3;31;3;6;12;21;22;19;13;25;34;80;51;79;154;140;86;86;56;77;24;15;22;21;27;3;0;0;3;0;0;40;93;25;114;652;116;73;3
200212;06010210;06;01;02;10;2;500;272;228;0;0;0;3;0;0;0;13;12;3;4;16;18;45;25;35;55;59;55;46;44;12;12;9;0;9;16;3;3;0;3;0;0;3;32;16;63;319;33;28;6
200212;06020301;06;02;03;01;2;356;153;203;0;0;0;16;3;6;3;0;9;4;3;0;16;27;18;21;42;40;36;29;22;18;12;3;6;7;6;3;3;3;0;0;0;19;25;0;43;208;33;22;6
200212;06020302;06;02;03;02;2;447;230;217;6;6;3;0;3;6;3;3;3;15;6;24;18;23;18;30;46;38;38;39;35;18;12;6;12;12;12;0;9;3;0;0;6;12;36;24;41;244;36;36;12
200212;06020303;06;02;03;03;2;604;306;298;0;3;0;3;0;3;0;9;6;12;13;24;15;45;20;35;65;84;52;67;60;40;3;9;12;3;6;9;3;0;3;0;0;6;43;24;60;383;52;30;6
200212;06020304;06;02;03;04;2;585;289;296;0;0;0;10;9;9;12;19;13;7;7;13;24;19;34;43;73;49;51;57;59;19;15;6;0;15;9;7;3;3;0;0;0;19;67;13;43;366;40;31;6
200212;06020305;06;02;03;05;2;1272;632;640;7;0;3;23;9;10;7;27;33;25;12;34;40;153;56;104;141;140;105;68;82;68;53;15;10;9;23;6;0;3;3;3;7;35;114;34;193;696;136;48;9
200212;06020306;06;02;03;06;2;397;195;202;0;0;0;0;0;4;0;6;3;9;0;19;15;21;19;18;43;54;21;31;21;28;15;17;9;13;19;0;6;3;3;0;0;0;22;19;36;207;60;41;12
200212;06020407;06;02;04;07;2;689;353;336;0;0;6;18;6;9;12;10;14;20;12;21;26;34;34;45;88;81;59;53;32;43;24;6;9;9;12;0;3;0;3;0;0;30;77;21;60;392;73;30;6
200212;06020408;06;02;04;08;2;461;232;229;0;0;0;6;3;6;0;12;3;12;10;13;19;24;24;35;56;61;36;32;19;37;21;7;9;3;3;3;0;7;0;0;0;9;43;13;43;263;65;18;7
200212;06020409;06;02;04;09;2;743;368;375;3;0;9;15;4;0;0;15;17;6;6;15;18;58;14;31;106;90;73;83;54;36;13;12;9;6;6;16;13;12;0;3;3;28;44;15;76;451;61;37;28
200212;06020410;06;02;04;10;2;520;255;265;0;3;0;7;3;4;0;11;7;6;0;19;12;42;16;37;52;45;57;43;81;36;9;0;0;6;12;6;3;3;0;0;0;13;28;19;54;331;45;24;6
200212;06020411;06;02;04;11;2;634;328;306;0;3;0;9;7;7;6;7;17;17;6;23;16;40;19;45;59;67;54;62;47;45;28;15;12;9;10;4;0;0;0;0;0;19;60;23;56;353;88;35;0
200212;06030501;06;03;05;01;2;382;178;204;3;0;0;3;3;0;3;0;3;3;3;3;18;22;10;31;44;44;56;48;31;24;6;6;10;3;5;0;0;0;0;0;3;6;12;3;40;264;36;18;0
200212;06030502;06;03;05;02;2;416;199;217;3;0;3;3;3;6;9;10;9;6;6;6;18;31;15;31;40;38;48;18;25;25;18;18;3;6;9;3;3;0;0;3;3;9;46;6;49;215;61;21;6
200212;06030503;06;03;05;03;2;1225;597;628;9;0;9;9;6;18;9;18;15;39;19;53;36;79;58;57;131;140;114;106;96;77;25;22;16;24;21;3;13;3;0;0;9;24;118;53;115;702;124;64;16
200212;06030504;06;03;05;04;2;850;411;439;0;3;3;12;3;3;7;21;18;19;10;21;33;30;21;49;90;110;94;83;67;61;35;9;9;6;18;9;6;0;0;0;0;21;78;21;63;514;105;42;6
200212;06030605;06;03;06;05;2;743;348;395;6;6;9;7;6;3;16;15;0;9;6;36;35;59;26;40;103;73;70;44;49;51;27;6;8;9;12;3;3;6;0;0;6;28;49;36;94;405;84;32;9
200212;06030606;06;03;06;06;2;619;319;300;6;3;3;10;0;0;6;13;15;9;3;15;13;53;13;58;74;83;68;30;55;29;27;6;9;9;3;6;0;0;0;0;6;16;46;15;66;381;62;27;0
200212;06030607;06;03;06;07;2;558;309;249;0;3;0;6;0;0;0;6;6;6;0;3;42;133;60;70;67;33;34;25;22;21;3;3;0;6;3;3;0;3;0;0;0;9;18;3;175;311;27;12;3
200212;06030608;06;03;06;08;2;791;410;381;3;6;3;13;8;13;0;6;12;13;23;49;19;40;32;64;89;93;96;56;54;40;13;0;9;6;15;13;3;0;0;0;3;30;67;49;59;484;53;43;3
200212;06030609;06;03;06;09;2;1011;507;504;3;3;3;6;9;0;9;6;25;22;0;24;35;53;38;97;151;106;80;75;94;65;31;6;16;6;12;15;9;6;6;0;3;21;62;24;88;641;102;49;21
200212;06030610;06;03;06;10;2;803;357;446;0;0;0;6;12;6;4;22;23;19;6;18;34;53;22;45;83;88;79;75;65;38;13;27;22;6;15;7;3;3;6;3;0;18;80;18;87;457;78;50;15
200212;06040701;06;04;07;01;2;817;394;423;3;6;10;6;6;6;12;10;18;9;10;24;15;31;13;46;104;102;70;75;85;53;16;18;12;18;13;10;10;3;0;3;3;28;65;24;46;495;87;53;16
200212;06040702;06;04;07;02;2;430;204;226;0;0;3;3;0;0;3;7;18;20;4;6;27;12;13;18;39;51;57;59;40;19;6;6;4;3;3;9;0;0;0;0;0;6;52;6;39;277;31;19;0
200212;06040703;06;04;07;03;2;841;384;457;3;6;0;21;6;3;6;18;6;16;3;25;27;61;21;60;84;85;71;49;68;70;37;15;6;19;27;10;15;0;0;3;3;33;52;25;88;438;122;62;18
200212;06040804;06;04;08;04;2;570;241;329;0;3;0;12;6;0;4;15;3;6;7;9;13;45;21;28;58;71;33;56;35;43;18;9;18;6;12;15;15;3;3;3;0;21;35;9;58;302;70;51;24
200212;06040805;06;04;08;05;2;403;169;234;3;0;3;7;0;0;3;3;9;6;0;6;9;21;25;21;52;46;34;27;52;21;24;10;3;6;0;6;3;3;0;0;3;10;21;6;30;257;55;15;6
200212;06040806;06;04;08;06;2;373;169;204;3;0;0;0;0;0;0;3;0;0;0;3;12;33;3;31;46;43;34;36;35;43;3;0;6;9;18;9;3;0;0;0;3;0;3;3;45;228;46;42;3
200212;06040807;06;04;08;07;2;565;260;305;3;0;0;3;7;3;6;7;18;12;0;6;6;27;18;33;70;67;76;39;49;45;18;6;10;12;9;9;3;0;3;0;3;10;46;6;33;352;69;40;6
200212;06040808;06;04;08;08;2;510;248;262;7;3;0;12;3;3;9;28;15;6;7;35;19;25;13;30;48;77;67;48;27;13;3;3;3;0;6;0;0;0;0;0;7;18;68;35;44;310;19;9;0
200212;06040809;06;04;08;09;2;779;362;417;0;0;3;9;9;6;6;6;6;7;9;26;18;62;22;36;109;89;81;60;43;62;22;15;16;15;10;13;3;10;0;6;0;21;40;26;80;440;99;54;19
200212;06040810;06;04;08;10;2;867;408;459;0;6;3;6;9;4;6;3;12;19;9;23;40;74;53;57;91;71;70;73;63;61;22;13;13;12;15;21;6;6;6;0;0;24;53;23;114;478;96;61;18
200212;07010101;07;01;01;01;1;2116;1123;993;4;3;9;29;17;15;6;20;25;30;18;32;47;142;91;125;231;248;214;222;184;129;81;18;32;39;24;30;19;23;3;6;4;58;114;32;189;1315;228;125;51
200212;07010102;07;01;01;02;1;5685;2988;2697;24;29;17;130;60;75;65;140;135;142;62;191;195;330;217;395;663;605;522;425;369;274;119;86;62;122;120;60;27;6;15;3;24;236;619;191;525;3196;479;364;51
200212;07010103;07;01;01;03;1;2006;1070;936;9;6;9;21;18;12;12;38;27;41;24;34;68;127;100;137;241;227;168;194;170;117;51;34;27;10;40;16;10;6;12;0;9;54;154;34;195;1237;202;93;28
200212;07010104;07;01;01;04;1;5088;2671;2417;21;28;19;134;62;57;61;121;106;126;57;175;200;330;186;329;587;503;404;359;304;292;153;112;75;88;109;51;18;12;6;3;21;243;528;175;530;2672;557;323;39
200212;07020201;07;02;02;01;1;1579;800;779;6;6;7;24;12;9;9;16;34;12;6;30;54;89;61;108;227;166;166;118;130;126;50;21;21;18;21;15;7;0;4;6;6;49;86;30;143;976;197;75;17
200212;07020202;07;02;02;02;1;2168;1143;1025;6;12;6;38;17;31;18;44;44;47;13;33;73;168;95;177;317;227;203;129;142;114;66;31;24;28;44;9;12;0;0;0;6;73;197;33;241;1290;211;105;12
200212;07020203;07;02;02;03;1;4890;2602;2288;21;18;22;103;49;39;40;100;91;113;54;174;175;299;207;319;633;598;378;392;306;267;113;87;79;79;66;31;12;15;10;0;21;192;437;174;474;2833;467;255;37
200212;07020204;07;02;02;04;1;2352;1227;1125;9;6;9;32;19;12;22;36;36;31;28;38;81;135;104;193;311;309;188;198;143;143;99;32;26;47;33;13;7;3;6;3;9;66;165;38;216;1446;274;119;19
200212;07030301;07;03;03;01;1;2616;1312;1304;6;3;9;29;13;15;16;37;34;39;18;57;66;156;118;178;344;314;242;269;214;157;85;28;40;24;45;27;18;9;3;3;6;54;159;57;222;1679;270;136;33
200212;07030302;07;03;03;02;1;1052;528;524;0;0;3;18;12;0;3;13;18;16;12;30;18;70;53;71;116;109;115;84;77;59;21;32;16;40;24;7;9;0;3;3;0;33;62;30;88;625;112;87;15
200212;07030303;07;03;03;03;1;2366;1243;1123;10;6;6;52;29;27;38;68;64;57;21;92;83;153;69;152;314;297;191;151;138;142;58;21;33;30;39;13;6;3;3;0;10;93;275;92;236;1312;221;115;12
200212;07040401;07;04;04;01;2;1915;952;963;0;6;6;18;15;24;15;37;48;44;18;64;71;147;76;115;245;188;170;141;135;115;72;19;33;25;31;15;13;0;9;0;0;45;186;64;218;1070;206;104;22
200212;07040402;07;04;04;02;2;196;114;82;0;0;0;3;9;0;6;6;0;0;3;3;9;12;9;15;21;30;15;21;10;3;6;12;0;3;0;0;0;0;0;0;0;12;15;3;21;121;21;3;0
200212;07040403;07;04;04;03;2;3151;1617;1534;6;15;27;81;52;34;24;77;67;69;34;85;119;206;127;224;366;376;223;230;223;160;97;37;44;53;57;21;10;7;0;0;6;175;305;85;325;1769;294;175;17
200212;07040404;07;04;04;04;2;392;208;184;0;0;0;0;6;3;6;3;6;3;0;9;10;21;6;30;39;42;38;32;42;36;6;15;11;3;10;9;0;6;0;0;0;6;21;9;31;229;57;33;6
200212;07040405;07;04;04;05;2;1617;818;799;19;9;21;37;13;19;15;41;44;37;27;36;62;100;75;121;217;171;138;87;84;91;36;23;29;22;21;9;10;3;0;0;19;80;183;36;162;893;150;81;13
200212;07040406;07;04;04;06;2;570;311;259;4;0;0;6;6;6;12;12;12;7;9;15;12;48;41;42;68;76;30;32;34;40;9;19;6;12;12;0;0;0;0;0;4;12;58;15;60;323;68;30;0
200212;07050501;07;05;05;01;2;1902;954;948;3;9;7;41;18;28;9;45;44;39;30;56;78;123;50;109;226;208;167;138;168;91;64;15;21;38;40;22;3;9;3;0;3;75;195;56;201;1066;170;121;15
200212;07050502;07;05;05;02;2;1008;496;512;3;3;6;12;0;12;10;18;13;24;6;24;49;155;46;98;108;96;70;76;58;48;21;12;18;6;13;0;3;0;0;0;3;21;83;24;204;552;81;37;3
200212;07050503;07;05;05;03;2;980;498;482;6;0;3;12;19;9;0;12;21;17;6;36;22;64;33;95;140;89;66;77;86;75;27;15;6;9;13;13;6;3;0;0;6;34;65;36;86;586;117;41;9
200212;07050504;07;05;05;04;2;611;323;288;4;3;3;20;3;10;3;18;27;12;0;15;19;39;22;30;86;68;59;34;28;44;13;9;13;11;9;3;3;0;3;0;4;29;70;15;58;327;66;36;6
200212;07050505;07;05;05;05;2;750;363;387;3;3;6;12;13;9;15;4;7;15;3;23;24;46;20;62;91;63;73;56;53;42;21;25;16;12;15;6;6;3;3;0;3;34;53;23;70;418;88;49;12
200212;07050506;07;05;05;06;2;86;58;28;0;0;0;0;0;3;0;0;0;3;0;0;0;0;7;3;12;3;3;23;6;12;7;4;0;0;0;0;0;0;0;0;0;0;6;0;0;57;23;0;0
200212;07060601;07;06;06;01;2;1238;709;529;0;6;6;12;3;10;12;27;25;26;16;33;45;121;64;100;161;134;119;83;85;49;12;19;3;16;23;10;12;0;6;0;0;27;116;33;166;746;80;52;18
200212;07060602;07;06;06;02;2;255;119;136;0;0;0;3;0;4;3;10;6;3;0;6;12;6;12;12;39;36;21;19;18;18;6;0;6;0;9;6;0;0;0;0;0;3;26;6;18;157;24;21;0
200212;07060603;07;06;06;03;2;223;100;123;0;0;0;9;3;3;9;6;6;7;3;6;4;0;9;12;34;24;6;24;9;13;9;6;6;3;9;3;0;0;0;0;0;12;34;6;4;118;28;21;0
200212;07060604;07;06;06;04;2;1263;638;625;6;4;0;22;25;15;7;15;12;28;25;35;40;75;42;88;175;136;105;100;90;79;40;24;18;12;27;6;3;6;3;0;6;51;102;35;115;736;143;63;12
200212;07070701;07;07;07;01;2;585;276;309;0;6;0;9;3;0;6;16;3;12;6;21;19;48;22;35;93;67;30;56;28;37;10;13;9;7;10;10;0;6;0;3;0;18;43;21;67;331;60;36;9
200212;07070702;07;07;07;02;2;529;260;269;0;0;0;10;6;6;10;3;22;9;3;17;10;31;12;29;52;81;37;48;32;29;27;6;12;10;15;3;9;0;0;0;0;16;53;17;41;291;62;40;9
200212;07070703;07;07;07;03;2;627;316;311;0;0;0;6;0;9;3;15;15;16;19;19;27;37;31;15;88;70;72;49;53;28;16;12;6;15;0;3;0;0;3;0;0;6;77;19;64;378;56;24;3
200212;07070704;07;07;07;04;2;705;329;376;6;0;3;12;6;6;15;24;12;18;9;30;27;29;27;41;92;80;67;55;36;58;6;6;0;12;12;7;9;0;0;0;6;21;84;30;56;398;70;31;9
200212;07070705;07;07;07;05;2;351;187;164;0;0;6;3;3;3;0;19;3;6;0;9;9;6;12;12;44;40;52;18;51;12;12;0;3;7;9;6;0;3;3;0;0;12;31;9;15;229;24;25;6
200212;07070706;07;07;07;06;2;148;80;68;0;0;0;0;3;0;0;0;3;0;0;6;3;9;0;12;28;3;26;15;27;4;3;3;0;0;3;0;0;0;0;0;0;3;3;6;12;111;10;3;0
200212;07070707;07;07;07;07;2;117;46;71;0;0;0;4;0;0;0;0;0;0;0;6;3;3;0;9;12;12;24;3;3;13;0;6;7;0;3;6;3;0;0;0;0;4;0;6;6;63;19;16;3
200212;08010115;08;01;01;15;1;188;94;94;3;3;0;6;3;0;3;0;3;0;3;4;6;14;9;9;18;19;16;25;3;12;7;9;3;7;3;0;0;0;0;0;3;12;9;4;20;99;28;13;0
200212;08010116;08;01;01;16;1;1378;724;654;3;15;13;30;18;27;23;31;44;42;18;44;42;90;59;102;158;148;122;48;76;72;41;31;25;18;24;7;4;0;3;0;3;76;185;44;132;713;144;74;7
200212;08010117;08;01;01;17;1;4805;2609;2196;37;28;45;129;65;41;37;78;120;120;57;189;199;384;237;369;596;509;352;261;316;213;158;79;46;60;59;12;3;3;0;3;37;267;453;189;583;2640;450;177;9
200212;08010118;08;01;01;18;1;3952;2076;1876;37;30;22;146;40;55;67;135;106;122;44;163;140;297;164;304;488;423;248;242;201;174;89;56;51;25;50;15;12;0;3;3;37;238;529;163;437;2070;319;141;18
200212;08010211;08;01;02;11;1;3768;2066;1702;23;21;24;119;27;39;62;106;102;103;67;155;182;263;131;244;516;377;288;234;163;185;88;52;38;70;55;10;12;3;9;0;23;191;479;155;445;1953;325;173;24
200212;08010212;08;01;02;12;1;2627;1367;1260;15;6;19;102;24;32;55;56;83;66;56;124;92;155;125;191;285;285;179;182;166;104;74;52;21;26;18;13;15;3;0;3;15;151;348;124;247;1413;230;78;21
200212;08010213;08;01;02;13;1;4110;2247;1863;25;25;42;105;54;62;48;116;124;119;46;159;184;319;178;281;487;442;310;191;222;220;112;72;50;46;41;15;6;0;6;3;25;226;515;159;503;2111;404;152;15
200212;08010214;08;01;02;14;1;2389;1215;1174;12;6;10;86;41;43;27;51;54;71;32;103;125;192;109;166;315;233;154;137;127;95;46;47;35;25;32;9;0;3;0;3;12;143;278;103;317;1241;188;101;6
200212;08010301;08;01;03;01;1;8465;4546;3919;60;44;61;233;109;83;104;195;212;228;125;287;302;675;353;627;1026;1023;669;511;467;398;218;122;107;81;82;27;21;9;3;3;60;447;947;287;977;4676;738;297;36
200212;08010302;08;01;03;02;1;603;294;309;3;7;0;12;6;15;0;15;6;15;6;25;15;52;30;57;74;60;54;30;41;39;3;3;12;14;9;0;0;0;0;0;3;25;57;25;67;346;45;35;0
200212;08010303;08;01;03;03;1;3499;1927;1572;9;33;24;83;56;75;45;93;103;100;52;144;120;240;155;245;373;379;269;241;177;177;99;61;36;41;24;33;9;0;3;0;9;196;468;144;360;1839;337;134;12
200212;08010404;08;01;04;04;1;7434;3965;3469;47;66;46;213;139;117;108;195;208;218;103;261;350;548;326;539;803;719;534;468;374;467;177;94;87;81;64;55;15;3;6;3;47;464;949;261;898;3763;738;287;27
200212;08010405;08;01;04;05;1;2150;1153;997;13;12;27;52;30;22;33;73;67;45;28;81;82;124;99;170;264;233;180;144;112;76;61;28;27;22;24;12;6;3;0;0;13;121;268;81;206;1202;165;85;9
200212;08010406;08;01;04;06;1;1685;856;829;13;12;10;44;15;12;16;52;40;52;29;64;77;147;53;115;219;190;126;104;101;58;33;25;15;38;12;6;4;0;0;3;13;81;201;64;224;908;116;71;7
200212;08010407;08;01;04;07;1;228;114;114;3;3;0;9;0;3;3;3;7;3;3;3;7;12;11;21;36;12;10;9;15;18;18;6;7;3;0;3;0;0;0;0;3;12;22;3;19;114;42;13;0
200212;08010508;08;01;05;08;1;1177;593;584;3;0;9;31;12;18;23;33;55;40;19;65;46;61;26;77;139;155;96;62;73;46;31;6;18;9;9;12;0;0;0;3;3;52;188;65;107;628;83;48;3
200212;08010509;08;01;05;09;1;1990;1016;974;7;0;7;57;22;32;33;68;55;69;40;95;70;152;65;124;259;228;131;104;94;99;27;40;18;42;25;12;9;3;0;3;7;86;297;95;222;1005;166;97;15
200212;08010510;08;01;05;10;1;113;74;39;0;0;0;3;0;0;0;3;3;0;0;0;9;9;9;3;15;9;6;15;13;13;0;0;0;0;3;0;0;0;0;0;0;3;6;0;18;70;13;3;0
200212;08020619;08;02;06;19;2;1722;879;843;9;6;3;41;28;21;24;47;53;62;27;81;52;142;61;112;212;189;141;94;96;77;37;33;21;16;21;16;0;0;0;0;9;78;234;81;194;905;147;74;0
200212;08020620;08;02;06;20;2;1162;605;557;6;6;0;25;16;12;12;22;34;18;9;39;42;70;68;78;159;132;92;66;82;55;24;9;22;16;18;12;12;6;0;0;6;47;107;39;112;677;88;68;18
200212;08020621;08;02;06;21;2;100;56;44;0;0;0;3;0;0;0;3;6;0;0;0;12;3;0;11;9;3;3;15;16;10;0;3;0;0;3;0;0;0;0;0;0;3;9;0;15;57;13;3;0
200212;08020622;08;02;06;22;2;1285;662;623;3;3;3;9;6;6;18;31;16;16;24;34;58;81;53;86;152;129;117;76;97;73;53;40;21;27;19;19;6;6;3;0;3;21;111;34;139;710;166;86;15
200212;08020623;08;02;06;23;2;102;52;50;0;0;0;4;0;3;10;0;0;0;0;0;0;3;0;7;24;12;6;6;13;4;0;0;0;6;4;0;0;0;0;0;0;4;13;0;3;68;4;10;0
200212;08020624;08;02;06;24;2;85;61;24;0;0;0;0;0;0;0;3;0;0;3;0;3;10;3;0;6;13;11;3;10;3;10;0;0;0;7;0;0;0;0;0;0;0;6;0;13;46;13;7;0
200212;08020625;08;02;06;25;2;286;172;114;0;0;0;6;3;0;0;3;0;3;0;10;6;18;16;21;48;39;36;25;24;15;0;7;0;3;3;0;0;0;0;0;0;9;6;10;24;209;22;6;0
200212;08020726;08;02;07;26;2;660;325;335;3;0;0;3;3;9;7;13;9;21;3;28;29;31;18;42;65;106;53;66;49;30;6;6;6;12;18;15;6;0;3;0;3;6;62;28;60;399;42;51;9
200212;08020727;08;02;07;27;2;678;353;325;0;0;0;6;15;11;7;12;9;28;9;40;21;36;9;50;82;55;73;61;43;39;25;6;13;9;6;7;6;0;0;0;0;21;76;40;57;373;70;35;6
200212;08020728;08;02;07;28;2;726;395;331;3;6;3;9;3;9;9;21;13;12;11;18;22;58;31;46;93;74;74;66;40;39;9;12;9;12;15;3;0;6;0;0;3;21;75;18;80;424;60;39;6
200212;08030829;08;03;08;29;2;1876;931;945;12;12;28;52;41;46;34;56;37;58;17;71;90;90;63;115;186;189;190;95;124;48;37;46;22;26;39;31;12;3;6;0;12;133;248;71;180;962;131;118;21
200212;08030830;08;03;08;30;2;699;344;355;6;6;0;9;3;4;7;16;19;15;6;25;36;49;18;49;90;69;72;39;35;43;36;6;6;3;10;12;6;0;4;0;6;18;67;25;85;372;85;31;10
200212;08030831;08;03;08;31;2;2728;1373;1355;13;10;6;94;21;33;36;91;84;86;43;117;111;152;97;181;347;285;222;197;163;97;62;27;29;40;51;24;3;0;3;3;13;131;373;117;263;1492;186;144;9
200212;08040932;08;04;09;32;2;199;104;95;0;0;0;6;0;4;6;3;0;7;3;0;6;0;11;21;27;28;4;18;22;12;3;0;6;0;0;3;3;3;0;3;0;6;23;0;6;131;15;9;9
200212;08040933;08;04;09;33;2;271;143;128;3;0;0;0;6;6;3;3;9;6;0;9;18;22;13;16;34;30;21;12;12;12;9;9;3;9;3;3;0;0;0;0;3;6;27;9;40;138;30;18;0
200212;08040934;08;04;09;34;2;204;94;110;0;0;0;3;0;0;3;6;6;8;0;15;0;10;0;10;32;24;12;26;15;16;9;0;0;6;0;0;3;0;0;0;0;3;23;15;10;119;25;6;3
200212;08041035;08;04;10;35;2;434;229;205;3;0;3;3;3;6;3;12;12;9;3;12;21;21;15;13;45;53;28;35;33;31;9;9;9;30;3;0;4;3;0;3;3;9;45;12;42;222;49;42;10
200212;08041036;08;04;10;36;2;336;167;169;0;0;0;15;6;0;3;0;9;9;9;19;15;14;17;12;27;37;37;25;27;15;6;6;9;0;13;3;3;0;0;0;0;21;30;19;29;182;27;25;3
200212;08041037;08;04;10;37;2;521;248;273;0;0;0;10;0;0;3;6;15;7;4;19;20;24;15;36;28;70;55;43;51;61;12;12;6;6;6;0;3;6;3;0;0;10;35;19;44;298;85;18;12
200212;08041038;08;04;10;38;2;301;157;144;0;0;0;0;3;3;0;0;3;9;3;10;18;27;12;12;28;28;28;12;24;33;20;13;0;3;6;6;0;0;0;0;0;3;18;10;45;144;66;15;0
200212;08041039;08;04;10;39;2;259;118;141;3;0;3;6;9;12;3;9;6;6;6;9;0;21;6;19;40;34;29;6;12;6;0;7;3;4;0;0;0;0;0;0;3;18;42;9;21;146;13;7;0
200212;08041040;08;04;10;40;2;552;291;261;3;3;0;12;9;6;6;12;12;9;9;21;13;40;15;29;57;89;52;41;39;27;7;0;3;18;13;0;3;0;0;4;3;24;54;21;53;322;34;34;7
200212;09010101;09;01;01;01;2;877;473;404;0;6;9;16;9;6;9;18;37;15;6;19;34;53;53;85;177;130;77;39;34;9;6;4;6;11;6;0;3;0;0;0;0;40;91;19;87;595;19;23;3
200212;09010102;09;01;01;02;2;0;0;0;0;0;0;0;0;0;0;0;0;0;0;0;0;0;0;0;0;0;0;0;0;0;0;0;0;0;0;0;0;0;0;0;0;0;0;0;0;0;0;0;0
200212;09010201;09;01;02;01;2;157;67;90;0;0;0;0;0;0;0;6;6;6;0;6;3;12;3;15;34;12;27;12;6;6;0;0;0;0;0;0;0;3;0;0;0;0;18;6;15;109;6;0;3
200212;09010202;09;01;02;02;2;146;85;61;3;0;0;0;0;0;0;4;0;0;0;4;0;3;13;18;9;21;25;10;6;18;0;3;6;0;3;0;0;0;0;0;3;0;4;4;3;102;21;9;0
200212;09010301;09;01;03;01;2;456;241;215;3;6;3;15;3;10;3;9;12;9;7;20;6;31;34;36;76;62;36;36;18;0;3;6;3;0;3;6;0;0;0;0;3;27;50;20;37;298;9;12;0
200212;09010302;09;01;03;02;2;72;33;39;0;0;3;0;6;0;0;0;3;3;3;3;3;3;3;6;9;6;3;6;0;6;3;0;3;0;0;0;0;0;0;0;0;9;9;3;6;33;9;3;0
200212;09010401;09;01;04;01;2;95;58;37;0;0;0;3;0;0;0;0;0;0;0;0;3;3;9;12;33;6;7;12;3;0;0;0;0;4;0;0;0;0;0;0;0;3;0;0;6;82;0;4;0
200212;09010402;09;01;04;02;2;190;112;78;0;0;0;0;0;0;3;3;3;3;0;6;12;15;6;12;25;20;24;13;6;9;9;3;3;3;3;3;0;3;3;0;0;0;12;6;27;106;21;12;6
200212;09020501;09;02;05;01;2;221;133;88;0;0;0;0;4;3;6;12;17;0;6;9;6;18;9;9;34;19;31;13;13;9;3;0;0;0;0;0;0;0;0;0;0;4;44;9;24;128;12;0;0
200212;09020502;09;02;05;02;2;601;307;294;3;9;6;13;9;21;6;34;15;21;6;24;18;36;15;48;81;106;67;30;15;6;3;0;0;3;0;3;3;0;0;0;3;37;103;24;54;362;9;6;3
200212;09020601;09;02;06;01;2;659;477;182;0;0;6;6;6;0;6;9;18;6;6;15;47;99;42;52;93;97;50;37;33;6;0;3;3;12;4;0;3;0;0;0;0;18;45;15;146;404;9;19;3
200212;09020602;09;02;06;02;2;46;19;27;0;3;0;3;3;0;0;0;0;0;0;0;0;0;9;12;7;0;0;0;6;0;0;0;0;3;0;0;0;0;0;0;0;9;0;0;0;34;0;3;0
200212;09020701;09;02;07;01;2;46;28;18;0;0;0;0;0;0;0;3;0;0;0;0;0;3;0;9;16;3;12;0;0;0;0;0;0;0;0;0;0;0;0;0;0;0;3;0;3;40;0;0;0
200212;09020702;09;02;07;02;2;254;147;107;3;4;0;0;0;6;3;3;3;3;3;3;9;16;19;23;44;35;24;18;14;12;3;0;0;0;3;0;3;0;0;0;3;4;21;3;25;177;15;3;3
200212;09020801;09;02;08;01;2;44;19;25;0;0;0;3;0;0;3;0;0;0;0;0;0;0;4;3;9;6;3;0;7;0;0;3;0;0;0;0;3;0;0;0;0;3;3;0;0;32;3;0;3
200212;09020802;09;02;08;02;2;217;126;91;0;3;0;0;0;3;0;0;6;7;3;9;3;12;9;13;30;42;28;28;12;0;3;3;3;0;0;0;0;0;0;0;0;3;19;9;15;162;6;3;0
200212;09030901;09;03;09;01;2;208;96;112;0;3;4;0;0;0;3;12;6;4;7;0;9;3;9;18;29;22;12;24;15;9;6;0;0;0;10;3;0;0;0;0;0;7;32;0;12;129;15;13;0
200212;09030902;09;03;09;02;2;246;132;114;0;3;3;9;3;3;0;12;3;9;3;6;4;24;12;21;45;27;25;10;6;9;0;0;0;3;6;0;0;0;0;0;0;18;30;6;28;146;9;9;0
200212;09030903;09;03;09;03;2;237;116;121;3;0;0;0;6;3;4;3;6;6;0;9;6;23;14;18;43;49;16;15;7;3;0;0;0;0;3;0;0;0;0;0;3;6;22;9;29;162;3;3;0
200212;09031001;09;03;10;01;2;191;119;72;0;0;0;6;0;0;0;3;0;3;0;3;9;24;6;18;15;21;22;21;15;12;6;4;3;0;0;0;0;0;0;0;0;6;6;3;33;118;22;3;0
200212;09031101;09;03;11;01;2;107;80;27;0;0;0;3;3;0;0;0;0;0;0;0;0;9;6;12;19;9;18;12;7;3;0;0;3;0;0;0;0;0;0;3;0;6;0;0;9;83;3;3;3
200212;09031201;09;03;12;01;2;28;18;10;0;0;0;0;0;0;0;0;0;3;0;0;0;3;0;0;0;10;3;3;0;3;3;0;0;0;0;0;0;0;0;0;0;0;3;0;3;16;6;0;0
200212;09031202;09;03;12;02;2;86;55;31;0;0;0;4;0;0;0;0;0;0;0;3;15;0;0;3;24;3;0;12;9;7;3;3;0;0;0;0;0;0;0;0;0;4;0;3;15;51;13;0;0
200212;09041301;09;04;13;01;2;235;162;73;0;3;0;3;0;3;0;0;0;0;0;7;12;32;3;19;38;34;27;12;21;3;6;3;0;0;6;0;3;0;0;0;0;6;3;7;44;154;12;6;3
200212;09041302;09;04;13;02;2;39;21;18;0;0;0;0;0;0;0;0;0;0;0;0;3;0;0;6;6;3;6;6;3;6;0;0;0;0;0;0;0;0;0;0;0;0;0;0;3;30;6;0;0
200212;09041401;09;04;14;01;2;45;21;24;3;0;0;0;0;3;0;0;0;0;0;0;3;3;0;6;9;0;3;0;6;0;0;3;0;0;0;3;3;0;0;0;3;0;3;0;6;24;3;3;3
200212;09041402;09;04;14;02;2;37;18;19;0;0;0;0;0;0;0;0;4;0;0;3;0;3;3;3;3;9;0;3;3;0;0;0;0;0;0;3;0;0;0;0;0;0;4;3;3;24;0;3;0
200212;09041501;09;04;15;01;2;176;109;67;0;0;3;3;3;0;0;6;3;6;4;0;0;6;9;18;21;33;21;21;0;16;0;0;0;3;0;0;0;0;0;0;0;9;19;0;6;123;16;3;0
200212;09041601;09;04;16;01;2;61;36;25;0;3;0;0;0;0;0;3;0;3;0;0;0;7;3;0;0;9;9;3;6;6;6;0;0;3;0;0;0;0;0;0;0;3;6;0;7;30;12;3;0
200212;09051701;09;05;17;01;2;33;21;12;0;0;0;0;0;0;0;0;0;0;3;0;0;0;3;6;9;3;3;3;0;3;0;0;0;0;0;0;0;0;0;0;0;0;3;0;0;27;3;0;0
200212;09051702;09;05;17;02;2;349;211;138;0;0;6;3;3;4;0;0;6;6;0;3;15;31;12;36;58;52;36;24;18;15;0;3;3;6;6;3;0;0;0;0;0;12;16;3;46;236;18;18;0
200212;09051801;09;05;18;01;2;604;387;217;0;6;0;10;3;3;6;7;0;19;6;20;49;63;27;75;78;75;56;42;22;15;0;3;9;4;3;0;3;0;0;0;0;19;41;20;112;375;18;16;3
200212;09051901;09;05;19;01;2;329;218;111;3;0;0;0;6;10;0;6;3;0;0;3;3;24;30;38;46;41;43;24;22;6;9;0;3;3;3;3;0;0;0;0;3;6;19;3;27;244;15;12;0
200212;09052001;09;05;20;01;2;173;105;68;0;0;3;0;0;0;0;3;3;0;0;0;9;3;21;4;33;19;30;12;8;6;6;0;4;3;6;0;0;0;0;0;0;3;6;0;12;127;12;13;0
200212;10010101;10;01;01;01;2;213;115;98;0;0;3;0;0;4;4;6;6;15;6;7;9;15;6;25;31;24;19;21;6;0;0;0;0;0;0;3;0;3;0;0;0;3;41;7;24;132;0;3;3
200212;10010102;10;01;01;02;2;876;467;409;3;3;9;6;21;7;15;28;31;6;3;12;31;57;51;65;138;107;85;82;34;38;10;9;3;3;13;3;3;0;0;0;3;39;90;12;88;562;57;22;3
200212;10010203;10;01;02;03;2;54;39;15;0;0;0;7;0;3;0;0;3;3;3;0;0;3;3;0;4;3;16;3;0;3;0;0;0;0;0;0;0;0;0;0;0;7;12;0;3;29;3;0;0
200212;10010204;10;01;02;04;2;376;193;183;0;3;3;3;3;7;9;9;6;6;6;27;15;21;24;19;58;48;31;35;18;6;3;0;3;0;0;9;4;0;0;0;0;12;43;27;36;233;9;12;4
200212;10010205;10;01;02;05;2;214;147;67;0;0;0;3;0;9;0;3;4;3;3;3;7;6;12;23;21;28;32;15;24;3;6;6;0;0;3;0;0;0;0;0;0;3;22;3;13;155;15;3;0
200212;10010206;10;01;02;06;2;506;286;220;0;6;7;15;3;0;9;13;16;6;0;9;6;58;16;46;69;70;73;24;18;18;6;6;0;3;3;6;0;0;0;0;0;31;44;9;64;316;30;12;0
200212;10010207;10;01;02;07;2;325;161;164;0;3;3;9;0;4;6;13;9;9;3;7;12;19;24;21;31;47;38;28;24;3;0;0;0;0;6;0;6;0;0;0;0;15;44;7;31;213;3;6;6
200212;10010308;10;01;03;08;2;61;41;20;0;0;0;0;0;0;0;0;0;0;0;0;0;6;0;7;9;11;16;6;0;3;0;0;0;0;0;3;0;0;0;0;0;0;0;0;6;49;3;3;0
200212;10010309;10;01;03;09;2;462;251;211;0;0;3;9;0;0;7;9;12;9;9;9;9;47;25;23;51;57;66;37;25;21;3;3;3;10;3;9;0;0;3;0;0;12;46;9;56;284;27;25;3
200212;10010310;10;01;03;10;2;467;234;233;6;0;12;0;4;3;0;16;16;15;15;18;18;13;19;42;64;72;44;42;27;3;6;6;0;3;0;0;0;0;0;3;6;16;65;18;31;310;15;3;3
200212;10010311;10;01;03;11;2;77;52;25;3;0;0;3;0;0;3;0;3;6;0;0;3;6;3;3;9;7;10;6;6;0;3;0;3;0;0;0;0;0;0;0;3;3;12;0;9;44;3;3;0
200212;10020412;10;02;04;12;2;271;145;126;0;6;0;0;3;3;0;3;9;0;0;19;3;36;6;24;49;40;33;15;12;3;3;4;0;0;0;0;0;0;0;0;0;9;15;19;39;179;10;0;0
200212;10020413;10;02;04;13;2;287;166;121;0;0;0;6;3;0;6;3;6;3;0;4;12;15;18;26;49;45;30;28;9;0;6;0;3;0;3;9;0;0;3;0;0;9;18;4;27;205;6;15;3
200212;10020414;10;02;04;14;2;67;41;26;0;0;0;0;0;0;3;3;0;3;0;3;0;10;0;7;16;9;10;3;0;0;0;0;0;0;0;0;0;0;0;0;0;0;9;3;10;45;0;0;0
200212;10020415;10;02;04;15;2;145;75;70;0;3;0;0;3;0;0;3;0;4;0;6;3;18;6;18;27;15;15;3;15;3;0;0;0;3;0;0;0;0;0;0;0;6;7;6;21;99;3;3;0
200212;10020416;10;02;04;16;2;164;81;83;0;0;3;7;0;3;0;3;3;3;0;0;10;9;12;9;35;22;15;9;6;6;0;0;0;3;0;3;0;0;0;3;0;10;12;0;19;108;6;6;3
200212;10020517;10;02;05;17;2;184;91;93;0;0;3;6;6;0;0;9;6;7;0;3;0;17;6;3;28;28;27;17;9;6;0;0;3;0;0;0;0;0;0;0;0;15;22;3;17;118;6;3;0
200212;10020518;10;02;05;18;2;120;74;46;0;0;0;3;0;6;0;3;7;0;0;3;3;6;6;12;15;19;15;13;6;0;0;3;0;0;0;0;0;0;0;0;0;3;16;3;9;86;3;0;0
200212;10020519;10;02;05;19;2;103;64;39;0;0;0;3;3;0;6;0;0;3;3;6;3;3;3;15;7;18;12;9;3;6;0;0;0;0;0;0;0;0;0;0;0;6;12;6;6;67;6;0;0
200212;10020620;10;02;06;20;2;103;52;51;3;0;3;0;0;0;0;0;3;0;0;0;3;13;9;12;21;9;9;6;3;6;0;0;0;0;3;0;0;0;0;0;3;3;3;0;16;69;6;3;0
200212;10020621;10;02;06;21;2;167;105;62;0;3;6;3;3;7;4;3;3;0;6;3;6;0;3;26;37;16;14;9;3;6;0;0;3;0;0;3;0;0;0;0;0;15;23;3;6;108;6;6;0
200212;10020622;10;02;06;22;2;647;332;315;10;15;9;31;0;0;6;15;18;12;9;21;35;41;30;58;90;63;63;36;19;16;9;6;15;6;8;3;3;0;0;0;10;55;60;21;76;359;31;32;3
200212;10020623;10;02;06;23;2;125;68;57;0;0;0;3;0;3;0;0;3;0;0;3;6;16;3;15;21;15;9;13;9;3;0;0;3;0;0;0;0;0;0;0;0;3;6;3;22;85;3;3;0
200212;10030724;10;03;07;24;2;970;465;505;0;15;22;27;20;15;17;41;47;32;12;39;63;179;75;97;87;71;39;33;6;9;3;3;0;9;3;0;6;0;0;0;0;84;164;39;242;408;15;12;6
200212;10030725;10;03;07;25;2;266;156;110;0;0;3;13;0;0;3;3;3;0;0;39;39;25;18;21;31;15;21;10;3;4;0;3;3;3;3;3;0;0;0;0;0;16;9;39;64;119;7;12;0
200212;10030726;10;03;07;26;2;37;22;15;0;0;0;0;0;0;3;0;0;0;0;3;0;3;0;0;9;6;3;4;3;0;3;0;0;0;0;0;0;0;0;0;0;0;3;3;3;25;3;0;0
200212;10030727;10;03;07;27;2;110;71;39;0;3;0;3;0;0;0;3;0;0;0;12;3;6;9;3;19;12;10;9;6;6;0;3;0;0;3;0;0;0;0;0;0;6;3;12;9;68;9;3;0
200212;10040828;10;04;08;28;2;95;59;36;0;0;0;3;0;0;0;0;0;6;0;0;0;9;6;0;9;23;18;12;6;3;0;0;0;0;0;0;0;0;0;0;0;3;6;0;9;74;3;0;0
200212;10040829;10;04;08;29;2;46;27;19;0;0;0;0;0;0;0;0;3;0;0;0;0;10;0;6;6;6;6;6;3;0;0;0;0;0;0;0;0;0;0;0;0;0;3;0;10;33;0;0;0
200212;10040830;10;04;08;30;2;89;45;44;0;0;0;0;0;0;0;0;3;0;0;3;0;11;0;6;13;13;12;9;3;6;4;3;0;0;0;3;0;0;0;0;0;0;3;3;11;56;13;3;0
200212;10040931;10;04;09;31;2;115;55;60;3;0;0;0;0;0;3;0;3;0;0;3;6;0;3;13;12;30;9;6;9;6;3;3;0;0;0;0;3;0;0;0;3;0;6;3;6;82;12;0;3
200212;10040932;10;04;09;32;2;43;22;21;0;0;0;0;0;0;0;0;6;0;3;0;0;0;3;6;10;0;3;6;3;0;0;3;0;0;0;0;0;0;0;0;0;0;9;0;0;31;3;0;0
200212;10040933;10;04;09;33;2;141;73;68;0;0;0;0;4;0;3;0;3;3;4;0;3;15;6;16;21;18;15;15;6;3;3;0;3;0;0;0;0;0;0;0;0;4;13;0;18;97;6;3;0
200212;11010101;11;01;01;01;2;4;0;4;0;0;0;0;0;0;0;0;0;0;0;0;0;0;0;0;0;0;0;0;0;4;0;0;0;0;0;0;0;0;0;0;0;0;0;0;0;0;4;0;0
200212;11010102;11;01;01;02;2;40;25;15;0;0;0;0;0;0;0;0;0;0;0;0;3;3;3;9;6;6;6;4;0;0;0;0;0;0;0;0;0;0;0;0;0;0;0;0;6;34;0;0;0
200212;11010103;11;01;01;03;2;12;9;3;0;0;0;0;0;0;0;0;0;0;0;0;3;0;3;0;3;0;0;3;0;0;0;0;0;0;0;0;0;0;0;0;0;0;0;0;3;9;0;0;0
200212;11010204;11;01;02;04;2;557;287;270;12;3;10;7;9;12;12;32;12;6;3;30;24;9;31;25;78;76;83;48;16;3;3;4;0;3;0;0;6;0;0;0;12;29;77;30;33;357;10;3;6
200212;11010205;11;01;02;05;2;374;194;180;3;0;0;6;6;12;0;16;20;6;3;19;12;27;15;30;50;30;38;48;18;9;0;0;3;0;3;0;0;0;0;0;3;12;57;19;39;229;9;6;0
200212;11010206;11;01;02;06;2;218;103;115;0;0;0;10;0;3;6;10;12;0;9;9;6;22;6;18;26;34;24;7;0;10;0;3;0;0;0;0;0;3;0;0;0;10;40;9;28;115;13;0;3
200212;11010207;11;01;02;07;2;303;146;157;0;3;6;6;0;3;3;3;19;6;0;3;12;19;9;18;55;49;39;17;12;6;3;3;0;3;3;3;0;0;0;0;0;15;34;3;31;199;12;9;0
200212;11010308;11;01;03;08;2;525;291;234;0;6;3;15;4;15;14;13;27;6;9;16;18;25;33;39;71;71;61;37;24;3;0;3;3;3;6;0;0;0;0;0;0;28;84;16;43;336;6;12;0
200212;11010309;11;01;03;09;2;605;316;289;0;6;6;26;6;6;13;20;30;13;4;33;30;31;15;33;78;65;87;39;28;15;9;3;3;6;0;0;0;0;0;0;0;44;86;33;61;345;27;9;0
200212;11010310;11;01;03;10;2;114;59;55;0;0;4;6;3;3;0;9;9;0;0;10;0;3;0;4;9;19;7;6;6;0;0;0;0;0;13;0;3;0;0;0;0;13;21;10;3;51;0;13;3
200212;11020411;11;02;04;11;2;465;249;216;6;12;6;15;7;13;16;25;16;19;9;35;13;24;19;33;43;48;43;23;19;9;3;0;0;3;3;3;0;0;0;0;6;40;98;35;37;228;12;9;0
200212;11020412;11;02;04;12;2;902;606;296;7;0;3;4;3;9;9;13;9;19;6;15;77;101;47;84;152;146;90;51;25;16;3;3;0;3;7;0;0;0;0;0;7;10;65;15;178;595;22;10;0
200212;11020513;11;02;05;13;2;77;41;36;0;0;0;6;0;0;0;0;0;3;0;0;6;3;3;12;9;16;6;6;0;4;0;0;0;0;0;3;0;0;0;0;0;6;3;0;9;52;4;3;0
200212;11020514;11;02;05;14;2;410;222;188;3;3;9;3;0;0;3;3;9;3;0;0;45;84;58;44;59;27;19;13;7;6;9;0;0;0;0;3;0;0;0;0;3;15;18;0;129;227;15;3;0
200212;11020515;11;02;05;15;2;490;264;226;4;3;6;9;9;3;0;12;16;9;7;14;23;40;21;33;58;56;63;58;19;12;9;0;3;0;3;0;0;0;0;0;4;27;47;14;63;308;21;6;0
200212;11020516;11;02;05;16;2;62;32;30;0;0;3;6;0;3;0;3;0;0;0;0;0;6;0;9;12;4;6;7;3;0;0;0;0;0;0;0;0;0;0;0;0;9;6;0;6;41;0;0;0
200212;11030617;11;03;06;17;2;426;243;183;3;3;9;15;10;6;9;13;21;15;3;28;36;37;0;22;52;50;39;21;15;3;3;0;3;0;0;10;0;0;0;0;3;37;67;28;73;199;6;13;0
200212;11030618;11;03;06;18;2;1049;560;489;17;3;3;19;6;6;7;24;25;24;12;33;65;139;65;87;163;101;85;50;45;33;9;7;3;0;9;6;0;0;3;0;17;31;98;33;204;596;49;18;3
200212;11030619;11;03;06;19;2;788;463;325;6;3;6;24;12;9;9;20;21;9;6;21;19;30;35;57;114;101;101;76;47;25;12;3;4;9;6;3;0;0;0;0;6;45;74;21;49;531;40;22;0
200212;11030720;11;03;07;20;2;2176;1774;402;6;15;3;27;9;6;18;30;19;33;9;28;59;170;72;93;203;270;302;344;239;129;33;13;13;12;15;3;3;0;0;0;6;54;115;28;229;1523;175;43;3
200212;11030721;11;03;07;21;2;1454;890;564;9;12;3;13;27;19;15;35;40;26;10;47;72;107;63;127;204;192;168;120;52;32;15;13;3;3;9;3;12;3;0;0;9;55;145;47;179;926;60;18;15
200212;11030824;11;03;08;24;2;1129;593;536;13;13;13;23;13;18;13;29;34;40;22;42;65;179;68;98;127;103;90;43;37;15;9;3;3;7;9;0;0;0;0;0;13;62;156;42;244;566;27;19;0
200212;11040925;11;04;09;25;2;324;196;128;0;0;3;3;3;0;0;0;0;7;4;9;12;33;13;20;84;39;35;22;17;10;3;7;0;0;0;0;0;0;0;0;0;9;11;9;45;230;20;0;0
200212;11040926;11;04;09;26;2;1812;1218;594;17;3;10;34;12;18;15;34;37;24;19;39;65;133;104;142;237;280;209;165;110;40;9;3;10;6;18;12;0;4;3;0;17;59;147;39;198;1247;52;46;7
200212;11041022;11;04;10;22;2;233;126;107;0;0;0;3;3;6;3;3;9;9;0;9;3;0;15;34;27;28;18;22;15;3;10;0;7;6;0;0;0;0;0;0;0;6;30;9;3;159;13;13;0
200212;11041023;11;04;10;23;2;399;197;202;4;0;9;12;6;3;16;24;21;12;6;22;13;27;12;27;52;42;31;27;15;3;6;3;3;0;0;0;0;0;0;3;4;27;82;22;40;206;12;3;3
200212;11041027;11;04;10;27;2;116;74;42;0;0;3;3;0;3;0;11;3;3;3;3;0;9;3;9;15;15;9;16;0;4;0;4;0;0;0;0;0;0;0;0;0;6;23;3;9;67;8;0;0
200212;11041128;11;04;11;28;2;2634;1684;950;0;10;31;28;26;19;12;34;28;32;12;33;89;380;142;197;367;360;279;211;137;91;32;6;27;18;12;12;6;0;0;3;0;95;137;33;469;1693;129;69;9
200212;11051229;11;05;12;29;2;74;42;32;0;0;0;0;0;0;0;3;0;0;0;0;3;7;3;10;12;9;9;6;6;3;0;0;3;0;0;0;0;0;0;0;0;0;3;0;10;55;3;3;0
200212;11051330;11;05;13;30;2;333;189;144;0;3;9;3;3;7;0;6;0;0;0;3;18;61;22;36;80;34;12;9;9;6;3;3;0;6;0;0;0;0;0;0;0;18;13;3;79;202;12;6;0
200212;11051331;11;05;13;31;2;327;183;144;0;3;0;3;0;0;7;9;9;3;0;9;9;21;16;27;48;47;41;37;20;3;0;3;3;0;6;3;0;0;0;0;0;6;28;9;30;236;6;12;0
200212;11051332;11;05;13;32;2;166;87;79;0;3;0;0;3;3;0;3;6;6;4;0;3;9;6;16;18;18;18;16;6;13;3;3;3;0;0;0;3;0;3;0;0;6;22;0;12;98;19;3;6
200212;12103115;12;10;31;15;2;1071;583;488;3;6;0;16;12;9;9;40;25;16;18;25;37;79;43;69;158;107;79;73;99;62;37;16;3;18;6;3;0;3;0;0;3;34;117;25;116;628;115;30;3
200212;12103116;12;10;31;16;2;1472;788;684;6;9;15;48;18;22;13;43;37;34;19;57;50;116;57;135;175;134;144;93;89;61;31;9;12;15;9;18;3;0;0;0;6;90;168;57;166;827;101;54;3
200212;12103117;12;10;31;17;2;1491;788;703;6;3;6;28;22;34;15;37;29;49;15;55;34;100;59;123;181;144;100;122;108;74;33;28;6;34;24;10;9;0;0;3;6;59;179;55;134;837;135;74;12
200212;12103218;12;10;32;18;2;1570;787;783;6;16;9;41;13;6;19;24;51;49;22;61;54;85;56;93;196;214;132;113;76;76;41;19;29;30;15;12;0;6;6;0;6;79;171;61;139;880;136;86;12
200212;12103219;12;10;32;19;2;959;481;478;0;0;3;15;10;3;25;22;25;6;7;32;35;77;36;69;122;104;100;45;69;49;32;12;19;15;15;9;0;0;3;0;0;28;88;32;112;545;93;58;3
200212;12103220;12;10;32;20;2;399;210;189;0;3;0;12;6;0;3;0;10;15;3;6;18;21;9;26;62;36;20;42;35;14;19;0;0;12;13;3;7;0;4;0;0;21;31;6;39;230;33;28;11
200212;12214125;12;21;41;25;2;494;269;225;6;0;3;6;4;0;0;10;12;6;3;3;13;19;12;28;82;67;53;32;44;31;27;6;9;9;3;3;0;0;3;0;6;13;31;3;32;318;64;24;3
200212;12214126;12;21;41;26;2;850;410;440;3;3;3;27;16;3;13;13;20;14;9;40;18;52;32;70;122;104;84;35;78;31;9;7;6;12;20;3;0;3;0;0;3;49;72;40;70;525;47;41;3
200212;12214421;12;21;44;21;2;152;85;67;0;0;0;0;0;0;6;0;3;9;0;0;4;18;3;3;30;20;3;18;12;10;7;3;0;0;0;0;3;0;0;0;0;0;18;0;22;89;20;0;3
200212;12214422;12;21;44;22;2;1627;850;777;3;3;18;42;31;43;22;78;51;43;21;51;58;99;65;122;218;145;133;86;84;66;40;24;19;25;18;12;7;0;0;0;3;94;258;51;157;853;130;74;7
200212;12214423;12;21;44;23;2;581;300;281;7;6;0;10;4;6;6;13;9;15;16;12;15;24;27;46;64;60;58;51;28;41;12;9;12;6;6;12;0;6;0;0;7;20;65;12;39;334;62;36;6
200212;12214424;12;21;44;24;2;1639;856;783;18;6;9;39;22;21;12;51;47;33;15;56;49;107;65;128;201;216;125;86;114;89;43;25;25;15;10;9;3;0;0;0;18;76;179;56;156;935;157;59;3
200212;12214527;12;21;45;27;2;973;492;481;0;4;0;12;6;6;10;16;16;25;6;52;18;46;20;62;113;110;90;81;66;90;27;22;18;18;24;9;3;0;3;0;0;22;79;52;64;542;139;69;6
200212;12214528;12;21;45;28;2;7;3;4;0;0;0;0;0;0;0;0;0;0;0;0;0;0;4;0;0;0;0;3;0;0;0;0;0;0;0;0;0;0;0;0;0;0;0;0;0;7;0;0;0
200212;12224229;12;22;42;29;2;280;125;155;3;4;0;3;0;3;6;0;0;3;0;19;3;18;6;18;27;21;30;25;24;16;21;9;0;0;6;6;6;3;0;0;3;7;12;19;21;151;46;12;9
200212;12224230;12;22;42;30;2;554;254;300;0;0;6;0;3;3;0;3;3;6;6;18;25;27;16;27;53;70;49;71;58;38;23;4;13;9;6;10;7;0;0;0;0;9;21;18;52;344;65;38;7
200212;12231101;12;23;11;01;2;752;369;383;3;0;3;9;6;6;9;15;12;12;6;23;12;39;24;46;86;97;70;66;67;60;21;9;0;9;15;9;12;3;3;0;3;18;60;23;51;456;90;33;18
200212;12231102;12;23;11;02;2;730;353;377;0;0;0;9;3;6;6;12;3;15;3;12;15;39;22;28;68;86;77;74;69;59;38;13;9;22;12;9;6;12;0;3;0;12;45;12;54;424;110;52;21
200212;12301203;12;30;12;03;2;1060;573;487;0;3;3;19;6;3;6;15;24;16;12;43;23;68;41;67;130;142;92;90;90;70;30;9;17;12;7;12;3;0;4;3;0;31;76;43;91;652;109;48;10
200212;12301204;12;30;12;04;2;417;245;172;0;6;0;3;0;3;0;3;9;12;3;10;20;24;6;22;42;72;73;40;21;16;3;11;0;6;9;0;3;0;0;0;0;9;30;10;44;276;30;15;3
200212;12301205;12;30;12;05;2;291;148;143;3;0;3;3;3;10;6;6;6;6;3;9;9;15;9;24;31;33;22;21;27;12;6;6;0;3;3;6;3;3;0;0;3;9;37;9;24;167;24;12;6
200212;12301206;12;30;12;06;2;165;78;87;0;0;0;0;0;3;3;3;0;3;3;0;6;6;6;12;27;18;24;9;24;12;0;0;0;3;0;3;0;0;0;0;0;0;15;0;12;120;12;6;0
200212;12302107;12;30;21;07;2;181;89;92;0;0;0;4;4;0;0;0;3;6;0;11;12;13;9;3;37;9;15;9;22;12;3;6;3;0;0;0;0;0;0;0;0;8;9;11;25;104;21;3;0
200212;12302108;12;30;21;08;2;1082;529;553;3;6;0;31;12;16;9;29;24;22;19;39;42;56;35;63;145;108;114;73;75;51;35;23;9;6;19;12;6;0;0;0;3;49;119;39;98;613;109;46;6
200212;12302109;12;30;21;09;2;1142;565;577;9;10;3;25;22;13;20;24;39;40;7;34;55;50;30;98;110;139;88;96;62;52;18;20;9;25;9;19;10;3;3;0;9;60;143;34;105;623;90;62;16
200212;12302110;12;30;21;10;2;861;437;424;0;0;6;16;12;12;10;33;22;36;15;41;35;55;22;50;68;112;81;58;68;39;19;10;7;9;12;10;3;0;0;0;0;34;128;41;90;459;68;38;3
200212;12302211;12;30;22;11;2;250;125;125;0;0;0;6;0;0;0;22;15;0;3;20;12;9;9;10;15;28;26;15;20;15;6;3;10;3;0;0;0;0;3;0;0;6;40;20;21;123;24;13;3
200212;12302212;12;30;22;12;2;654;351;303;0;6;0;10;12;3;10;18;32;31;12;25;36;41;23;39;67;55;60;58;36;18;13;9;9;13;12;6;0;0;0;0;0;28;106;25;77;338;40;40;0
200212;12304313;12;30;43;13;2;436;226;210;0;0;4;3;3;0;7;7;15;9;9;9;6;34;18;30;41;38;33;40;35;40;15;9;9;7;3;6;0;3;3;0;0;10;47;9;40;235;64;25;6
200212;12304314;12;30;43;14;2;477;236;241;0;3;0;7;4;10;3;3;19;9;6;3;7;29;12;33;51;58;28;46;43;37;18;12;9;3;9;3;6;6;0;0;0;14;50;3;36;271;67;24;12
