Nr.,Planungsraum,,Status 1,Status 2,Status 3,Status 4,Status 5, Status 6,Dynamik 1,Dynamik 2,Dynamik 3,Dynamik 4,Dynamik 5,Dynamik 6,E 1,E 2,E 3,E 4,E 5,E 6,E 7,E 8,E 9,E 10,E 11,E 12,E 13,E 14,E 15,E 16,E 17,E 18,E 19,E 20,E 21,E 22,      E 23
,Berlin,"3,362,842  ",9.4,5.8,3.4,13.8,37.4,42.8,27.4,0.4,-0.4,-0.5,0.0,-1.2,18.0,0.2,-0.2,5.2,14.5,18.9,14.0,26.1,11.1,43.4,3.3,1.0,1.0,1.4,2.4,1.9,1.3,4.3,-0.8,-0.4,-0.6,14.0,26.2
01011101,Stülerstr.,"3,140  ",6.0,4.2,1.8,7.1,24.6,70.9,42.2,-3.9,-1.3,-0.1,1.9,1.0,26.6,-1.4,-0.2,2.7,5.7,20.0,34.5,49.3,23.5,70.6,1.1,5.3,4.6,1.5,4.8,2.7,1.6,7.5,0.3,1.1,-0.4,10.7,9.9
01011102,Großer Tiergarten,184  ,4.5,0.0,2.6,4.3,0.0,52.9,46.0,-1.6,0.0,-0.6,1.8,0.0,0.0,-1.6,0.0,1.6,9.2,10.3,15.2,25.0,17.6,100.0,0.0,0.0,1.6,1.6,6.5,1.6,1.6,8.2,-2.1,0.0,-1.1,7.1,14.3
01011103,Lützowstr.,"4,712  ",9.3,3.6,3.1,17.6,46.5,79.3,29.5,0.8,0.5,-0.2,0.4,0.8,16.5,1.8,0.1,4.1,12.9,16.1,28.9,50.0,21.8,71.1,4.4,2.1,4.7,1.9,5.2,3.8,2.0,9.0,-0.3,-1.0,-1.4,15.6,27.7
01011104,Körnerstr.,"3,747  ",11.5,7.1,4.2,27.5,68.7,85.0,39.5,-1.6,-6.4,-0.6,1.7,-2.6,16.7,0.9,0.5,6.4,18.7,6.5,37.0,64.2,23.4,86.2,8.6,5.8,4.2,3.3,3.9,4.1,2.1,8.0,0.1,1.0,-0.1,21.6,32.4
01011105,Nördl. Landwehrkanal,875  ,3.5,0.0,1.1,4.0,12.9,64.6,47.1,5.7,-6.1,0.9,-0.6,-2.9,30.3,1.9,-0.6,4.2,11.0,10.3,35.5,51.9,37.5,91.9,1.0,2.7,5.5,0.7,7.2,1.4,0.3,8.6,0.5,0.0,-0.2,5.7,4.8
01011201,Wilhelmstr.,"2,120  ",4.5,2.1,1.4,7.9,26.5,62.6,25.1,-4.2,0.0,-0.5,0.2,-2.8,14.3,-2.5,0.0,4.2,13.3,15.5,26.9,41.3,27.8,65.2,0.7,2.6,9.3,0.6,3.0,3.1,0.6,6.0,0.0,-1.2,-0.3,7.0,10.9
01011202,Unter den Linden Nord,456  ,2.9,0.0,0.0,4.4,9.2,35.3,42.5,2.8,-14.3,0.7,4.5,5.1,38.1,3.7,-0.5,5.3,14.9,9.2,19.3,27.2,8.8,50.0,0.0,2.0,2.0,0.7,8.6,0.0,0.0,8.6,-1.0,0.0,0.0,5.4,4.5
01011203,Unter den Linden Süd,934  ,1.9,0.0,0.4,3.0,12.9,47.8,29.7,-4.1,4.8,-1.9,-1.3,-3.6,19.0,-0.8,-0.1,2.7,9.6,13.5,39.7,46.7,26.7,64.0,1.0,0.3,23.2,0.6,6.4,2.9,1.3,9.3,-1.6,0.0,-0.9,4.4,1.9
01011204,Leipziger Str.,"5,693  ",5.4,3.2,1.9,6.0,20.3,62.7,26.5,2.1,14.3,-0.2,-0.4,-4.7,13.7,0.9,0.1,4.1,9.1,23.9,22.0,34.1,21.0,67.8,0.7,1.9,4.0,1.5,3.4,5.1,0.9,8.4,-0.2,-0.1,-0.1,7.1,11.2
01011301,Charitéviertel,"4,565  ",4.0,0.7,1.1,3.8,9.3,44.1,44.2,1.1,-14.2,0.1,-0.1,-0.3,33.9,0.5,-0.1,5.0,9.5,8.4,19.8,28.0,12.5,41.0,0.4,0.8,2.0,0.6,7.1,2.1,0.9,9.2,0.2,-0.3,0.0,6.8,4.4
01011302,Oranienburger Str.,"11,793  ",6.0,3.8,1.7,7.8,19.7,36.4,34.7,0.0,-2.9,-0.8,-0.3,-2.9,13.4,-0.6,-0.2,6.6,14.5,6.7,17.9,27.3,7.8,38.8,0.7,0.3,1.4,0.6,7.0,1.6,0.6,8.6,-0.1,-0.2,-0.6,10.2,9.2
01011303,Alexanderplatzviertel,"8,032  ",7.4,2.9,2.3,9.3,33.7,55.4,31.1,-0.1,-7.2,-0.9,0.0,-2.9,23.5,-1.3,-0.3,4.5,9.1,20.4,18.4,28.6,17.3,55.4,0.5,0.9,2.0,0.8,4.9,1.7,0.8,6.7,-0.5,-2.1,-0.6,11.0,16.1
01011304,Karl-Marx-Allee,"8,237  ",8.8,5.8,2.8,11.1,48.6,64.0,21.6,1.3,0.6,-0.4,1.0,2.5,18.8,-0.2,-0.3,3.8,10.3,37.0,14.2,26.7,24.1,62.5,1.6,0.8,1.7,1.2,1.3,1.6,0.5,3.0,0.2,1.0,0.0,8.4,30.2
01011305,Heine-Viertel West,"6,079  ",7.7,4.9,2.3,8.2,42.7,56.8,25.7,-1.3,-7.2,-0.6,-0.4,4.1,21.6,-1.5,-0.2,3.1,8.9,32.5,14.5,24.7,19.9,55.9,1.0,1.0,2.0,0.5,2.4,2.6,0.6,5.0,0.2,1.6,-0.4,8.3,17.2
01011306,Heine-Viertel Ost,"7,348  ",7.7,4.8,2.4,8.1,28.3,55.8,33.2,0.0,-6.0,-0.3,1.1,0.7,20.5,-0.6,-0.2,4.7,9.9,19.6,16.6,28.3,16.0,57.3,3.7,1.3,1.2,1.1,2.2,1.7,0.9,4.0,-0.7,-0.1,-0.8,10.3,15.5
01011401,Invalidenstr.,"12,995  ",5.4,2.6,1.5,6.6,14.7,34.2,42.9,-0.2,-6.8,-0.6,0.0,-2.2,24.3,0.0,-0.2,6.8,12.9,6.7,17.5,25.7,8.4,34.3,0.7,0.4,1.2,0.5,6.9,2.1,1.0,9.1,-1.0,-1.0,-0.7,9.4,8.5
01011402,Arkonaplatz,"11,018  ",5.3,2.9,1.4,5.6,12.3,28.6,40.4,0.4,-3.9,-0.4,0.2,-1.1,20.8,-0.6,0.0,7.8,12.8,6.1,16.4,23.5,6.8,32.1,0.2,0.2,1.0,0.5,7.4,1.5,0.4,8.9,-0.3,-1.3,-0.1,8.9,6.3
01022101,Huttenkiez,"2,873  ",13.5,9.2,4.6,22.1,64.8,68.1,47.3,-1.3,-12.4,-1.7,0.6,5.0,31.0,0.6,0.7,4.8,11.6,9.6,30.0,43.4,26.5,61.3,4.9,4.9,0.8,3.2,3.0,7.3,5.9,10.3,-1.4,0.0,-1.2,26.3,26.9
01022102,Beusselkiez,"5,480  ",14.8,7.4,4.7,26.8,60.4,78.0,42.9,-1.5,-6.0,-1.4,0.8,-7.5,21.0,-0.7,0.0,6.6,16.4,9.4,38.2,55.6,34.1,76.3,9.0,5.0,1.7,5.6,4.4,5.7,4.1,10.0,-1.2,-1.9,-1.4,27.6,32.9
01022103,Westhafen,163  ,15.2,0.0,4.0,41.1,62.5,46.9,25.6,-7.0,-5.6,-1.6,7.8,-19.0,5.6,-1.7,-0.6,9.2,19.6,3.7,23.6,46.6,0.0,80.0,13.4,1.9,1.9,3.8,0.0,2.5,2.5,2.5,-4.7,0.0,-2.6,40.5,40.5
01022104,Emdener Str.,"16,420  ",12.0,6.1,4.0,20.1,51.7,69.0,37.8,-0.8,-4.5,-1.4,2.4,-0.3,22.0,0.0,0.1,5.7,14.3,11.2,27.4,44.5,20.8,68.7,7.1,2.0,1.6,3.7,3.6,3.7,2.7,7.3,-0.2,-2.2,-0.6,20.0,30.5
01022105,Zwinglistr.,"4,423  ",14.3,8.5,5.2,27.2,68.8,83.1,37.1,-2.6,-1.7,-0.9,2.4,-1.7,15.5,0.1,-0.3,6.3,18.5,10.4,32.1,53.9,24.7,83.2,8.2,4.2,2.2,4.5,4.2,3.5,2.4,7.7,-0.8,-2.4,-0.8,21.4,38.3
01022106,Elberfelder Str.,"10,696  ",8.1,4.5,2.6,11.3,28.0,49.7,29.2,-1.5,-0.2,-0.9,4.2,-1.3,18.0,-0.1,0.1,5.2,14.1,16.1,16.0,29.7,11.8,46.4,2.4,1.1,1.5,1.7,3.3,2.1,1.4,5.3,-0.4,-0.5,-0.6,11.9,23.3
01022201,Stephankiez,"9,660  ",12.8,6.4,3.9,20.4,52.2,70.7,41.4,-1.5,-5.4,-0.8,2.5,0.1,21.4,0.8,0.2,5.5,15.6,9.5,28.1,46.5,21.2,70.0,9.2,2.1,1.1,3.1,3.7,3.1,2.1,6.8,-0.2,-2.1,-1.0,20.4,30.7
01022202,Heidestr.,"1,454  ",11.9,4.4,3.7,33.8,61.8,84.4,28.6,1.0,2.0,-2.1,-3.3,-1.6,15.7,1.9,-0.1,7.8,26.9,9.6,34.5,62.9,26.3,87.7,19.7,3.9,1.7,1.4,2.1,1.2,0.6,3.3,-4.2,-10.6,-2.0,20.3,44.1
01022203,Lübecker Str.,"6,294  ",14.7,8.8,4.3,27.0,65.5,84.5,34.9,1.3,4.9,-0.3,0.1,2.0,13.5,1.3,0.2,6.8,18.1,14.3,32.8,56.1,24.9,79.3,13.6,3.3,1.8,3.9,2.5,3.6,2.6,6.1,0.8,0.8,-1.0,21.2,40.0
01022204,Thomasiusstr.,"5,530  ",9.1,5.2,3.4,12.6,31.3,55.4,32.7,-1.2,0.0,-0.2,2.7,-2.0,17.4,0.1,0.2,4.6,12.8,17.2,18.7,32.7,16.3,55.3,3.9,1.8,1.5,1.4,3.5,2.3,1.6,5.8,0.2,0.0,-0.2,13.7,24.5
01022205,Zillesiedlung,"2,993  ",12.4,5.1,4.6,28.6,61.1,81.1,32.8,-0.5,4.3,0.4,4.7,2.4,14.4,0.5,-0.1,6.6,19.8,20.4,26.1,52.3,25.1,85.8,4.8,3.1,5.1,2.5,2.8,2.6,1.7,5.4,0.6,-3.0,-0.3,23.1,36.2
01022206,Lüneburger Str.,"2,940  ",8.2,4.0,2.3,13.0,38.4,60.7,29.3,-1.0,-2.8,-0.1,-0.7,-0.1,12.5,-0.6,0.0,5.4,13.8,12.9,19.0,34.7,16.7,51.9,3.6,1.2,1.8,0.9,4.6,2.1,1.4,6.7,0.4,0.3,-0.6,12.6,23.4
01022207,Hansaviertel,"5,777  ",6.0,1.8,1.9,9.4,29.7,56.4,37.5,-2.9,2.0,-0.3,2.7,0.2,14.2,-0.2,-0.1,3.6,9.4,21.3,28.6,40.7,9.9,53.9,1.3,1.7,2.4,1.2,7.4,3.9,2.2,11.2,0.5,0.0,-0.1,10.8,12.0
01033101,Soldiner Str.,"22,474  ",17.2,10.2,5.9,30.6,70.9,79.4,39.6,0.8,-1.9,-1.0,0.9,0.5,22.5,0.1,0.0,7.4,19.8,12.2,35.5,55.1,29.5,77.5,14.5,3.3,1.1,4.9,2.1,5.5,3.9,7.6,-1.0,-2.8,-1.3,27.0,37.9
01033102,Gesundbrunnen,"10,513  ",15.5,8.3,5.0,29.2,70.2,84.5,38.0,0.5,-2.6,-0.6,1.0,2.6,21.9,0.5,0.1,6.8,19.6,11.1,36.8,58.2,33.9,83.0,17.2,3.0,1.4,4.8,2.8,4.2,2.9,7.1,-0.5,-2.9,-1.1,23.8,37.9
01033201,Brunnenstr.,"12,349  ",15.6,8.2,5.0,35.6,72.7,87.3,29.7,-1.1,3.7,-0.8,2.1,-0.7,12.4,-1.4,-0.1,9.1,25.0,13.7,31.5,63.9,24.7,87.3,17.1,3.9,1.5,2.6,1.7,1.8,1.2,3.6,-0.1,-2.5,-1.1,23.9,45.2
01033202,Humboldthain Süd,"9,273  ",14.0,7.9,4.5,24.4,64.5,80.6,25.6,1.0,1.3,-0.9,1.2,4.1,12.1,0.7,0.0,6.3,17.2,19.6,27.0,51.4,21.0,87.5,13.7,1.7,1.2,2.5,2.0,2.6,1.9,4.5,-0.2,-1.0,-0.7,19.6,38.0
01033203,Humboldthain NW,"12,585  ",16.3,8.6,5.8,32.6,73.4,84.0,38.5,-0.5,-5.5,-0.8,1.6,1.1,21.7,-0.7,-0.1,7.6,21.0,11.5,36.7,59.3,31.7,84.2,15.0,3.8,1.6,5.2,2.1,4.3,3.2,6.4,-1.3,-3.6,-1.0,27.1,38.4
01044101,Rehberge,"17,988  ",12.9,9.3,4.3,19.9,52.6,65.1,31.9,1.0,-0.3,-0.5,0.3,-1.2,19.2,-0.4,0.0,5.4,14.1,16.0,24.1,39.6,20.0,70.4,7.9,1.8,1.1,3.3,2.3,3.6,2.4,5.8,-0.9,-0.7,-0.9,19.6,33.0
01044102,Schillerpark,"14,653  ",12.3,9.9,3.8,16.2,50.2,49.4,26.4,1.8,-5.5,-0.7,0.2,1.2,18.7,1.0,0.0,4.0,11.8,26.6,16.8,28.8,13.9,56.6,5.2,0.7,0.9,2.4,1.6,3.5,2.8,5.1,-0.8,-1.5,-1.4,17.0,29.2
01044103,Westl. Müllerstr.,"7,332  ",13.3,8.4,4.2,19.5,53.7,72.0,36.9,0.4,-6.3,-0.8,0.3,0.1,20.4,1.1,-0.1,5.4,13.7,11.5,32.0,47.4,29.8,70.4,8.9,2.4,2.5,2.7,2.9,4.7,3.5,7.6,-0.2,-2.8,-0.7,22.1,26.3
01044201,Reinickendorfer Str.,"20,258  ",16.8,9.9,5.5,33.2,75.3,88.1,39.3,-0.2,-3.8,-0.9,1.5,1.8,20.5,0.3,0.0,7.8,21.9,10.8,42.4,66.4,33.3,88.2,17.1,4.0,1.6,5.8,2.7,5.8,3.8,8.6,-0.5,-2.4,-1.3,26.0,38.3
01044202,Sparrplatz,"14,840  ",12.6,6.6,4.1,22.9,65.4,80.9,48.0,-0.6,-3.8,-1.4,0.8,1.7,25.4,-0.2,0.1,5.7,15.8,7.7,39.9,56.6,33.6,78.3,9.8,3.8,1.3,3.5,3.5,5.8,3.5,9.3,-0.9,-2.0,-0.9,23.8,25.2
01044203,Leopoldplatz,"14,408  ",14.8,7.9,4.8,27.3,70.6,84.1,43.0,0.0,-8.2,-0.2,0.3,2.9,25.1,0.5,0.1,6.1,15.9,15.1,38.7,57.3,30.2,81.6,14.8,3.3,1.1,4.4,3.5,5.0,3.4,8.5,-0.9,-3.5,-1.5,25.3,33.1
02010101,Askanischer Platz,"6,320  ",12.8,6.5,4.8,34.3,73.7,90.1,42.8,-0.8,-0.2,-0.8,-0.5,-0.1,17.0,-1.4,0.1,6.4,21.6,7.4,38.9,69.7,23.6,86.6,11.0,5.7,3.5,1.9,5.0,4.0,2.3,9.0,-1.6,-0.7,-0.6,29.0,33.4
02010102,Mehringplatz,"12,786  ",15.6,8.4,6.2,37.9,74.7,88.8,26.2,-0.2,0.1,-1.1,-1.1,-1.8,13.9,-1.0,0.0,8.2,23.8,13.0,32.1,65.9,21.4,92.9,14.3,4.2,2.6,2.8,2.8,2.0,1.4,4.8,-2.1,-1.6,-0.6,26.9,46.7
02010103,Moritzplatz,"14,652  ",16.5,9.5,6.5,36.2,76.0,86.7,26.4,1.0,-0.3,-0.5,1.6,1.9,14.0,-0.4,-0.2,7.4,20.8,15.3,33.2,61.9,23.1,86.9,22.3,2.0,0.4,1.3,2.3,2.0,1.4,4.3,-2.6,-2.6,0.0,26.9,48.0
02010104,Wassertorplatz,"4,995  ",15.7,12.5,6.3,40.6,77.6,86.4,26.5,0.5,2.9,-1.3,1.4,-1.0,13.1,-0.6,-0.2,8.0,25.4,10.7,35.9,66.5,25.3,85.8,22.2,5.0,0.7,1.2,2.9,1.1,0.7,4.0,-2.1,-1.1,0.2,24.8,52.6
02020201,Gleisdreieck/Entwicklungsgebiet,292  ,4.1,0.0,2.4,10.6,26.5,67.6,42.0,2.0,4.5,-5.7,-3.5,-8.8,13.6,-2.4,-0.7,7.5,12.7,4.1,31.8,47.6,0.0,86.4,5.1,1.0,3.4,1.0,9.9,2.1,2.1,12.0,-2.4,0.0,0.4,11.6,6.5
02020202,Rathaus Yorckstraße,"5,628  ",8.5,7.1,3.0,17.3,41.5,57.2,29.7,1.1,-1.0,-0.5,0.7,-3.5,12.8,0.4,0.0,5.7,15.9,9.1,26.5,40.8,16.3,55.2,5.9,2.8,1.0,2.8,5.8,2.9,2.1,8.7,-1.4,0.2,-0.3,15.6,25.8
02020203,Viktoriapark,"9,827  ",8.8,5.0,2.7,13.9,34.3,52.9,32.7,0.6,-3.3,-0.3,-0.5,-1.1,21.4,-0.4,-0.1,5.9,14.2,9.3,22.0,35.4,12.8,47.8,4.8,1.4,0.5,2.1,6.8,1.8,1.3,8.5,-0.1,-0.4,-0.5,15.4,21.0
02020204,Urbanstraße,"11,989  ",8.5,4.9,2.9,14.9,32.9,53.1,35.0,-0.2,-2.8,-0.4,-0.8,-1.5,21.1,-0.7,-0.2,5.1,14.2,9.1,25.3,38.0,16.0,44.9,5.9,1.6,0.4,2.5,7.1,2.7,1.7,9.7,-1.2,0.2,-0.7,16.4,21.5
02020205,Chamissokiez,"14,723  ",8.2,4.6,2.8,15.2,36.3,55.0,30.7,-0.3,0.1,-1.1,-0.9,-3.1,16.3,-0.2,0.0,5.8,15.6,8.0,24.1,38.2,13.4,53.4,8.1,1.4,0.4,1.7,6.8,1.4,0.9,8.1,-1.0,-0.3,-0.4,15.0,22.6
02020206,Graefekiez,"18,099  ",9.8,6.1,3.5,20.5,50.2,64.8,32.4,-0.6,-8.2,-1.2,-1.1,-5.0,19.4,-0.6,0.0,5.9,15.5,8.3,28.7,43.6,20.2,60.6,9.3,2.9,0.7,2.6,6.2,2.4,1.5,8.6,-2.1,-2.7,-0.7,18.7,28.4
02030301,Oranienplatz,"9,344  ",13.9,9.1,5.0,34.0,73.0,82.2,32.3,-0.1,-7.0,-1.8,-0.8,-1.7,19.5,0.0,0.0,6.1,18.4,8.0,42.7,65.3,27.5,77.3,28.5,1.9,0.4,1.2,5.5,1.3,0.5,6.8,-2.7,-2.9,-1.3,27.7,41.2
02030302,Lausitzer Platz,"13,160  ",12.1,8.8,4.3,27.0,58.1,74.9,32.9,0.2,-4.3,-0.8,-0.7,-0.7,19.7,-0.1,-0.1,6.7,17.5,9.3,34.4,53.7,21.2,71.7,18.8,1.9,0.5,1.6,5.6,1.8,0.9,7.5,-2.0,-2.2,-0.5,22.9,35.6
02030401,Reichenberger Straße,"14,914  ",11.1,6.4,3.8,20.7,53.7,68.6,34.8,-0.4,-5.6,-0.7,-1.3,-3.0,22.3,-0.8,0.1,5.9,14.3,7.3,30.1,45.6,19.0,60.4,11.4,1.7,0.3,2.0,7.3,2.1,1.2,9.5,-1.1,-1.4,-0.4,20.9,27.6
02030402,Wrangelkiez,"11,369  ",10.0,7.4,3.2,20.1,50.7,65.8,35.5,-0.4,-8.0,-1.2,-2.4,-2.9,18.8,-0.6,-0.2,5.0,13.9,7.2,34.3,48.0,23.5,57.1,16.4,1.0,0.3,1.5,7.5,3.0,2.1,10.4,-2.1,-1.5,-0.9,20.3,25.9
02040501,Barnimkiez,"5,525  ",8.9,4.3,3.1,13.5,53.9,47.5,19.1,1.4,1.3,-0.8,1.4,-1.9,16.0,0.8,-0.1,4.5,11.1,34.6,9.9,21.9,15.4,55.1,0.4,0.6,1.0,0.6,0.9,1.4,0.8,2.3,-2.2,-4.4,-0.6,11.2,33.5
02040502,Friedenstraße,"6,472  ",7.5,4.3,2.3,12.2,40.4,39.9,30.3,1.3,0.4,-0.5,-2.0,-1.5,20.1,0.6,-0.4,4.2,10.5,22.4,9.2,18.9,10.2,40.1,0.3,0.1,1.2,0.7,1.7,1.0,0.6,2.8,-1.3,-0.5,-0.2,12.7,22.7
02040503,Richard-Sorge-Viertel,"9,355  ",7.3,4.6,2.2,10.8,29.9,29.0,35.3,0.4,-11.9,-1.2,-1.2,-4.5,23.4,-0.1,0.2,5.2,10.6,15.7,10.0,17.2,8.0,22.7,0.3,0.2,0.5,0.7,3.3,1.2,0.6,4.5,-1.5,-1.9,-0.6,12.6,20.8
02040701,Andreasviertel,"11,782  ",8.3,4.2,2.9,13.6,51.6,55.6,31.2,2.5,2.3,-0.2,-0.4,-2.9,18.8,1.8,-0.1,4.3,10.5,28.2,18.6,30.4,20.1,59.5,0.9,0.6,3.0,1.7,2.1,2.4,1.4,4.5,-0.7,-0.8,-0.4,12.7,20.8
02040702,Weberwiese,"9,968  ",6.9,5.1,1.9,8.5,20.3,22.2,34.6,0.6,-8.1,-0.2,-0.6,-3.5,22.6,0.2,-0.2,4.9,9.8,13.5,10.2,17.0,4.4,20.7,0.4,0.1,0.7,0.2,3.5,2.1,1.0,5.6,-0.7,0.0,-0.4,12.0,12.1
02040703,Wriezener Bahnhof/Entwicklungsgebiet,526  ,15.9,12.3,5.1,28.5,66.7,50.8,37.4,-0.8,-7.7,0.3,0.4,-0.7,20.5,-1.3,0.8,5.1,22.4,2.3,22.4,33.8,23.7,33.3,4.6,1.7,0.6,4.6,1.9,1.7,0.6,3.6,1.2,2.5,-0.1,24.8,39.8
02050601,Hausburgviertel,"8,111  ",9.0,5.2,3.1,12.2,35.8,31.5,46.2,-0.3,-12.7,-1.3,-1.4,-1.1,26.7,-0.7,0.0,4.7,9.5,6.3,12.8,17.9,11.6,32.6,0.4,0.4,0.8,1.1,4.5,1.4,0.7,6.0,-1.8,-1.9,-0.2,16.7,18.3
02050602,Samariterviertel,"18,022  ",8.5,5.3,2.7,12.9,32.4,29.8,42.4,0.5,-6.4,-1.2,-1.0,-3.9,20.6,-0.3,-0.3,6.4,12.2,5.3,12.8,19.3,8.1,26.0,0.5,0.2,0.8,0.8,4.7,1.7,1.0,6.4,-1.4,-0.5,-0.4,16.0,18.5
02050801,Traveplatz,"17,312  ",9.0,5.5,2.9,14.8,44.9,34.7,46.3,0.6,-7.1,-1.7,-1.1,-2.4,19.6,0.1,0.0,5.7,11.4,4.8,14.6,20.7,12.6,31.6,0.4,0.3,0.8,1.6,4.8,1.4,0.8,6.3,-1.5,-0.8,-0.4,17.3,20.7
02050802,Boxhagener Platz,"18,434  ",7.9,3.6,2.4,9.7,25.0,21.5,45.0,0.4,-10.9,-1.1,-0.9,-3.5,25.4,-0.6,-0.1,5.6,10.0,4.1,13.8,19.0,4.4,21.8,0.5,0.2,0.6,0.4,6.5,1.8,0.9,8.2,-1.3,-1.3,-0.5,14.8,10.8
02050803,Stralauer Kiez,"6,153  ",9.4,6.0,3.1,14.0,41.0,30.4,41.4,1.2,-8.6,-1.6,-0.3,-3.0,22.1,0.4,0.6,5.1,10.4,8.9,13.1,19.2,11.6,22.8,1.4,0.5,0.7,0.8,3.8,3.1,1.4,6.9,-1.9,-3.4,-0.3,18.2,16.6
02050804,Stralauer Halbinsel,"2,499  ",3.9,2.6,1.1,4.6,7.1,19.5,34.6,5.5,8.2,-1.2,-2.9,-3.2,14.1,5.2,-0.6,9.9,19.5,11.0,5.7,12.9,2.7,23.5,0.1,0.0,0.6,0.2,1.4,1.0,0.8,2.4,-1.1,-0.4,-0.3,5.8,7.7
03010101,Bucher Forst,"2,848  ",10.9,9.6,3.8,9.9,22.5,7.2,24.7,2.2,5.3,-0.3,4.0,-1.7,14.3,2.2,0.7,5.0,12.7,19.4,3.6,9.5,1.7,9.2,0.2,0.2,0.5,0.1,0.5,1.1,0.8,1.5,-0.7,0.8,-1.2,15.3,9.7
03010102,Buch,"10,515  ",13.8,9.9,5.4,16.3,51.9,11.8,28.8,3.4,5.3,-0.5,3.7,-4.6,18.0,3.4,0.3,5.5,14.4,24.5,3.3,11.3,1.6,15.7,0.1,0.2,0.8,0.1,0.3,0.7,0.5,1.0,-0.7,-1.5,-0.3,18.7,17.9
03010104,Lietzengraben,189  ,29.0,33.3,14.5,24.9,45.7,28.6,45.2,-1.6,22.2,-6.5,0.0,-23.7,33.3,-3.2,0.0,6.9,18.5,8.5,6.3,11.6,8.6,53.8,0.0,0.0,0.0,0.0,4.8,1.6,1.6,6.3,-5.8,33.3,-5.8,38.4,25.0
03020203,Blankenfelde,"1,911  ",8.6,0.0,3.6,5.7,19.0,5.9,30.6,0.3,7.2,-0.1,-1.6,1.9,7.2,0.1,-0.4,3.3,12.5,24.8,0.9,5.8,0.0,6.3,0.0,0.0,0.5,0.0,0.5,0.0,0.0,0.5,-0.2,-4.0,0.0,9.2,27.8
03020209,Niederschönhausen,"12,605  ",6.2,3.2,2.6,6.2,12.4,15.2,28.2,1.1,2.4,-0.9,-0.4,-2.2,15.2,1.0,-0.7,6.9,16.6,16.4,5.1,10.6,3.8,14.2,0.3,0.1,0.5,0.2,1.1,1.0,0.6,2.1,-0.9,-1.8,-0.3,8.7,6.7
03020210,Herthaplatz,"9,543  ",6.9,5.1,2.6,7.3,15.3,13.0,24.7,0.4,-4.1,-1.1,2.3,-3.8,17.6,0.2,-0.4,6.3,16.2,16.1,3.0,8.7,1.9,13.7,0.3,0.2,0.5,0.1,0.5,0.8,0.6,1.4,-0.9,-1.2,-0.6,9.7,16.7
03020307,Buchholz,"16,396  ",6.8,4.9,2.5,9.8,25.8,16.9,23.8,2.3,6.3,-1.1,-0.5,-2.1,15.4,2.2,-0.6,5.9,18.5,16.2,2.7,10.9,1.9,16.1,0.2,0.1,0.6,0.2,0.5,0.7,0.5,1.2,-0.7,0.6,-0.8,9.9,27.4
03030405,Karow-Nord,"10,347  ",8.0,5.4,2.6,11.2,28.0,12.3,29.7,5.3,9.8,-1.4,-1.8,-3.9,15.4,5.0,0.0,7.2,18.3,16.8,2.5,9.2,2.6,10.3,0.1,0.0,0.4,0.4,0.3,0.7,0.4,1.0,-1.2,-1.2,-0.8,11.8,25.0
03030406,Alt-Karow,"8,175  ",3.5,2.4,1.2,2.8,4.8,7.8,13.4,-0.3,4.0,-0.3,1.8,-0.2,6.8,-0.3,-0.3,4.1,15.8,18.1,1.7,7.0,0.0,8.0,0.0,0.0,0.2,0.1,0.5,0.4,0.2,1.0,-0.9,-0.9,-0.4,4.5,8.1
03030711,Blankenburg,"6,499  ",4.3,2.5,1.3,2.7,6.6,7.6,13.6,0.4,6.2,-0.2,1.6,0.9,5.8,0.3,-0.2,3.8,13.7,20.5,1.1,6.3,0.7,10.0,0.0,0.0,0.2,0.0,0.3,0.3,0.2,0.6,-0.1,0.1,0.1,4.9,6.8
03030715,Heinersdorf,"6,569  ",5.3,3.7,2.1,4.0,9.5,13.1,16.5,1.1,3.1,-0.5,-2.6,-1.3,8.8,0.8,-0.3,3.8,13.4,18.1,2.2,7.9,1.7,14.8,0.2,0.0,0.2,0.1,0.5,0.6,0.2,1.1,-0.5,-0.1,-0.2,6.6,14.3
03030716,Märchenland,"1,156  ",5.6,6.7,1.8,3.3,4.7,0.0,11.7,-0.6,19.4,-0.6,0.0,4.7,6.5,-0.5,0.1,2.3,9.2,30.8,1.0,5.2,0.0,0.0,0.0,0.0,0.5,0.0,0.3,0.0,0.0,0.3,-0.5,-1.0,0.4,6.3,0.0
03040508,Rosenthal,"4,349  ",5.4,2.5,2.2,6.6,17.2,27.8,22.9,3.3,19.3,-1.0,-4.0,-2.0,8.7,3.1,0.0,5.2,20.9,15.1,4.0,17.9,2.7,23.7,1.3,0.1,0.5,0.5,0.6,0.6,0.3,1.2,-0.6,-1.0,-0.1,6.8,19.1
03040512,Wilhelmsruh,"9,175  ",6.0,4.5,2.0,6.3,15.4,17.7,22.4,0.1,-0.2,-0.6,-5.1,-2.5,14.7,-0.3,-0.5,5.6,15.1,21.1,3.7,11.6,1.3,17.4,0.6,0.2,0.4,0.3,0.7,0.7,0.6,1.4,-0.8,-0.6,-0.6,7.9,16.7
03040513,Schönholz,"3,033  ",5.7,1.0,1.9,4.6,8.7,20.8,19.1,1.9,5.8,-0.5,1.8,-2.0,12.8,1.4,-0.3,5.8,18.9,19.7,4.5,13.5,3.7,20.9,0.8,0.3,0.7,0.4,1.4,0.3,0.2,1.7,0.0,-3.1,-0.4,6.4,19.7
03040614,Pankow-Zentrum,"31,136  ",8.3,5.9,2.9,9.3,20.9,13.5,27.9,0.2,-1.7,-0.9,-0.4,-2.9,17.0,0.1,-0.3,6.8,15.6,21.6,4.5,10.7,1.9,14.4,0.1,0.1,0.6,0.2,1.1,1.1,0.7,2.2,-1.2,-0.9,-0.9,11.6,12.5
03040818,Pankow-Süd,"31,452  ",9.4,6.4,3.4,10.2,28.5,14.2,26.9,0.4,-0.9,-0.8,1.0,-3.8,18.3,0.1,-0.5,5.4,12.3,19.7,5.1,10.6,3.0,14.1,0.2,0.3,0.7,0.3,1.3,1.1,0.6,2.4,-0.9,-0.6,-0.7,13.6,15.9
03050919,Gustav-Adolf-Straße,"4,875  ",10.2,6.8,3.6,10.5,30.2,8.5,31.1,10.7,17.0,-0.9,-2.2,-1.1,15.7,10.4,0.3,4.2,10.6,24.9,2.2,6.9,0.6,14.3,0.1,0.0,0.4,0.0,0.5,0.6,0.3,1.0,-1.3,-1.8,-1.0,14.4,18.9
03050920,Weißer See,"5,802  ",9.6,8.1,3.3,7.8,21.9,18.4,28.5,1.0,-3.8,0.0,-3.1,-1.1,20.9,1.2,-0.7,6.0,12.9,24.7,3.6,10.3,3.2,19.1,0.2,0.1,0.6,0.3,0.6,0.9,0.5,1.6,0.0,0.2,0.0,11.4,13.7
03050923,Weißenseer Spitze,"7,721  ",11.6,7.9,4.6,12.1,31.2,18.3,36.8,1.7,-6.6,-1.5,-1.3,-3.5,24.3,1.1,-0.4,5.2,12.3,11.5,6.3,11.4,4.6,17.8,0.1,0.1,0.5,0.4,1.2,2.2,1.5,3.4,-2.0,0.0,-1.2,18.1,14.9
03050924,Behaimstraße,"5,194  ",12.9,9.2,5.1,13.3,28.1,18.5,37.8,3.5,5.7,-0.6,1.3,-4.4,15.8,3.6,0.0,7.8,15.8,9.7,7.0,12.0,4.4,19.6,0.4,0.3,0.4,0.6,1.7,1.8,1.2,3.5,-1.2,-0.1,-0.7,19.0,21.3
03050925,Komponistenviertel Weißensee,"7,805  ",9.8,6.5,3.4,10.8,26.0,15.2,30.9,0.8,4.6,-1.2,0.1,-3.5,16.8,0.9,0.2,6.5,16.4,16.7,5.2,10.4,5.2,13.0,0.3,0.1,0.8,0.2,0.8,1.3,0.8,2.1,-1.0,-1.9,-0.6,13.5,17.6
03051017,Rennbahnstraße,"3,813  ",8.4,6.4,3.3,10.0,27.6,16.3,26.8,-0.3,-3.2,-1.1,-4.8,-3.0,16.8,-0.5,-0.1,4.3,13.3,13.3,5.8,14.9,5.1,12.9,0.2,0.2,0.9,0.2,0.6,2.7,2.3,3.3,-1.1,-1.6,-0.3,13.5,11.2
03051021,Buschallee,"6,293  ",10.6,8.1,3.6,11.5,38.5,10.7,27.0,2.2,7.9,-0.9,1.7,-3.4,18.7,2.5,-0.3,4.3,9.5,32.0,4.0,10.0,2.7,15.0,0.1,0.1,0.8,0.2,0.5,1.0,0.5,1.4,-1.9,-0.7,-1.3,14.5,16.1
03051022,Hansastraße,"4,494  ",9.1,5.2,3.3,9.6,34.1,8.3,24.9,1.7,4.5,-0.1,-8.8,-1.0,18.6,1.7,-0.2,5.0,13.7,25.0,2.1,7.3,0.5,8.0,0.4,0.1,0.3,0.1,0.4,0.7,0.3,1.0,1.3,0.0,-0.2,11.3,22.1
03061126,Arnimplatz,"13,622  ",9.4,5.1,3.2,9.8,25.0,21.0,39.6,-1.7,-9.1,-1.5,-0.4,-3.1,20.8,-1.2,-0.3,5.9,11.2,8.7,11.8,17.3,4.6,20.7,0.2,0.3,0.9,0.3,5.1,1.4,0.9,6.5,-1.3,-0.7,-0.5,15.3,10.4
03061131,Falkplatz,"9,606  ",7.8,3.2,2.8,7.7,15.2,25.5,38.3,-2.1,-7.5,-1.1,-1.0,-4.5,18.5,-1.8,0.0,6.8,11.3,4.6,16.1,22.2,4.0,24.8,0.2,0.1,0.8,0.2,8.0,1.9,1.1,9.9,-2.0,-2.2,-1.1,14.0,6.0
03061227,Humannplatz,"13,438  ",8.3,5.8,2.7,8.2,23.2,23.2,36.1,-1.4,-5.5,-1.0,-0.9,-3.0,20.0,-1.3,-0.1,5.8,10.3,12.4,11.2,16.8,4.9,24.2,0.3,0.2,0.7,0.3,4.6,1.5,0.8,6.1,-0.7,0.9,-0.8,12.7,9.3
03061228,Erich-Weinert-Straße,"11,777  ",12.1,8.1,4.4,11.6,35.9,25.5,30.4,-1.0,-8.6,-0.8,1.8,-4.9,21.9,-0.7,0.0,4.6,9.3,19.8,6.9,13.1,6.6,28.2,0.4,0.2,0.5,0.3,1.9,1.1,0.6,3.1,-1.3,-0.5,-1.1,17.0,21.3
03061332,Helmholtzplatz,"20,699  ",8.2,3.1,2.8,8.5,19.4,26.7,38.2,-1.6,-4.9,-1.5,-0.3,-3.6,18.1,-1.0,-0.2,7.6,14.1,3.9,14.9,21.9,3.9,27.0,0.2,0.4,0.6,0.4,7.5,1.2,0.6,8.7,-0.9,-1.3,-0.6,13.4,8.3
03061429,Greifswalder Straße,"10,138  ",10.3,7.9,3.9,11.5,48.5,21.2,17.3,1.3,-0.3,-0.3,-0.9,-3.1,15.6,1.5,-0.2,3.1,8.5,38.7,3.2,10.9,5.7,22.8,0.2,0.2,0.4,0.1,0.5,0.6,0.2,1.1,-1.8,-1.1,-1.1,13.0,34.0
03061430,Volkspark Prenzlauer Berg,"2,855  ",13.1,7.9,5.6,10.4,38.8,22.7,24.5,0.2,-4.2,-0.3,-1.9,-1.0,18.8,0.0,-0.4,3.5,9.7,33.7,6.1,14.7,5.8,30.3,0.5,0.2,0.9,0.7,1.1,1.2,0.2,2.3,-0.1,-1.5,0.0,13.9,23.7
03061434,Anton-Saefkow-Park,"4,919  ",12.0,8.0,4.8,11.3,31.8,21.2,38.8,-3.0,-7.7,-1.8,-0.7,-4.0,29.1,-2.8,-0.5,5.0,9.8,11.9,9.7,15.3,4.6,22.3,0.1,0.4,0.9,0.2,3.7,1.2,0.5,4.9,-2.2,-0.3,-1.6,18.0,18.2
03061435,Conrad-Blenkle-Straße,"3,861  ",11.5,6.6,4.5,15.2,48.1,30.8,32.8,-0.3,-4.5,-1.5,1.2,-2.7,18.0,0.3,0.0,5.6,13.1,14.8,10.5,17.3,12.6,33.3,0.1,0.1,0.8,0.6,3.5,0.8,0.5,4.3,-2.3,-3.3,-1.0,17.9,22.2
03061441,Eldenaer Straße,578  ,4.8,0.0,0.8,2.9,5.0,17.3,45.2,22.6,51.1,-1.8,0.0,-8.7,12.8,19.4,-2.1,12.1,22.0,10.2,5.7,12.1,2.4,21.4,0.5,0.0,0.5,0.5,1.6,0.0,0.0,1.6,1.0,0.0,0.8,5.5,0.0
03071536,Teutoburger Platz,"9,795  ",6.6,2.2,2.0,6.5,14.2,32.2,38.9,-0.6,-1.9,-1.1,0.5,-3.3,17.8,-0.8,0.0,8.3,14.5,4.4,18.7,26.7,6.6,34.5,0.4,0.3,0.9,0.4,9.2,1.7,0.6,10.9,-0.8,-1.4,-0.6,10.9,6.4
03071537,Kollwitzplatz,"13,882  ",6.4,3.4,2.0,6.9,14.5,29.2,36.4,-1.8,-4.5,-1.4,0.8,-3.4,20.7,-1.2,-0.3,7.9,15.5,5.1,16.5,23.8,5.8,31.8,0.2,0.2,1.1,0.2,8.2,1.5,0.8,9.7,-0.6,-0.8,-0.4,10.5,7.5
03071633,Thälmannpark,"2,531  ",12.6,6.7,5.1,17.5,48.1,31.3,19.1,-1.6,-6.3,0.5,-5.6,-2.7,13.5,-1.9,-0.3,4.1,13.9,19.2,6.8,14.6,7.4,45.2,0.6,0.5,0.6,1.1,0.8,0.7,0.1,1.5,-1.3,-3.4,-1.3,20.0,29.2
03071638,Winsstraße,"15,559  ",7.0,3.4,2.6,7.4,16.4,26.2,36.0,-0.2,-3.3,-1.2,1.4,-2.0,17.8,0.0,-0.2,7.6,14.9,6.9,14.2,21.1,4.9,25.1,0.2,0.1,1.1,0.3,6.2,1.8,0.9,8.0,-1.1,-2.0,-0.5,10.8,10.6
03071639,Bötzowstraße,"11,776  ",7.0,3.6,2.3,6.9,11.5,22.9,35.8,-0.7,-3.0,-1.5,0.5,-4.4,17.6,-0.4,-0.2,9.2,15.8,7.8,12.8,19.6,3.2,23.9,0.3,0.2,0.6,0.6,6.1,1.7,1.1,7.8,-1.1,-1.4,-0.6,10.7,9.1
04010101,Jungfernheide,"9,697  ",13.9,6.2,6.3,17.4,53.0,55.2,26.2,3.0,8.2,0.3,1.7,1.5,17.7,1.7,-0.3,4.3,12.0,26.7,15.2,32.1,10.6,59.9,3.4,0.6,1.1,1.7,1.7,3.2,2.5,5.0,-1.0,-0.7,-0.9,19.0,31.6
04010102,Plötzensee,708  ,6.7,0.0,2.2,4.4,13.9,29.8,52.6,-7.9,11.1,1.3,-0.6,-0.8,44.4,-8.0,-0.3,1.8,8.1,25.4,13.6,19.1,5.3,0.0,0.0,3.4,0.0,0.0,2.1,4.2,1.3,6.3,0.1,-3.9,0.2,9.0,4.1
04010103,Paul-Hertz-Siedlung,"7,040  ",16.8,7.7,7.8,21.1,57.3,66.4,22.2,0.7,-1.4,0.4,-0.4,-0.4,18.9,0.0,-0.4,5.2,15.5,27.5,16.1,38.4,13.1,73.4,5.1,0.9,2.6,1.7,1.1,2.8,2.4,3.9,-0.1,1.7,-1.0,20.0,43.2
04020204,Olympiagelände,134  ,0.0,0.0,0.0,0.0,0.0,51.7,34.1,0.8,6.7,0.0,0.0,0.0,6.7,-0.8,-0.8,6.7,21.6,11.2,15.7,20.1,31.0,66.7,0.0,0.0,0.0,0.0,9.0,4.5,0.0,13.4,0.0,0.0,0.0,0.0,0.0
04020205,Siedlung Ruhleben,"1,267  ",4.3,0.0,1.2,1.9,7.2,34.9,16.3,-0.5,12.5,-0.9,-0.5,-2.3,7.5,-0.2,0.1,4.3,14.7,22.8,11.0,19.8,8.6,24.1,0.2,0.3,0.9,1.3,3.9,1.2,0.5,5.1,-0.2,0.0,-1.0,3.5,3.6
04020206,Angerburger Allee,"2,599  ",5.5,3.4,2.0,4.1,19.4,50.6,17.2,5.3,-5.3,-0.3,2.7,0.9,10.5,4.9,0.2,2.3,6.2,44.7,7.7,16.0,9.4,50.0,0.3,0.2,1.4,0.8,2.1,0.9,0.6,3.0,1.0,3.4,-0.3,5.5,10.0
04020207,Flatowallee,"2,459  ",3.9,2.9,1.5,2.4,6.1,40.8,22.3,2.1,1.1,0.0,-1.6,0.9,13.5,1.2,-0.4,3.0,13.5,27.6,11.1,22.1,6.3,40.5,0.8,0.9,0.9,0.8,4.5,0.9,0.5,5.4,0.1,2.9,0.0,4.1,3.7
04020208,Kranzallee,"2,701  ",3.1,0.0,1.1,2.7,1.4,30.2,19.3,-0.9,9.2,-0.6,1.4,-1.6,13.7,-0.4,0.2,4.9,18.4,26.8,11.0,20.7,6.0,27.3,0.3,0.1,0.2,0.2,5.3,1.9,1.5,7.2,-0.4,-1.3,0.0,3.9,6.4
04020209,Eichkamp,"3,134  ",1.5,0.0,0.4,0.9,2.3,32.0,29.8,1.2,16.7,0.0,-0.1,0.2,10.6,0.7,0.3,4.4,16.3,19.0,25.3,34.9,3.5,36.0,0.2,1.0,2.2,0.2,7.1,4.6,2.2,11.7,-0.2,-0.8,0.0,1.8,0.9
04020310,Park Ruhwald,671  ,3.8,0.0,1.1,4.2,21.7,82.1,42.5,-4.5,-12.8,-1.1,-1.6,7.2,30.8,-4.4,-0.4,4.2,8.3,15.2,33.1,40.2,60.7,89.3,1.0,6.4,1.8,1.3,1.8,6.9,2.4,8.6,-1.9,0.0,-0.9,6.5,3.2
04020311,Reichsstraße,"13,696  ",5.7,2.9,2.3,5.8,15.4,43.6,20.5,0.7,2.0,0.0,0.0,1.4,17.5,0.2,0.2,4.1,12.4,28.6,12.2,22.9,9.4,45.6,1.0,0.3,1.3,0.6,3.7,2.1,1.2,5.8,-0.6,-0.3,-0.4,7.0,12.3
04020312,Branitzer Platz,"4,767  ",5.3,2.0,2.2,4.8,8.1,38.2,20.7,0.8,-1.8,-0.2,-0.2,-3.1,19.4,0.8,0.0,3.5,11.3,29.5,12.4,22.9,8.9,42.3,0.8,0.9,1.2,0.7,2.7,2.0,0.8,4.8,-0.5,-0.9,0.1,6.5,12.0
04020313,Königin-Elisabeth-Straße,"6,456  ",8.1,2.8,2.9,8.5,25.9,49.0,24.8,0.8,-5.5,-0.7,1.5,0.8,20.8,-0.1,-0.3,3.7,11.1,22.7,15.0,27.2,8.5,48.7,2.0,0.8,1.3,1.6,3.3,2.5,1.6,5.8,-0.5,-1.7,-0.6,10.4,18.8
04020314,Messegelände,12  ,0.0,0.0,0.0,0.0,0.0,0.0,0.0,0.0,0.0,0.0,0.0,0.0,0.0,0.0,0.0,0.0,0.0,25.0,100.0,100.0,0.0,0.0,0.0,0.0,0.0,0.0,75.0,25.0,25.0,100.0,0.0,0.0,0.0,0.0,0.0
04030415,Schloßgarten,"2,518  ",11.0,5.3,4.9,19.7,66.5,73.5,40.1,4.7,2.2,0.5,-1.0,8.2,14.6,4.0,-0.1,3.5,8.5,26.1,34.3,48.1,12.6,83.0,3.5,2.9,3.6,1.9,4.9,7.4,4.8,12.4,-0.4,0.5,0.0,24.5,17.4
04030416,Klausenerplatz,"9,837  ",10.8,4.7,5.3,18.0,38.6,61.0,28.0,-0.2,-1.8,-1.4,-0.9,-4.0,16.6,-0.2,0.1,5.7,16.5,11.4,26.8,45.9,14.6,56.7,9.3,1.2,2.1,2.0,4.0,3.0,2.1,7.1,-1.7,0.6,-0.8,18.7,26.1
04030417,Schloßstraße,"10,055  ",7.9,3.5,3.4,10.0,26.4,48.3,25.0,0.9,-3.6,-0.7,-1.4,-2.1,18.2,0.0,-0.2,4.9,13.4,15.7,18.7,32.3,9.2,48.5,2.6,0.7,1.8,2.1,5.0,2.2,1.4,7.2,-0.7,-0.8,-0.2,11.7,17.4
04030518,Tegeler Weg,"8,967  ",11.9,6.6,5.3,14.2,39.4,60.7,27.3,0.4,-8.1,0.1,-0.1,-1.7,23.0,-0.1,-0.1,4.5,11.6,15.1,21.3,36.7,14.6,61.8,5.3,1.0,0.8,2.1,3.4,2.7,1.9,6.1,-0.4,1.5,-0.8,18.2,23.3
04030519,Kaiserin-Augusta-Allee,"5,019  ",11.0,3.9,5.6,16.8,47.1,62.5,30.3,2.1,-1.0,0.0,0.2,-2.8,23.2,1.1,0.2,4.6,12.7,12.8,22.6,37.8,17.1,62.6,3.9,1.8,1.5,2.1,4.4,3.7,2.9,8.0,-1.7,-2.0,-0.5,19.1,23.8
04030620,Alt-Lietzow,"8,297  ",10.4,5.0,4.8,13.3,38.0,60.3,26.0,0.4,-2.2,-0.7,-0.5,-4.9,18.2,0.3,0.0,4.8,12.6,20.6,21.3,38.2,16.0,63.7,3.1,1.7,3.3,2.0,3.1,3.5,2.4,6.6,-0.6,0.5,-0.6,14.6,22.6
04030621,Spreestadt,"2,753  ",11.7,5.2,5.3,19.0,51.2,71.8,35.2,1.3,-8.2,-1.2,-2.2,-2.2,18.4,-0.1,0.5,4.7,13.8,9.8,29.9,49.4,21.3,74.6,5.2,2.0,3.5,3.3,6.1,4.5,2.9,10.6,-1.3,1.8,-1.2,19.6,27.7
04030622,Richard-Wagner-Straße,"9,786  ",10.7,5.1,5.0,14.5,40.6,67.0,27.1,0.8,-4.0,-0.2,-1.3,-0.8,20.7,0.0,-0.1,4.2,12.0,17.9,24.3,41.2,18.1,65.5,4.2,1.4,2.1,2.8,5.5,2.9,2.2,8.4,-0.6,0.5,-0.3,16.3,23.0
04030623,Ernst-Reuter-Platz,"4,198  ",9.5,3.7,4.3,15.3,46.0,77.0,25.9,-1.3,-6.7,0.2,0.6,6.0,18.1,-0.5,0.0,4.6,12.3,18.2,30.8,50.5,20.1,79.5,4.0,1.8,6.0,2.3,5.5,3.8,1.9,9.3,-1.4,-0.7,-0.7,15.3,22.7
04030724,Lietzensee,"6,284  ",8.3,5.9,3.5,9.8,23.7,49.9,23.5,0.2,0.7,-0.5,-0.6,-3.8,16.6,-0.3,0.0,4.8,13.5,22.2,17.8,32.0,10.4,56.9,1.6,1.1,2.5,1.5,4.3,2.8,1.9,7.1,-0.2,2.5,-0.1,11.1,19.5
04030725,Amtsgerichtsplatz,"11,288  ",7.2,2.6,3.2,8.4,20.6,44.3,27.3,0.8,-1.5,-0.7,-0.5,-2.0,15.8,0.0,0.1,4.8,13.0,13.5,21.4,33.4,9.5,38.9,1.4,1.1,1.3,2.1,6.6,3.2,1.9,9.8,-0.6,-0.3,-0.3,10.8,14.1
04030726,Droysenstraße,"5,174  ",8.5,5.6,3.3,9.8,26.0,60.6,25.0,0.0,-2.5,-0.2,0.8,0.8,16.5,-0.2,0.0,4.5,11.8,18.6,23.7,39.0,15.2,63.8,1.8,1.4,2.5,1.4,5.9,4.0,2.8,9.9,-0.2,2.5,-0.8,12.2,16.4
04030827,Karl-August-Platz,"10,765  ",10.0,5.6,4.5,14.2,39.4,70.0,31.2,0.2,-2.3,0.6,1.0,1.1,20.6,-0.4,-0.2,5.0,13.2,14.4,30.2,47.7,19.3,71.9,4.0,1.9,2.5,3.5,6.9,3.6,2.2,10.6,0.2,1.4,-0.2,16.0,19.7
04030828,Savignyplatz,"9,161  ",7.2,3.1,2.9,8.0,21.2,55.1,25.3,-0.1,-3.2,-0.4,-0.6,-4.8,14.2,-0.6,0.2,4.0,10.6,15.2,25.0,38.4,14.5,58.8,2.1,1.4,1.6,1.9,7.8,2.4,1.5,10.2,-0.6,-0.7,-0.3,11.2,12.7
04030929,Hindemithplatz,"5,924  ",8.1,3.9,3.9,8.3,14.5,51.8,28.3,-0.5,-7.9,0.4,-1.1,-1.2,25.4,-0.5,-0.3,4.2,11.7,17.3,22.3,37.0,12.3,52.6,1.3,1.1,2.8,1.7,6.9,2.1,1.7,9.0,0.1,0.3,0.0,12.7,13.0
04030930,George-Grosz-Platz,"5,324  ",5.8,1.5,2.6,6.0,15.2,53.8,23.2,-0.5,0.0,-0.5,-0.3,-3.9,17.2,-0.7,-0.1,3.8,10.8,19.0,24.1,37.3,10.6,46.3,1.4,1.2,1.9,1.7,8.6,3.3,1.9,11.9,0.1,-1.1,0.3,8.2,10.5
04030931,Breitscheidplatz,"3,377  ",6.5,2.2,3.1,7.8,22.5,70.7,25.2,1.8,3.4,-0.4,0.6,-2.2,13.6,0.8,0.1,3.3,7.8,22.0,29.8,45.1,19.8,67.3,1.2,0.9,2.8,2.0,8.8,3.7,2.9,12.5,-0.5,0.3,-0.1,11.4,9.7
04031032,Halensee,"13,901  ",7.7,3.3,3.5,7.9,18.2,53.4,24.5,0.5,-2.9,-0.1,-1.2,-1.5,18.1,0.3,-0.1,3.6,10.9,21.5,18.5,32.7,11.4,54.9,1.2,0.6,1.9,1.8,4.9,3.1,1.9,8.0,-0.5,0.4,-0.4,11.1,13.5
04041133,Güterbahnhof Grunewald,55  ,0.0,0.0,0.0,0.0,0.0,0.0,3.7,3.7,0.0,0.0,0.0,0.0,0.0,0.0,0.0,5.5,21.8,40.0,0.0,16.4,0.0,0.0,0.0,0.0,0.0,0.0,0.0,0.0,0.0,0.0,0.0,0.0,0.0,0.0,0.0
04041134,Bismarckallee,"4,665  ",4.6,2.8,1.9,4.8,8.9,51.0,28.1,0.5,-4.3,0.7,0.0,0.3,21.3,-0.2,-0.3,3.8,12.5,29.6,19.8,31.9,17.0,54.0,0.8,0.4,3.2,0.4,5.7,3.3,1.8,9.0,-0.1,0.8,-0.4,6.8,5.7
04041135,Hundekehle,"2,717  ",2.7,0.0,0.7,2.2,2.8,54.5,20.1,2.2,6.8,0.2,0.1,0.3,13.6,0.7,-0.1,4.0,13.2,31.7,17.2,30.8,12.3,54.6,0.9,0.2,3.2,0.8,4.4,1.8,1.1,6.2,0.3,0.0,-0.3,3.7,2.1
04041136,Hagenplatz,"2,907  ",3.9,2.6,1.3,2.2,4.0,44.3,24.6,1.6,-2.9,-0.4,2.6,0.2,16.7,0.3,-0.2,3.5,10.9,30.7,15.2,27.0,13.3,32.7,0.5,0.5,2.0,0.7,4.5,2.3,1.8,6.8,0.2,2.6,-0.4,4.1,3.8
04041137,Flinsberger Platz,"7,528  ",7.3,4.1,3.0,7.2,16.8,43.5,19.8,-0.1,-11.2,0.2,0.2,-1.2,22.7,-0.3,-0.4,3.2,11.5,26.3,13.7,26.6,10.5,55.6,1.2,1.0,2.0,1.2,2.5,2.3,1.6,4.8,-0.3,0.6,-0.5,9.2,17.3
04041238,Kissinger Straße,"5,156  ",6.2,3.4,2.6,6.5,18.3,43.1,20.3,1.7,4.2,-0.2,0.4,1.0,13.0,1.0,-0.3,3.8,14.2,28.7,11.4,23.6,9.4,42.6,0.9,0.4,1.4,1.1,2.4,1.8,1.6,4.2,-0.3,2.3,-0.2,6.7,17.3
04041239,Stadion Wilmersdorf,113  ,25.3,20.0,11.0,9.7,0.0,33.3,47.3,-7.0,0.0,8.8,-0.8,-55.6,16.7,-3.1,0.0,0.0,8.0,11.5,32.7,38.1,33.3,0.0,2.7,10.6,5.3,0.0,2.7,0.0,0.0,2.7,10.3,20.0,2.6,30.3,29.7
04041240,Messelpark,"1,512  ",2.0,0.0,0.5,0.7,0.6,50.8,20.3,-2.4,-2.5,-0.2,1.8,0.0,13.8,-2.1,-0.5,4.6,12.9,31.9,11.0,21.6,14.4,45.7,0.2,0.0,1.0,0.4,3.9,1.5,0.9,5.4,-0.3,0.0,-0.7,1.7,1.8
04041241,Breite Straße,"6,289  ",5.5,2.2,2.0,5.8,11.6,36.9,17.7,0.8,0.4,0.5,0.6,0.0,13.3,0.7,-0.1,4.2,12.5,29.4,8.6,17.7,8.0,35.8,0.2,0.2,1.1,0.8,2.5,1.4,1.0,3.9,0.7,0.1,-0.1,7.5,12.2
04041342,Schlangenbader Straße,"4,026  ",8.2,3.8,4.0,11.2,33.2,49.2,17.1,0.1,0.9,-1.4,-1.8,-3.4,11.7,-0.2,-0.3,2.6,8.8,28.7,14.9,29.7,11.0,46.6,0.8,0.6,2.4,1.0,2.6,3.4,2.8,6.0,-1.5,-0.5,-1.0,13.2,18.4
04041343,Binger Straße,"3,452  ",6.5,2.8,2.7,7.6,16.2,37.7,16.7,0.0,0.0,-0.2,-0.5,1.6,13.3,-0.6,-0.3,4.2,13.6,22.1,12.5,26.2,7.7,45.1,0.8,0.4,2.3,1.2,2.2,1.4,1.0,3.6,-0.2,0.4,-0.8,9.0,15.8
04041344,Rüdesheimer Platz,"10,565  ",5.3,2.6,2.0,7.1,16.7,37.6,23.7,1.4,4.9,-0.6,-0.6,-1.3,14.7,0.7,-0.3,4.2,14.4,23.9,14.5,23.6,12.0,41.0,1.0,0.8,1.5,1.0,3.2,1.7,1.1,4.9,-1.1,0.2,-0.7,8.1,10.7
04051445,Eisenzahnstraße,"5,591  ",8.6,5.2,3.6,10.8,32.9,55.5,25.6,0.6,8.0,-0.3,1.5,1.3,12.9,0.4,-0.2,4.5,11.9,22.1,17.4,33.1,9.9,60.9,1.9,0.8,1.3,1.9,3.0,2.6,2.0,5.7,-0.6,0.7,-0.2,12.4,17.8
04051446,Preußenpark,"9,815  ",6.7,2.5,2.8,7.6,18.7,53.4,22.5,0.7,-1.4,-0.2,0.5,0.5,12.9,-0.1,-0.1,4.1,10.9,21.8,19.4,34.4,12.9,56.4,1.0,0.6,3.5,1.3,5.4,2.5,1.6,7.9,-0.6,-1.0,-0.6,9.8,13.5
04051447,Ludwigkirchplatz,"4,886  ",8.0,2.1,3.3,9.1,24.7,56.9,26.6,0.7,7.2,0.4,-1.8,-0.6,15.8,1.2,-0.2,4.9,11.3,21.1,21.2,35.2,14.1,61.7,1.0,1.3,1.7,1.7,5.5,3.8,2.4,9.3,-0.2,-1.3,-0.3,11.9,12.9
04051448,Schaperstraße,"8,546  ",8.5,4.0,3.5,8.1,23.5,59.2,23.1,-0.2,-1.9,0.0,1.5,1.3,18.9,-1.1,0.0,3.1,9.8,24.0,21.9,36.7,14.8,50.0,2.4,1.2,2.5,2.1,5.5,2.5,1.7,8.0,0.4,-0.7,-0.4,10.9,15.6
04051549,Rathaus Wilmersdorf,"3,911  ",9.0,4.9,3.9,10.5,24.0,55.5,28.1,-0.5,-6.6,0.6,-2.2,-1.6,23.4,-0.6,0.0,4.1,12.3,17.8,18.9,30.8,21.4,59.4,2.3,1.4,2.3,3.2,4.2,1.5,1.0,5.7,-0.7,-0.5,-0.5,14.1,15.1
04051550,Leon-Jessel-Platz,"5,098  ",7.5,3.3,3.2,9.3,26.6,49.8,27.2,-0.4,-6.0,0.2,0.5,0.9,19.7,-0.6,-0.5,3.8,12.5,14.6,18.6,33.8,10.1,56.7,2.2,1.2,1.6,2.3,3.9,2.9,1.9,6.8,-0.4,-1.4,-0.3,10.9,17.4
04051551,Brabanter Platz,"4,095  ",9.0,4.8,3.6,11.4,27.5,50.5,25.5,-0.3,2.5,-0.6,-1.8,0.2,17.6,-0.9,-0.2,4.6,15.1,16.6,18.1,33.3,12.6,56.7,1.9,0.9,2.4,3.2,3.9,1.8,1.4,5.7,-1.0,-0.3,-0.5,12.8,20.9
04051652,Nikolsburger Platz,"9,182  ",6.5,3.7,2.8,7.7,16.4,47.6,23.7,0.3,2.9,-0.4,-0.2,0.0,14.6,-0.2,0.1,4.4,12.0,19.8,17.8,31.2,11.7,52.7,1.1,1.1,2.0,1.0,4.7,1.9,1.2,6.6,-0.5,0.7,-0.3,10.1,12.7
04051653,Prager Platz,"6,278  ",7.4,4.6,3.1,8.4,18.1,54.5,23.5,0.5,0.9,-0.6,1.1,-3.0,12.9,-0.7,0.0,3.6,10.8,22.1,18.3,32.8,12.6,49.1,2.0,0.6,1.9,2.3,4.3,2.4,1.9,6.7,-0.8,1.0,-0.2,10.7,16.2
04051654,Wilhelmsaue,"2,841  ",7.9,1.8,3.4,8.3,20.7,47.5,25.3,1.0,-1.2,-0.6,0.3,-2.4,17.1,0.5,0.0,3.0,9.9,26.3,16.4,28.2,17.1,44.2,1.2,0.9,3.3,1.1,3.7,1.6,1.0,5.2,-1.2,-1.2,-1.2,10.1,21.0
04051655,Babelsberger Straße,"6,325  ",8.6,4.3,3.9,12.3,32.7,53.0,27.2,0.6,-5.4,0.2,-0.1,2.3,18.9,0.5,0.0,5.3,13.9,18.1,18.9,33.5,9.8,54.4,2.2,1.2,2.2,1.8,3.9,2.9,2.3,6.8,-0.4,0.3,-0.2,12.8,21.9
04051656,Hildegardstraße,"7,164  ",7.7,2.5,2.8,7.6,16.6,34.8,25.2,1.0,-0.5,0.3,0.7,-1.3,17.0,0.7,0.4,5.6,15.2,15.5,13.1,24.7,7.8,37.2,1.4,0.3,0.9,1.2,2.7,2.1,1.2,4.8,0.3,-1.5,-0.6,10.2,16.0
04061757,Forst Grunewald,74  ,0.0,0.0,0.0,0.0,0.0,50.0,27.8,2.8,0.0,0.0,0.0,0.0,0.0,0.0,1.4,5.4,10.8,20.3,8.1,13.5,0.0,100.0,0.0,0.0,0.0,0.0,8.1,0.0,0.0,8.1,0.0,0.0,0.0,0.0,0.0
05010101,Hakenfelde Nord,"9,606  ",8.4,4.1,3.0,12.4,34.0,44.3,29.6,2.9,4.2,-0.7,-0.9,-2.9,18.8,2.4,-0.3,6.2,16.6,23.0,10.4,22.7,12.5,47.9,2.1,2.4,0.9,0.8,1.2,1.6,1.2,2.8,-1.1,0.3,-0.7,11.5,22.7
05010102,Goltzstraße,"5,605  ",9.7,5.4,3.7,12.4,42.9,25.1,21.4,0.0,-3.3,-1.0,-4.9,1.9,19.3,-0.7,-0.3,3.1,10.2,28.2,6.6,14.0,6.6,30.4,1.3,0.3,0.4,0.6,1.5,1.4,1.1,2.9,-1.2,-1.5,-1.1,14.2,24.3
05010103,Amorbacher Weg,"7,466  ",7.3,4.4,2.7,8.9,19.0,20.9,21.4,2.3,5.6,-0.3,-3.5,-1.5,13.1,2.1,0.0,4.1,14.7,22.1,5.0,11.9,4.6,18.3,0.9,0.4,0.4,0.6,0.8,1.2,1.1,2.1,-0.8,0.3,-0.9,11.0,21.5
05010204,Griesingerstr.,"3,068  ",12.3,4.7,5.6,27.5,67.3,48.1,33.8,6.6,26.1,-0.2,0.3,-4.5,32.1,5.5,0.6,5.8,18.4,28.3,9.4,31.8,6.7,51.4,1.6,1.2,2.7,0.8,1.3,1.1,0.9,2.4,-2.8,-1.1,-1.6,22.2,47.4
05010205,An der Tränke,"1,926  ",3.2,0.0,0.8,3.1,5.7,28.6,16.4,0.2,8.2,-0.4,-2.0,0.7,5.2,-0.4,-0.3,5.3,24.5,7.9,8.9,22.7,5.7,37.3,2.5,0.3,1.9,0.8,0.9,1.2,0.5,2.2,-1.0,-1.1,-0.5,4.3,4.7
05010206,Gütersloher Weg,"9,478  ",12.3,7.1,4.9,17.2,47.5,42.6,22.6,0.3,3.4,-0.9,0.0,0.8,15.2,0.1,-0.6,4.3,15.0,27.3,7.5,24.1,6.3,48.2,2.9,0.2,0.9,0.6,0.9,1.3,1.2,2.2,-1.1,-0.3,-0.6,17.5,37.7
05010207,Darbystr.,"10,691  ",16.3,7.8,6.7,26.6,57.5,60.5,21.4,0.5,3.6,-0.7,-1.6,-3.6,14.4,0.2,-0.2,5.5,17.8,24.4,12.5,42.4,8.2,66.4,5.7,0.3,2.7,0.6,0.8,1.6,1.2,2.4,-2.1,0.0,-1.5,25.8,45.4
05010208,Germersheimer Platz,"6,821  ",15.6,9.0,6.8,19.7,53.1,39.7,29.5,-1.4,-11.0,-1.3,-2.3,-6.0,26.8,-1.0,-0.2,4.6,13.2,21.1,10.2,22.9,5.5,45.5,4.4,0.7,0.3,1.5,0.9,1.5,1.1,2.5,-2.0,1.3,-0.9,23.0,37.2
05010209,An der Kappe,"5,955  ",6.2,3.5,2.3,8.5,24.1,39.1,16.3,0.7,5.6,-0.2,-0.2,0.1,14.6,0.5,-0.5,3.9,13.9,24.1,7.3,19.8,6.2,40.0,2.2,0.2,0.4,0.8,0.9,1.2,0.9,2.1,-1.2,-0.6,-0.8,9.1,20.0
05010310,Eckschanze,"3,414  ",14.6,10.3,6.0,18.8,57.0,35.0,27.2,-0.3,-5.2,0.0,-2.2,7.7,17.5,-0.8,-0.6,4.8,12.7,19.5,9.9,20.4,4.9,42.9,3.2,0.4,0.3,1.6,0.8,1.8,1.1,2.6,-1.2,1.2,-0.2,22.6,26.6
05010311,Eiswerder,"4,578  ",15.2,5.8,7.1,27.8,68.8,73.5,27.4,3.8,7.2,-1.6,-3.2,-3.7,15.5,3.4,0.0,6.3,19.6,27.2,22.8,47.4,18.7,68.6,11.8,1.7,2.2,2.0,0.9,2.1,1.5,3.0,-2.8,-1.7,-0.9,20.9,39.9
05010312,Kurstr.,"5,772  ",17.7,9.7,7.4,27.4,66.7,55.7,35.3,-1.2,-2.1,-1.0,-3.7,-0.4,25.0,-1.3,-0.4,5.6,17.4,14.3,24.5,39.3,16.8,52.3,10.3,1.2,0.7,4.3,1.9,4.0,2.7,5.9,-1.7,-0.3,-1.6,29.4,32.2
05010313,Ackerstr.,"5,948  ",12.6,6.7,5.3,19.9,49.1,46.0,30.0,-1.3,-8.3,-2.2,-2.6,-1.4,21.4,-1.3,-0.5,5.4,16.5,13.8,15.3,28.5,12.4,48.9,4.7,1.3,1.0,2.9,2.1,1.9,1.0,4.0,-2.7,-2.0,-1.8,20.5,30.6
05010314,Carl-Schurz-Str.,"11,017  ",13.6,9.1,5.5,19.6,50.1,47.8,25.6,1.0,5.4,-0.1,-0.1,1.0,17.1,0.5,0.0,5.0,14.9,18.7,13.9,29.1,10.0,50.4,3.9,0.6,0.9,2.9,1.5,2.2,1.7,3.7,0.0,2.5,-0.9,20.9,32.4
05010339,Freiheit,411  ,9.3,0.0,2.9,9.0,29.0,33.3,19.2,-2.2,0.0,0.5,-8.8,-6.1,18.8,-1.2,-0.7,3.2,10.9,16.8,11.9,22.4,6.7,23.1,2.4,0.0,0.0,2.9,2.2,2.9,2.9,5.1,-0.3,0.0,-1.0,15.5,0.0
05020415,Isenburger Weg,"3,987  ",3.4,1.1,0.9,2.8,5.3,21.5,13.4,0.8,9.8,-0.7,-0.1,0.2,4.4,0.5,-0.4,4.1,26.2,8.9,4.4,15.8,1.5,38.4,0.4,0.0,0.3,0.8,1.2,1.2,0.8,2.4,-0.6,-0.6,-0.4,4.2,5.2
05020416,Am Heideberg,"1,786  ",7.5,1.5,2.5,7.2,23.5,12.7,11.6,1.4,2.3,-0.3,3.0,-2.1,22.7,1.2,-0.1,2.6,12.4,26.7,1.0,4.6,0.0,14.9,0.3,0.0,0.2,0.0,0.2,0.2,0.0,0.3,-0.2,-2.0,-0.9,9.7,16.7
05020417,Staakener Str.,"5,643  ",5.8,4.6,2.3,5.5,13.2,30.5,15.3,-0.6,-4.4,-0.7,-4.7,-0.8,15.3,-0.7,-0.5,3.9,15.3,22.7,5.8,19.4,3.2,32.9,1.5,0.2,0.4,0.9,0.9,1.3,1.1,2.2,-1.0,1.3,-0.8,7.1,15.0
05020418,Spandauer Str.,"3,934  ",8.0,5.3,2.8,9.9,22.6,21.1,19.2,-1.1,3.5,-1.2,-1.5,-4.4,10.6,-0.9,-0.4,4.3,16.1,25.1,4.4,12.5,0.5,17.5,0.5,0.2,0.2,1.3,0.5,0.9,0.7,1.4,-0.6,0.5,-0.9,11.4,18.6
05020419,Magistratsweg,"6,744  ",12.8,7.1,5.4,17.6,52.8,30.2,20.7,-0.7,8.2,-0.5,-1.3,0.6,15.8,-0.8,-0.3,4.3,13.7,30.8,6.8,17.1,4.5,32.1,1.8,0.3,0.6,1.0,1.2,1.2,1.1,2.4,-1.3,0.1,-1.0,17.6,37.4
05020420,Werkstr.,972  ,6.5,0.0,3.0,6.4,13.9,19.0,13.3,-0.7,3.9,-1.0,0.0,-2.5,2.0,-1.2,-0.2,4.0,22.7,12.9,3.5,13.8,1.4,0.0,0.3,0.0,0.0,1.2,0.4,0.3,0.0,0.7,-1.1,-2.2,-0.1,8.3,0.0
05020521,Döberitzer Weg,"2,444  ",5.8,4.0,1.5,9.0,18.3,31.4,24.4,1.1,2.2,-1.8,-5.3,-2.7,15.6,0.6,0.1,7.6,25.9,10.7,5.8,19.3,4.3,31.4,2.2,0.4,0.6,0.7,0.2,1.1,1.0,1.4,-2.0,-0.2,-1.4,8.1,18.4
05020522,Pillnitzer Weg,"6,142  ",15.8,8.8,6.5,26.5,62.6,40.0,25.2,-0.7,-1.0,-0.2,-0.3,-1.1,18.6,-1.1,-0.3,6.5,19.7,21.5,9.8,25.4,6.9,39.9,2.9,0.6,1.2,1.3,1.0,1.5,1.5,2.5,-1.1,0.8,-1.6,24.1,42.1
05020523,Maulbeerallee,"10,810  ",17.7,8.9,6.9,35.1,77.2,63.3,27.4,2.7,3.8,0.3,-0.8,-0.8,16.6,1.8,0.4,7.2,21.5,19.7,15.1,44.8,10.9,65.8,5.0,1.4,2.9,0.9,1.3,1.8,1.5,3.1,-0.4,2.6,-1.3,28.1,53.2
05020524,Weinmeisterhornweg,"6,263  ",5.4,3.6,2.0,6.1,16.7,25.6,15.2,-0.8,1.5,0.1,-0.2,-0.4,8.6,-0.9,-0.3,2.7,12.7,31.4,4.0,13.0,3.0,24.1,0.4,0.1,0.1,0.4,1.2,0.9,0.7,2.1,-0.4,1.7,-0.6,7.3,15.9
05020625,Borkumer Str.,"6,847  ",10.6,6.2,4.5,16.8,50.8,49.1,24.7,-0.4,-9.7,-1.2,-2.7,-2.1,21.7,-0.5,-0.1,4.2,11.8,26.0,10.5,25.6,9.5,48.4,2.0,0.6,1.1,2.1,1.3,1.8,1.3,3.1,-2.3,-0.7,-1.1,16.8,33.0
05020626,Adamstr.,"15,958  ",13.2,7.8,5.3,17.0,43.4,38.0,26.5,-0.6,-4.8,-0.7,-2.2,-2.4,18.9,-0.5,-0.1,4.5,13.6,19.3,11.5,22.0,9.7,39.5,3.4,0.5,0.8,2.1,1.4,1.7,1.3,3.1,-0.8,1.8,-0.7,19.8,30.9
05020627,Tiefwerder,"3,526  ",11.4,9.4,4.8,18.9,46.7,51.9,25.2,-2.8,-8.9,-0.7,-7.0,-4.0,24.3,-2.3,-0.5,4.8,14.4,21.8,10.5,27.1,9.5,45.0,2.4,0.7,0.5,1.3,1.5,2.1,1.8,3.6,-1.9,1.6,-0.6,18.1,39.7
05020628,Graetschelsteig,"2,003  ",8.1,2.8,3.4,12.2,45.6,39.1,20.2,-1.1,-3.8,-0.6,-10.8,-3.1,21.2,-1.1,-0.7,3.0,11.7,40.1,8.3,18.1,9.4,31.7,3.2,0.4,0.3,0.6,0.8,1.0,1.0,1.9,-2.9,-3.2,-2.1,11.0,24.7
05020629,Börnicker Str.,"4,392  ",3.6,0.0,1.2,3.1,6.5,29.1,18.7,-0.2,3.6,-0.7,0.4,-2.6,15.9,-0.2,-0.6,3.7,10.6,33.0,5.6,12.4,3.4,32.9,0.2,0.4,0.4,0.4,1.7,0.7,0.4,2.4,-0.4,-1.3,-0.7,4.4,8.1
05030730,Zitadellenweg,"3,043  ",8.7,4.0,2.6,17.0,33.4,58.8,21.7,1.4,7.6,0.4,1.6,1.7,8.4,-0.1,0.0,8.6,24.4,12.0,13.1,44.9,6.1,62.0,5.6,0.4,0.6,1.0,1.4,2.5,2.3,3.9,-0.9,1.4,-1.2,13.7,29.1
05030731,Gartenfelder Str.,"10,542  ",13.7,7.1,5.8,19.1,51.5,59.1,25.4,-1.0,-0.6,-1.4,-1.8,0.4,17.1,-1.0,-0.5,4.8,14.4,23.9,12.4,33.0,10.4,61.0,4.0,0.9,0.9,1.4,1.3,2.5,2.1,3.9,-1.9,0.3,-1.1,19.5,36.0
05030832,Rohrdamm,"10,592  ",9.5,4.3,4.0,14.3,35.5,49.4,21.4,0.7,2.0,-0.9,-2.2,-1.8,13.2,0.4,-0.2,5.2,16.0,21.4,16.0,33.4,11.2,53.4,4.9,0.8,0.6,3.6,1.5,2.4,1.4,3.9,-1.1,-0.7,-0.7,13.6,26.7
05030833,Motardstr.,857  ,4.7,0.0,1.2,7.9,28.1,80.2,252.1,-17.8,-214.7,-0.3,0.7,-5.2,391.2,-7.4,-0.7,6.9,13.0,12.0,51.6,68.0,31.5,89.8,6.1,10.3,5.6,2.1,0.4,1.1,0.7,1.4,0.6,-1.2,-0.2,12.8,4.1
05040934,Alt-Gatow,"3,596  ",2.7,0.7,0.7,1.9,3.3,27.0,15.6,1.3,6.8,-0.7,1.7,-1.7,8.2,1.6,-0.1,3.3,16.8,25.0,4.1,13.5,2.2,25.4,0.3,0.1,0.4,0.3,1.1,0.8,0.6,1.9,-0.4,-1.8,-0.5,3.0,8.1
05040935,Groß-Glienicker Weg,396  ,13.5,0.0,3.9,8.8,14.7,10.2,23.6,-1.2,7.1,2.5,14.1,0.8,7.1,-0.2,-0.5,4.0,14.9,20.2,4.5,10.6,0.0,37.5,1.5,0.0,0.0,0.8,1.5,0.0,0.0,1.5,5.0,0.0,-0.2,15.6,27.8
05040936,Jägerallee,"7,979  ",3.0,1.3,0.9,2.4,5.7,21.0,17.0,1.9,12.3,-0.2,0.2,-0.2,7.9,1.8,-0.3,5.4,20.3,19.8,3.1,11.5,0.8,24.4,0.2,0.2,0.1,0.3,1.1,0.5,0.4,1.7,0.0,-0.1,-0.2,3.3,5.6
05040937,Kladower Damm,"2,089  ",1.9,0.0,0.5,1.8,4.7,19.6,14.3,0.0,13.3,-0.4,-5.1,-0.5,6.0,-0.2,-0.2,3.8,13.2,32.0,4.0,10.1,1.5,27.5,0.3,0.0,0.1,0.3,1.6,0.1,0.1,1.8,-0.8,-2.3,-0.7,2.2,3.6
05040938,Kafkastr.,"3,644  ",3.3,1.7,0.7,1.9,4.5,19.0,19.2,3.1,15.0,0.4,-1.7,1.4,8.3,2.9,-0.7,3.9,16.3,24.4,2.6,9.5,3.5,21.0,0.1,0.1,0.1,0.1,1.0,0.6,0.6,1.5,0.3,0.3,-0.5,3.3,4.2
06010101,Fichtenberg,"6,558  ",2.9,2.2,0.7,4.3,9.6,33.5,18.9,1.3,-0.3,-0.1,-0.5,1.0,12.6,1.0,-0.3,4.5,15.3,27.5,8.1,18.7,2.7,27.6,0.6,0.4,0.9,0.7,1.7,1.2,1.0,2.9,-0.6,1.0,-0.2,4.1,11.0
06010102,Schloßstr.,"8,139  ",5.8,4.1,1.6,10.2,24.5,45.9,26.7,0.1,-3.9,-0.2,-1.2,-2.8,20.1,-0.4,0.0,4.6,13.8,15.0,16.0,29.0,12.3,48.7,1.9,0.7,1.2,1.9,3.3,2.5,1.7,5.8,-1.1,-0.5,-0.6,10.4,18.3
06010103,Markelstr.,"6,078  ",5.9,3.1,1.7,9.7,21.6,46.7,25.4,-0.5,-6.1,0.1,1.3,1.5,19.0,-0.9,-0.3,5.9,14.3,14.3,15.1,28.9,11.1,46.6,1.9,0.6,1.1,2.0,3.5,2.0,1.5,5.5,-0.2,-0.6,-0.2,9.9,18.7
06010204,Munsterdamm,"6,593  ",7.5,5.7,2.4,12.2,24.9,44.6,23.1,2.3,6.6,0.6,0.1,-2.7,13.8,1.5,-0.1,5.1,15.3,22.6,11.4,25.4,9.2,49.1,2.1,0.3,1.0,1.4,2.0,2.0,1.4,4.0,-0.4,0.5,-0.3,12.5,23.1
06010205,Südende,"9,078  ",6.6,5.3,1.7,10.0,21.7,42.4,25.0,0.4,1.6,0.2,-2.4,0.4,19.3,-0.3,-0.3,5.0,14.0,19.5,10.4,23.5,6.8,49.0,2.0,0.3,1.0,1.3,2.0,1.3,0.9,3.3,-0.5,1.7,-0.4,11.0,19.4
06010206,Stadtpark,"7,361  ",6.1,4.2,1.9,10.0,25.0,38.4,23.4,0.6,-4.2,0.0,-2.2,-0.5,19.3,0.2,-0.5,4.9,12.9,25.7,11.8,23.1,7.3,35.4,1.1,0.6,1.9,1.5,1.9,2.3,1.6,4.2,-0.5,-1.1,-0.5,9.6,22.4
06010207,Mittelstr.,"7,603  ",6.7,6.4,1.8,11.6,30.4,43.5,26.4,0.5,-2.1,0.3,-0.5,3.0,19.0,0.0,-0.1,4.6,12.8,20.1,14.3,26.6,9.1,48.9,1.7,0.7,1.1,1.9,2.2,3.0,2.3,5.2,-0.6,2.2,-0.7,11.4,21.3
06010208,Bergstr.,"6,243  ",7.1,5.5,1.7,11.3,25.3,38.0,25.9,-0.3,-1.8,-0.1,0.8,1.1,19.0,-0.6,-0.3,4.5,13.1,17.8,12.0,24.3,5.6,36.1,1.5,0.3,0.8,1.7,2.2,2.0,1.4,4.2,0.1,1.5,-0.5,12.7,20.1
06010209,Feuerbachstr.,"8,525  ",7.0,4.4,1.6,10.5,27.5,48.1,25.1,0.0,-3.1,-0.8,-0.4,-2.0,21.4,-0.5,-0.6,4.5,12.7,19.0,13.5,26.0,12.3,44.1,2.0,0.4,0.7,2.9,2.4,2.1,1.5,4.6,-0.5,-0.5,-0.6,11.1,21.7
06010210,Bismarckstr.,"4,545  ",7.6,5.5,2.4,13.0,34.6,40.0,26.6,2.0,-2.3,-0.2,-0.7,3.8,18.8,1.3,-0.4,4.4,13.8,19.2,12.5,24.5,8.8,41.1,2.0,0.7,1.2,1.6,2.6,1.6,1.2,4.2,-0.7,0.0,-0.6,13.1,24.6
06020301,Alt-Lankwitz,"4,768  ",6.2,2.7,1.8,9.1,21.0,32.9,18.8,-1.1,-4.7,0.3,-1.9,-2.4,18.2,-0.9,-0.1,4.6,14.3,27.9,7.3,17.7,4.4,38.8,1.2,0.3,0.7,0.9,1.4,1.3,1.0,2.7,-0.6,-1.9,-0.4,9.8,16.9
06020302,Komponistenviertel Lankwitz,"5,248  ",4.6,4.5,1.3,5.8,15.3,31.8,20.2,0.8,-7.2,-0.4,0.7,-1.1,23.0,1.3,-0.3,3.7,11.9,32.7,9.0,17.6,7.7,30.3,0.7,0.9,0.8,1.1,1.5,2.4,2.0,3.8,-0.4,0.8,-0.2,5.8,16.1
06020303,Lankwitz-Kirche,"6,959  ",9.1,6.6,2.6,12.6,38.0,36.7,23.0,1.1,2.9,0.2,3.9,5.3,20.1,0.8,0.2,4.2,12.5,23.3,9.7,20.9,6.3,38.8,2.0,0.3,0.4,1.4,1.8,1.5,1.3,3.3,0.3,1.8,-0.6,13.7,26.0
06020304,Kaiser-Wilhelm-Str.,"6,580  ",7.7,5.8,2.3,11.8,27.3,37.6,23.8,-1.1,-6.4,0.7,0.1,-1.9,22.9,-1.7,-0.4,3.9,11.9,23.1,9.5,20.0,8.2,40.9,1.9,0.1,0.5,1.2,1.4,2.0,1.6,3.4,-0.6,-0.3,-0.6,13.5,19.6
06020305,Gemeindepark Lankwitz,"10,332  ",7.9,3.8,2.4,14.9,40.7,40.5,24.2,0.8,7.4,0.1,-1.1,4.2,16.1,0.3,-0.4,4.0,14.2,25.2,13.5,28.0,7.3,42.9,2.9,1.5,1.1,1.1,2.6,2.3,1.8,4.9,-0.4,-1.4,-0.5,14.7,19.4
06020306,Lankwitz-Süd,"6,478  ",4.5,4.4,1.3,6.3,12.8,27.6,15.6,0.3,4.3,-0.1,-1.4,-1.1,12.6,-0.1,-0.3,4.3,15.2,25.0,6.5,16.8,3.7,29.1,1.5,0.0,0.1,0.9,0.9,1.5,1.3,2.4,-1.0,1.0,-0.8,7.0,14.5
06020407,Thermometersiedlung,"4,594  ",10.5,5.7,3.1,22.7,64.7,65.4,27.5,0.9,-2.4,-0.1,-1.9,-0.4,19.4,-1.3,-0.1,5.2,16.3,24.5,19.2,44.1,8.9,66.3,4.3,1.0,1.7,1.0,2.7,3.1,2.5,5.8,-0.5,-1.2,-1.6,19.3,27.0
06020408,Lichterfelde-Süd,"6,461  ",7.1,5.2,2.1,9.8,28.9,35.7,21.1,0.4,0.0,-0.4,-1.5,3.9,18.7,0.2,-0.2,3.7,13.2,27.5,7.3,18.0,6.4,32.2,0.9,0.4,0.5,1.0,1.1,1.6,1.3,2.8,0.2,1.2,-0.3,9.9,23.7
06020409,Königsberger Str.,"8,113  ",6.0,3.6,2.1,7.5,20.1,32.5,22.5,0.9,-1.7,-0.7,0.8,0.3,18.1,0.8,-0.5,4.9,13.3,29.1,9.6,19.9,6.1,31.6,1.1,0.3,0.8,1.1,1.7,2.0,1.5,3.7,-0.3,-0.3,0.0,8.1,17.0
06020410,Oberhofer Platz,"6,792  ",3.5,1.5,1.0,4.7,7.7,21.5,21.6,0.6,6.3,-0.4,-1.2,0.2,11.5,0.0,0.0,5.0,16.8,21.3,7.7,15.6,2.9,22.6,0.8,0.3,0.6,1.0,1.7,1.3,0.9,3.0,-0.6,-0.1,-0.5,5.6,8.6
06020411,Schütte-Lanz-Str.,"8,511  ",4.8,2.7,1.4,8.0,22.0,33.7,19.9,0.3,3.9,-0.7,1.1,0.7,14.3,0.1,-0.8,4.5,16.1,23.8,7.4,19.9,3.9,39.2,1.0,0.4,0.4,0.7,2.0,1.7,1.6,3.7,-0.6,-0.4,-0.8,7.2,19.5
06030501,Berlepschstr.,"5,543  ",3.1,0.7,0.8,5.0,12.6,29.2,20.2,0.7,14.9,0.1,1.4,1.5,18.4,0.7,-0.2,4.5,16.1,29.5,6.6,15.3,3.0,41.8,0.5,0.1,0.6,0.4,1.1,1.7,1.0,2.8,-0.8,-1.8,-0.2,4.8,8.5
06030502,Zehlendorf-Süd,"5,168  ",7.9,4.8,1.8,11.6,34.6,37.1,25.0,0.9,2.8,-0.2,0.6,0.8,16.1,1.0,-0.1,4.0,12.6,27.5,7.7,18.0,3.2,33.0,1.1,0.5,0.8,1.0,1.1,1.7,1.2,2.8,-0.2,-0.1,-0.9,12.5,20.8
06030503,Zehlendorf-Mitte,"10,992  ",5.0,3.6,1.4,7.1,14.7,33.8,20.7,0.0,1.0,-0.2,0.0,-2.4,15.6,-0.3,-0.5,4.4,15.2,23.3,10.0,21.0,6.2,36.1,1.2,0.3,0.7,0.8,1.6,1.1,0.8,2.7,0.0,1.2,-0.3,8.1,13.0
06030504,Teltower Damm,"10,754  ",3.2,1.6,1.0,3.7,7.9,34.2,18.6,0.8,4.8,0.0,1.2,0.8,13.4,1.2,-0.5,4.1,15.8,30.3,8.3,17.5,4.4,26.5,0.3,0.1,0.6,0.7,2.3,0.9,0.7,3.2,0.0,0.8,-0.2,4.2,7.3
06030605,Botanischer Garten,"6,679  ",5.3,2.9,1.4,6.6,16.8,34.6,23.8,-0.3,3.2,-0.2,-1.3,-1.7,15.8,-0.4,0.0,4.2,13.8,21.2,11.5,21.6,8.2,34.4,0.9,0.2,0.9,1.6,2.5,2.1,1.6,4.5,0.0,-0.4,-0.4,7.5,13.3
06030606,Hindenburgdamm,"4,851  ",7.4,3.7,2.2,10.6,23.5,38.7,24.3,0.3,3.8,0.3,-2.4,0.1,17.8,0.7,0.1,5.1,15.9,17.6,13.1,25.6,7.5,49.0,1.5,0.8,0.6,2.8,2.5,1.8,1.4,4.3,0.0,0.4,-0.8,11.0,20.6
06030607,Goerzwerke,"3,079  ",3.2,2.0,0.7,3.2,10.8,31.2,32.8,1.2,4.7,-0.2,-0.6,-1.3,10.2,-0.2,0.0,4.2,12.6,19.9,24.7,32.5,5.7,32.0,1.3,1.8,1.0,0.3,6.7,6.5,3.8,13.2,0.2,1.4,0.0,5.1,1.8
06030608,Schweizer Viertel,"10,172  ",3.3,1.9,0.9,2.8,3.4,32.8,23.8,2.5,11.9,-0.2,0.6,-0.1,10.2,2.1,-0.3,5.3,19.0,22.3,8.2,19.4,5.0,30.4,0.4,0.4,0.7,0.4,2.4,1.3,0.9,3.7,-0.2,0.0,-0.2,4.1,6.6
06030609,Augustaplatz,"11,381  ",4.6,2.5,1.3,6.0,13.0,30.5,22.0,-0.2,3.4,-0.3,0.9,-1.1,14.3,-0.3,0.1,5.1,14.7,22.0,9.6,18.4,5.6,31.1,1.2,0.4,0.5,1.1,2.3,1.4,1.0,3.7,-0.6,-1.0,-0.7,6.8,12.9
06030610,Lichterfelde-West,"7,944  ",3.7,1.7,1.1,4.4,9.4,31.1,18.9,0.1,3.8,-0.3,-1.1,-1.0,10.3,-0.2,-0.3,5.7,17.4,23.0,10.2,20.3,4.6,28.6,0.8,0.6,0.7,0.8,2.8,1.1,0.6,3.9,-0.2,-0.8,-0.2,4.5,11.7
06040701,Wannsee,"9,026  ",2.8,1.4,0.8,2.5,4.3,26.6,21.6,0.1,5.7,-0.1,0.5,0.1,12.8,0.3,-0.3,4.6,14.9,27.6,8.9,16.9,4.4,28.7,0.4,0.1,0.6,0.5,2.3,1.4,0.9,3.6,-0.2,0.1,0.0,3.6,3.5
06040702,Düppel,"5,247  ",3.0,1.3,0.8,4.6,8.0,34.3,25.7,2.4,16.8,0.2,-0.9,1.5,18.0,1.9,-0.4,5.0,20.6,17.1,7.9,19.2,6.6,38.5,0.3,0.6,0.3,0.0,1.8,0.8,0.6,2.6,0.2,-0.4,0.1,5.0,7.0
06040703,Nikolassee,"10,923  ",2.0,1.0,0.5,3.1,4.9,28.0,29.8,3.1,9.2,0.0,-0.4,-0.4,15.3,1.7,-0.2,4.8,14.4,25.4,17.3,25.7,4.8,26.9,0.6,0.5,1.3,0.7,5.6,2.6,1.1,8.2,-0.4,0.0,-0.2,4.0,2.6
06040804,Krumme Lanke,"7,625  ",2.3,0.9,0.5,2.2,2.8,27.3,17.3,0.2,4.3,0.2,0.7,-0.1,11.5,0.4,-0.4,5.0,17.2,27.4,8.5,16.9,5.8,30.7,0.2,0.2,0.6,0.2,2.5,1.1,0.6,3.6,0.3,0.9,-0.1,3.1,2.9
06040805,Fischerhüttenstr.,"5,166  ",2.8,1.1,0.8,3.3,5.9,27.2,19.6,0.8,8.5,-0.2,-2.9,0.1,15.6,0.4,-0.1,3.7,14.7,26.6,8.4,16.8,4.4,25.0,0.5,0.3,0.6,0.2,2.5,1.2,0.7,3.7,-0.4,-0.2,-0.2,4.4,2.5
06040806,Fischtal,"7,140  ",3.0,1.9,0.8,3.3,4.3,21.4,17.1,1.1,1.9,-0.3,-0.1,-0.7,10.9,0.9,-0.3,3.6,15.7,27.7,6.1,13.2,1.6,15.4,0.0,0.1,0.5,0.1,1.8,1.1,0.9,2.9,-0.5,1.3,-0.3,4.4,5.1
06040807,Zehlendorf-Eiche,"5,676  ",4.5,2.3,1.1,4.7,8.6,36.6,24.7,4.6,2.3,-0.2,0.3,-3.1,15.6,4.2,-0.4,5.1,15.3,32.3,10.3,20.4,5.2,31.2,0.7,0.2,0.6,0.2,2.7,1.7,1.1,4.4,0.4,-0.1,-0.3,5.5,11.1
06040808,Hüttenweg,"3,670  ",3.1,1.1,0.8,4.8,9.1,42.6,30.4,8.6,11.4,0.2,0.2,-1.0,11.4,7.4,-0.1,9.7,26.9,9.9,14.9,32.2,11.0,41.7,0.4,0.2,1.9,0.3,2.8,1.3,0.7,4.1,0.0,0.1,-0.1,4.5,6.0
06040809,Thielallee,"4,898  ",1.6,0.0,0.3,1.9,2.9,35.5,21.7,0.5,5.0,-0.1,-0.5,-0.3,12.1,0.9,-0.3,5.0,17.4,21.9,17.7,28.3,5.6,37.1,0.6,0.1,1.4,0.2,4.5,1.9,1.1,6.4,0.0,-0.6,-0.1,2.7,1.2
06040810,Dahlem,"6,569  ",1.7,0.0,0.5,1.3,1.6,38.2,24.7,2.3,18.2,-0.2,-0.3,-0.7,11.5,1.2,-0.2,4.9,17.3,26.4,15.2,25.7,10.4,29.7,0.5,0.4,1.2,0.5,3.0,1.7,1.1,4.7,-0.3,0.0,-0.2,2.0,2.4
07010101,Wittenbergplatz/Viktoria-Luise-Platz,"9,466  ",7.0,2.4,2.7,10.6,23.4,65.5,23.9,-0.3,-5.9,0.0,-0.8,-1.3,16.9,-0.9,0.0,3.5,10.5,20.1,24.5,42.1,16.1,67.8,3.0,1.3,3.5,1.4,5.9,3.0,1.8,8.9,-0.8,-1.1,-0.8,12.4,17.2
07010102,Nollendorfplatz,"15,881  ",9.6,4.3,3.6,21.6,53.7,78.5,28.0,0.5,0.3,-0.3,-1.2,-2.6,16.2,0.1,0.0,4.8,15.2,13.8,34.0,53.5,24.7,76.1,7.7,2.4,3.8,3.7,6.8,3.1,1.7,9.9,-0.8,-0.8,-0.8,19.4,26.5
07010103,Barbarossaplatz,"10,084  ",6.9,3.2,2.3,10.4,23.7,47.5,25.3,0.1,-2.9,-0.5,-0.1,-5.0,15.1,-0.4,-0.1,5.0,13.9,13.9,20.8,34.2,10.9,44.4,4.5,0.8,0.7,2.2,5.9,2.4,1.7,8.3,-0.4,-0.9,-0.4,11.5,17.2
07010104,Dennewitzplatz,"13,251  ",11.3,5.7,4.0,25.3,62.2,80.3,30.1,1.3,-2.6,-1.3,-1.2,0.9,14.2,0.6,-0.1,5.8,16.1,10.0,37.7,58.3,25.9,74.8,14.1,2.4,4.2,2.9,6.0,2.6,1.5,8.6,-0.9,0.2,-1.3,21.4,31.5
07020201,Bayerischer Platz,"10,348  ",6.3,2.9,2.4,9.2,23.3,46.4,23.1,0.2,-0.4,-0.7,-2.2,-1.2,13.3,-0.2,-0.2,4.7,12.4,20.0,16.4,30.4,9.4,48.5,2.8,0.6,1.3,2.0,4.1,1.7,1.1,5.9,-1.0,-1.7,-0.5,10.1,16.9
07020202,Volkspark (Rudolf-Wilde-Park),"9,315  ",8.4,4.5,3.1,12.9,36.7,63.6,27.9,0.5,-3.6,-0.9,-1.1,-6.7,15.7,0.3,0.0,5.1,12.3,16.0,21.6,36.8,13.4,63.6,4.0,1.4,1.1,3.1,4.9,2.6,2.0,7.5,-0.3,0.7,-0.3,13.5,21.6
07020203,Kaiser-Wilhelm-Platz,"17,213  ",8.6,4.0,3.1,16.6,38.1,62.2,29.0,0.2,-4.2,-0.4,-1.2,-2.0,19.8,-0.2,-0.1,5.4,15.0,10.9,26.3,42.4,15.6,61.7,8.6,1.8,0.8,2.6,5.6,2.5,1.8,8.1,-1.2,-1.0,-0.8,16.7,23.3
07020204,Schöneberger Insel,"11,135  ",9.1,5.0,3.3,14.0,39.3,52.9,33.6,-0.4,-7.2,-0.6,1.7,0.0,19.2,-1.2,-0.2,5.3,13.2,8.6,21.5,34.0,12.7,53.4,5.5,1.3,0.7,2.0,5.4,2.4,1.7,7.9,0.2,0.2,-0.2,15.5,21.9
07030301,Friedenau,"23,408  ",4.5,1.9,1.6,5.9,11.8,35.9,23.8,0.5,2.8,-0.5,-1.7,-1.8,16.0,0.1,-0.3,5.4,15.2,16.0,12.6,23.6,6.2,36.0,1.0,0.4,0.7,1.4,3.7,1.6,1.1,5.4,-0.5,-1.1,-0.3,6.9,11.8
07030302,Ceciliengärten,"9,173  ",5.0,2.4,1.8,7.8,16.6,40.3,21.2,2.0,4.3,-0.5,-0.4,0.2,11.9,1.2,-0.2,5.3,15.6,16.3,13.4,27.0,7.3,38.6,2.7,0.5,0.6,1.0,3.2,1.6,1.2,4.8,-0.7,-0.1,-0.5,8.3,14.1
07030303,Grazer Platz,"11,707  ",9.8,5.4,3.7,17.7,42.9,60.8,24.9,0.4,-1.6,-0.7,-1.1,-1.0,15.9,0.4,-0.3,6.1,17.6,14.2,20.7,38.8,16.2,61.9,9.3,1.2,0.8,1.9,2.0,2.3,1.8,4.3,-0.9,-0.2,-0.8,15.7,28.6
07040401,Neu-Tempelhof,"15,740  ",8.3,5.2,2.9,12.8,28.2,50.0,21.5,1.4,4.9,0.2,-0.2,0.8,14.8,0.4,0.0,5.2,16.1,21.6,14.7,31.3,8.4,53.1,5.3,0.6,0.5,1.6,2.5,1.8,1.4,4.3,-0.5,0.9,-0.8,13.0,23.0
07040402,Lindenhofsiedlung,"2,062  ",11.0,3.8,3.4,13.5,42.1,46.3,26.2,3.3,15.0,-1.5,-0.4,-3.3,18.3,3.3,0.4,3.3,9.9,31.5,9.3,19.0,9.3,44.9,1.9,0.9,0.1,0.5,0.7,2.5,1.6,3.2,0.3,-0.1,-1.2,15.8,23.0
07040403,Manteuffelstr.,"21,868  ",9.0,5.6,3.2,14.0,39.2,50.0,26.9,-0.1,-2.0,-0.2,-0.2,0.0,20.3,-0.4,-0.2,4.8,14.0,18.7,14.7,28.4,11.4,53.6,3.6,1.1,0.8,2.6,2.3,2.0,1.5,4.3,-0.4,0.7,-0.7,14.1,25.8
07040404,Marienhöhe,"4,937  ",7.1,4.2,2.8,11.7,32.5,40.8,18.1,0.1,-0.9,-0.7,-1.4,-2.8,13.3,-0.5,-0.3,4.7,14.4,28.3,10.5,20.3,11.3,41.6,3.8,0.4,0.6,1.6,1.3,1.6,1.5,2.9,-1.6,-0.4,-0.6,10.4,25.9
07040405,Rathaus Tempelhof,"9,681  ",10.1,6.3,3.6,15.5,42.3,59.0,28.3,1.3,-1.1,0.9,0.9,1.8,17.6,0.9,-0.3,5.8,15.0,18.6,18.1,34.4,16.5,59.3,4.6,2.2,1.2,3.0,1.9,2.6,1.9,4.4,0.9,0.7,-0.5,14.2,28.9
07040406,Germaniagarten,"2,854  ",15.8,7.0,5.9,24.6,62.1,66.4,36.1,1.2,-3.5,-1.3,-0.5,-2.8,20.1,2.0,0.1,5.0,11.2,16.0,22.4,38.3,15.0,69.0,7.5,1.3,0.5,3.2,2.1,4.9,4.2,7.0,-1.5,-2.9,-1.8,29.2,33.8
07050501,Rathausstr.,"15,084  ",10.0,5.5,3.3,15.2,44.8,53.5,24.5,0.1,-3.4,-0.1,-0.6,0.2,17.2,-0.3,-0.3,4.1,12.9,22.5,13.6,28.2,11.5,55.2,3.3,0.8,1.1,2.4,1.6,2.4,1.8,4.0,0.1,0.1,-0.8,15.0,30.2
07050502,Fritz-Werner-Str.,"7,310  ",9.4,5.7,3.1,11.2,34.6,53.5,24.9,1.8,6.3,0.2,0.3,0.3,14.9,1.2,-0.1,4.0,12.6,26.9,13.3,27.3,11.0,61.6,3.3,0.5,0.7,1.7,3.0,2.1,1.6,5.2,0.5,0.9,-0.6,12.4,20.4
07050503,Eisenacher Str.,"8,889  ",8.6,4.7,2.8,11.3,31.0,44.4,21.9,0.9,-3.1,0.0,-1.6,-0.8,18.5,0.6,-0.1,3.6,11.4,27.3,11.1,23.9,10.2,49.5,3.7,0.3,1.0,2.2,1.0,1.5,1.3,2.5,-0.6,-0.5,-0.9,12.7,22.6
07050504,Imbrosweg,"5,443  ",9.9,5.2,3.7,13.7,32.7,45.1,20.4,1.2,1.0,-0.4,1.2,-4.1,17.8,1.3,-0.1,3.9,15.3,26.3,9.9,26.0,6.5,43.9,3.1,0.5,0.9,1.1,1.2,2.1,1.5,3.3,-0.3,0.5,-0.9,14.2,30.3
07050505,Hundsteinweg,"10,223  ",5.9,3.6,2.0,9.9,28.3,41.2,18.6,0.1,0.7,-0.6,0.1,0.1,16.9,0.0,-0.4,4.5,15.2,28.4,8.1,21.5,7.5,47.9,2.8,0.4,0.8,1.0,0.9,1.1,0.8,2.1,-1.0,-1.6,-0.6,8.1,30.5
07050506,Birnhornweg,"2,203  ",3.3,1.4,0.9,2.4,6.4,28.9,14.1,1.2,7.6,-0.8,1.9,-0.6,2.5,0.5,0.0,3.8,14.8,23.8,6.4,17.6,1.8,32.5,1.5,0.1,0.2,0.8,1.3,1.3,1.0,2.5,-0.3,-0.1,-0.3,3.3,9.2
07060601,Marienfelder Allee Nordwest,"9,358  ",9.0,5.8,2.7,14.4,38.8,51.7,30.6,0.0,3.1,-0.7,-0.7,-3.0,19.6,-2.0,-0.2,4.8,15.8,23.4,12.9,34.1,8.1,54.0,2.5,1.6,1.2,1.4,1.2,2.5,2.2,3.7,0.3,1.7,-0.5,14.1,21.9
07060602,Kirchstr.,"4,482  ",3.8,2.0,1.4,4.8,8.5,22.4,19.0,2.8,17.8,-0.5,1.6,-0.5,11.2,2.5,-0.1,4.7,15.5,22.4,6.9,16.4,3.6,28.3,0.5,0.1,0.6,1.1,1.5,1.8,1.2,3.3,-0.8,-1.7,-0.5,5.9,10.3
07060603,Marienfelde Nordost,"2,670  ",6.9,5.0,2.3,11.8,48.1,57.5,16.1,0.1,5.5,-0.1,1.7,0.3,12.7,-0.4,-0.1,4.7,15.3,29.0,9.2,26.1,9.5,61.1,1.0,0.9,0.7,2.3,1.3,1.8,1.5,3.2,0.0,0.6,-0.5,8.3,26.9
07060604,Marienfelde Süd,"13,561  ",9.8,4.7,3.5,17.3,48.7,49.4,17.6,-0.4,-2.4,-0.7,-1.4,-3.1,14.4,-0.4,-0.3,4.4,14.7,26.8,9.5,32.2,5.6,55.1,2.0,0.5,1.6,0.9,0.8,2.3,2.1,3.2,-0.7,0.3,-0.9,15.8,34.0
07070701,Kettinger Str./Schillerstr.,"10,324  ",5.0,1.4,1.7,6.2,16.5,29.6,18.2,0.1,1.1,-0.3,0.2,-2.7,12.3,0.2,-0.4,4.1,15.0,25.9,6.1,16.1,4.2,35.3,1.2,0.1,0.3,1.0,1.4,1.2,1.1,2.6,-0.5,-1.1,-0.5,6.7,14.4
07070702,Alt-Lichtenrade/Töpchiner Weg,"10,198  ",5.5,2.5,2.1,7.4,17.0,28.6,20.1,0.4,0.7,-0.6,0.7,-2.2,13.1,0.3,-0.3,4.1,16.5,22.2,5.1,15.7,3.0,29.7,0.9,0.2,0.3,1.0,0.8,1.0,0.8,1.8,-0.4,-0.4,-0.3,8.0,22.5
07070703,John-Locke-Str.,"7,831  ",10.1,5.7,3.7,14.6,39.0,35.4,17.4,-0.4,1.1,-0.6,-1.1,-2.4,13.7,-0.4,-0.4,4.0,15.0,28.4,7.1,21.7,3.9,37.6,1.5,0.8,0.2,0.7,1.0,2.0,1.8,3.0,0.0,1.2,-0.8,14.8,31.3
07070704,Nahariyastr.,"7,387  ",11.1,4.8,4.3,18.5,49.2,44.1,25.3,3.1,16.7,-0.8,0.5,1.7,17.3,2.5,0.3,4.9,17.5,23.7,8.2,28.2,4.9,48.9,1.1,0.9,1.2,1.0,1.1,2.1,2.0,3.2,0.6,0.0,-0.3,17.0,31.7
07070705,Franziusweg/ Rohrbachstr.,"7,105  ",4.4,3.7,1.4,5.2,11.6,23.5,19.0,0.4,2.5,-0.2,-2.3,-1.0,13.1,0.4,-0.1,5.0,17.1,21.1,5.6,14.8,2.6,26.3,0.8,0.1,0.7,0.4,1.1,1.3,1.1,2.4,-0.2,2.3,-0.3,5.9,14.1
07070706,Horstwalder Str./Paplitzer Str.,"3,703  ",4.8,2.6,1.6,5.0,16.2,21.0,22.4,-0.5,0.6,-0.5,-1.3,-5.3,18.1,-0.5,-0.9,4.8,14.7,27.0,3.6,11.4,0.6,27.0,0.5,0.1,0.1,0.1,1.1,1.0,0.9,2.1,0.0,1.3,-0.6,5.8,10.6
07070707,Wittelsbacherstr.,"2,974  ",3.7,1.1,1.1,2.5,9.3,14.9,17.1,-0.5,2.6,-0.1,-0.4,2.6,10.4,-0.1,0.0,3.5,13.8,30.1,4.6,9.8,4.4,18.1,0.2,0.3,0.7,0.6,1.4,0.2,0.0,1.6,-0.5,-0.8,-0.6,3.7,3.6
08010115,Hasenheide,804  ,7.3,8.5,1.7,14.7,39.6,54.7,28.0,-2.6,-9.8,-1.3,2.1,-3.6,17.6,-1.5,-0.1,7.2,15.9,13.4,19.3,34.7,10.2,62.1,2.6,2.0,0.5,1.9,7.0,0.4,0.4,7.3,0.0,8.5,-1.1,13.9,18.1
08010116,Wissmannstraße,"3,388  ",14.0,10.3,5.0,29.5,64.4,78.4,32.5,1.3,-4.0,-0.6,1.1,1.0,23.4,1.9,-0.1,5.5,15.2,12.2,35.3,53.4,26.8,71.1,16.7,2.5,0.7,5.4,3.6,2.4,1.7,6.0,-2.0,0.1,-1.2,28.3,37.7
08010117,Schillerpromenade,"14,947  ",14.8,8.5,5.2,27.6,63.7,76.5,41.9,1.5,-7.1,-0.9,-1.4,-2.9,23.1,0.3,-0.1,5.7,14.4,8.9,35.8,51.0,30.9,77.6,11.3,4.3,0.8,4.8,4.4,6.0,4.2,10.4,-2.3,-1.4,-1.2,31.8,29.9
08010118,Silbersteinstraße,"10,594  ",16.0,9.4,5.7,34.4,70.8,87.5,37.6,0.3,-3.1,-0.6,0.1,-4.0,20.7,0.3,0.0,8.3,20.5,12.1,38.2,60.3,32.2,89.1,14.2,6.3,0.8,4.6,3.1,5.3,4.0,8.4,-2.1,-0.6,-0.8,30.1,39.3
08010211,Flughafenstraße,"9,236  ",13.6,7.9,4.7,28.3,66.1,86.2,43.2,0.0,-4.5,-1.5,-1.8,0.4,23.1,0.1,0.1,6.4,17.9,9.4,43.4,60.4,38.7,83.3,14.6,5.4,0.7,7.3,5.0,5.3,3.3,10.3,-2.1,-1.2,-1.0,26.5,30.3
08010212,Rollberg,"6,957  ",14.9,8.6,5.6,38.8,71.8,88.9,28.8,-0.6,-5.8,-1.6,-1.8,-5.1,17.1,-0.8,-0.1,8.7,23.2,12.3,35.9,66.9,21.9,93.0,17.7,4.2,0.3,4.3,2.3,3.7,2.9,6.0,-4.0,-2.8,-1.5,28.6,44.2
08010213,Körnerpark,"11,275  ",14.8,8.4,5.4,30.1,66.3,80.7,40.8,0.9,-7.3,-0.5,-1.1,-1.6,24.8,0.6,0.0,6.7,17.5,10.4,39.4,55.5,37.3,82.5,13.1,6.0,0.6,6.3,3.6,6.1,3.9,9.7,-2.7,-2.6,-1.0,30.1,33.0
08010214,Glasower Straße,"7,361  ",15.5,8.6,5.6,31.1,68.7,81.5,37.4,1.9,-0.6,-0.3,-2.6,0.4,21.4,0.7,-0.1,7.1,19.2,12.3,36.7,56.3,30.0,79.1,12.4,5.4,0.5,6.2,3.1,6.0,4.0,9.0,-1.6,-1.4,-0.7,28.3,34.7
08010301,Reuterkiez,"27,088  ",11.7,7.5,4.1,22.7,59.5,75.7,36.7,0.4,-9.1,-1.5,-1.8,-4.1,23.1,-0.1,-0.1,6.1,14.4,9.0,31.6,47.4,24.5,69.8,9.7,2.8,0.6,4.3,6.1,3.7,2.6,9.8,-1.9,-0.7,-0.8,22.3,29.0
08010302,Bouchéstraße,"3,578  ",12.8,8.3,4.9,22.4,64.1,57.9,26.8,1.0,2.8,-0.6,-1.4,-1.1,19.6,0.2,0.0,3.7,12.5,19.2,17.2,28.7,18.0,67.2,5.6,2.3,1.3,2.8,1.9,2.0,1.6,3.9,-1.5,-0.3,-0.4,22.3,36.4
08010303,Donaustraße,"7,854  ",13.1,7.1,4.5,30.7,67.0,86.7,40.2,1.0,-5.6,-0.9,-1.5,-0.6,18.6,0.3,0.0,6.2,17.3,7.9,43.5,60.4,39.0,86.6,14.8,6.0,0.6,8.1,5.0,4.8,2.6,9.8,-2.7,-3.4,-1.2,29.4,33.1
08010404,Rixdorf,"21,180  ",13.6,7.9,4.7,28.9,66.4,79.5,38.9,2.4,-5.3,-1.6,-1.5,-2.0,22.4,1.4,0.1,6.6,17.7,9.1,37.1,54.0,32.9,80.2,11.2,5.3,0.6,7.0,3.7,5.6,4.4,9.3,-2.8,-2.3,-1.5,26.9,32.6
08010405,Hertzbergplatz,"8,247  ",13.1,8.3,4.3,25.4,68.1,72.7,35.3,0.3,-9.7,-0.9,-0.5,4.5,20.8,0.4,-0.1,5.8,15.5,14.4,30.1,43.7,30.9,74.1,8.4,4.1,1.5,5.0,2.7,5.2,3.4,7.9,-1.8,-0.6,-0.8,23.6,32.1
08010406,Treptower Straße Nord,"6,056  ",17.2,13.5,6.5,31.8,75.5,81.1,43.1,0.7,-3.4,-0.3,1.3,1.4,23.9,0.1,0.1,7.1,16.0,16.1,31.1,50.1,25.2,81.8,10.5,4.3,1.3,4.7,3.0,4.3,2.6,7.3,-1.6,-1.1,-0.9,29.8,40.8
08010407,Gewerbegebiet Ederstraße,735  ,13.7,7.9,2.9,22.6,52.8,58.7,41.4,3.1,-17.2,0.6,-4.4,-38.9,31.0,4.1,0.3,4.1,10.2,9.9,28.8,43.5,13.3,40.0,11.2,0.4,2.4,4.9,4.5,1.4,1.0,5.9,0.2,-3.5,-0.9,26.6,29.7
08010508,Weiße Siedlung,"4,859  ",16.0,11.0,6.8,37.5,74.3,79.9,31.4,6.0,15.3,0.1,1.4,2.6,12.9,1.8,0.0,8.0,22.8,15.1,28.9,56.5,21.2,84.2,15.9,2.2,0.4,3.3,1.1,2.9,2.1,4.0,-1.4,-0.4,0.3,27.3,50.5
08010509,Schulenburgpark,"7,596  ",17.3,10.5,6.2,38.4,75.0,75.7,41.7,6.8,23.1,1.3,-1.6,0.5,19.7,1.4,0.0,8.2,23.7,16.5,27.7,53.2,21.0,76.6,14.0,3.7,0.4,2.6,1.5,3.9,2.6,5.4,-1.6,-1.2,-0.9,30.2,45.5
08010510,Gewerbegebiet Köllnische Heide,262  ,7.8,10.9,3.7,14.9,31.0,80.0,33.8,-0.4,-16.7,-1.7,-5.9,-29.0,50.0,-4.8,-1.9,3.8,13.4,5.7,48.1,63.0,34.3,100.0,14.9,1.1,0.0,13.4,3.4,15.3,8.4,18.7,-3.7,10.9,0.4,14.7,20.6
08020619,Buschkrugallee Nord,"9,058  ",12.5,8.1,4.6,24.7,61.7,67.4,28.7,0.8,-2.0,-0.4,-0.8,1.0,16.6,0.2,-0.2,5.8,16.8,19.1,20.6,39.6,17.7,66.2,8.2,2.5,0.5,2.9,1.3,3.6,3.0,4.9,-0.9,-0.6,-0.6,21.0,37.4
08020620,Tempelhofer Weg,"8,562  ",11.3,6.7,4.3,21.5,56.7,65.6,25.8,0.5,-1.5,-1.0,-0.3,-0.7,18.3,0.1,-0.3,5.2,14.3,24.3,15.3,33.3,17.6,70.9,6.1,2.5,0.5,1.8,1.1,2.3,1.9,3.4,-2.2,-0.8,-0.2,19.4,35.6
08020621,Mohriner Allee Nord,"2,353  ",2.4,1.4,0.5,2.3,6.5,29.6,16.3,0.7,12.3,-0.4,3.0,1.4,9.4,0.2,-0.3,4.6,17.4,16.1,5.7,18.2,1.5,46.3,1.5,0.3,0.4,0.8,1.1,0.4,0.4,1.4,-0.4,0.3,-0.3,3.1,3.0
08020622,Parchimer Allee,"13,864  ",8.8,7.7,2.7,14.8,38.1,34.5,21.7,0.7,3.3,-0.6,-0.1,-2.1,15.1,0.4,-0.2,4.0,13.4,24.4,9.0,19.7,5.7,33.8,3.1,0.6,0.6,1.2,0.8,1.6,1.4,2.5,-0.8,0.6,-0.4,14.6,34.1
08020623,Ortolanweg,"1,215  ",7.5,4.8,2.1,14.5,42.1,39.4,19.8,-0.4,0.0,-0.4,14.2,0.5,12.5,-1.6,0.8,2.8,14.4,21.7,8.9,21.5,9.1,35.3,1.6,1.8,0.5,0.5,1.6,1.5,1.0,3.0,-0.8,-3.5,-1.0,11.7,47.2
08020624,Britzer Garten,997  ,10.9,7.2,3.1,15.5,35.6,33.3,17.3,2.8,2.1,-1.0,-2.9,4.1,4.2,2.7,0.4,3.6,13.2,21.7,9.2,20.1,9.1,25.0,4.5,0.0,0.7,0.7,0.9,1.5,1.2,2.4,0.6,2.2,-0.7,17.6,32.6
08020625,Handwerker-Siedlung,"3,100  ",6.1,3.8,1.9,8.9,14.5,35.2,18.7,1.1,8.8,-0.6,-4.2,-1.8,11.4,0.5,0.7,3.8,14.7,25.0,9.7,20.0,4.8,45.4,1.9,0.4,0.4,1.1,2.6,1.6,1.3,4.3,-0.8,0.4,-0.7,10.2,18.6
08020726,Buckow West,"8,144  ",5.6,4.1,1.9,9.2,23.2,32.7,19.6,-0.1,2.1,-0.7,-2.8,-2.0,18.9,0.0,-0.3,3.6,14.0,24.4,7.6,18.8,4.0,37.5,2.4,0.3,0.4,1.1,1.1,1.3,1.0,2.4,-1.5,-0.6,-0.7,8.9,24.5
08020727,Buckow Mitte,"11,230  ",6.5,3.5,2.2,11.0,30.9,37.9,18.9,0.1,6.2,-0.1,0.5,0.9,14.5,-0.2,-0.5,3.5,15.9,26.7,6.3,18.7,5.7,43.9,2.0,0.4,0.4,1.1,0.7,1.0,0.9,1.8,-1.0,-1.4,-0.5,10.1,27.7
08020728,Buckow Ost,"7,603  ",7.1,5.0,2.4,14.8,38.8,41.6,26.1,0.4,-0.3,-0.8,-0.9,-1.1,17.9,-0.7,-0.2,4.0,15.7,23.5,11.3,26.2,8.1,45.0,2.9,0.8,0.9,1.8,1.9,1.5,1.2,3.4,-2.0,-0.4,-0.6,13.1,24.2
08030829,Gropiusstadt Nord,"12,088  ",11.5,7.5,4.1,24.0,65.2,69.4,17.7,0.8,6.2,-0.6,1.0,-2.7,11.9,-0.2,-0.2,5.7,16.4,29.2,15.6,39.6,15.1,72.0,6.0,1.7,1.2,1.6,1.1,2.3,2.2,3.4,-1.2,-0.4,-0.6,17.4,45.2
08030830,Gropiusstadt Süd,"7,119  ",8.9,5.8,2.8,16.2,56.2,65.6,17.0,0.1,-0.7,-0.1,3.5,5.4,15.8,-0.5,-0.3,4.0,10.3,35.4,11.5,29.2,11.6,70.5,5.0,0.8,0.4,1.1,0.8,2.4,1.9,3.2,-0.7,-2.6,-0.4,13.5,37.8
08030831,Gropiusstadt Ost,"16,774  ",11.9,6.9,4.1,24.3,58.5,66.7,18.4,0.8,3.8,-0.2,-0.4,-2.6,13.8,0.1,-0.1,5.5,17.5,24.1,16.7,42.6,14.5,72.6,7.7,0.8,0.9,2.3,0.7,3.0,2.7,3.7,-1.7,-1.3,-1.0,19.5,41.1
08040932,Goldhähnchenweg,"2,692  ",8.0,5.0,3.3,14.2,42.1,49.9,19.9,1.1,5.2,-0.1,2.3,-0.3,14.9,0.8,0.1,4.7,14.6,30.6,6.8,21.9,6.6,64.6,3.0,0.6,0.2,0.4,0.9,1.2,0.9,2.1,-0.1,1.8,-0.2,11.5,40.1
08040933,Vogelviertel Süd,"3,859  ",6.3,4.4,2.2,7.7,22.5,46.8,19.3,2.5,-1.5,-0.5,-0.9,0.1,14.8,2.1,-0.5,2.4,11.4,30.2,9.0,21.8,9.8,42.4,3.4,0.4,0.2,2.0,0.9,1.0,0.8,1.8,-0.9,-0.6,-0.3,8.3,20.7
08040934,Vogelviertel Nord,"2,634  ",5.8,2.5,2.1,10.5,24.8,39.5,19.2,0.4,2.9,0.3,-3.5,-5.0,13.5,-0.6,-0.4,3.7,16.7,17.0,9.5,23.3,9.3,46.9,3.1,0.3,0.3,1.4,1.6,1.6,1.4,3.2,-1.1,-1.1,-0.3,10.2,21.7
08041035,Blumenviertel,"7,664  ",3.5,1.8,1.3,3.5,7.9,33.8,13.2,0.0,3.4,-0.7,-1.6,-0.8,9.5,-0.3,-0.1,3.7,15.2,23.3,7.3,18.6,4.5,34.2,1.5,0.3,0.2,2.0,1.0,1.4,1.0,2.4,-0.7,-0.6,-0.3,4.1,13.1
08041036,Zittauer Straße,"7,026  ",4.2,3.2,1.4,4.5,10.5,25.9,13.2,0.4,4.9,-0.5,-2.4,-1.8,9.5,0.2,-0.2,3.7,16.5,21.8,5.7,15.9,4.9,26.6,0.9,0.1,0.0,1.9,1.1,1.1,0.9,2.2,-0.4,0.4,-0.1,5.7,9.1
08041037,Alt-Rudow,"9,730  ",5.2,3.6,1.8,8.7,26.5,30.0,18.3,0.7,1.4,-0.6,-0.9,1.8,20.5,-0.1,-0.2,3.7,14.4,25.2,6.5,15.7,4.6,32.6,0.9,0.2,0.4,1.0,1.4,1.7,1.3,3.1,-1.0,0.2,-0.5,8.7,13.4
08041038,Waßmannsdorfer Chaussee,"6,422  ",3.9,3.3,1.0,4.6,11.4,26.9,12.9,-0.4,3.1,-0.2,-0.6,0.4,8.9,-0.3,-0.2,3.5,15.3,25.2,5.3,15.3,3.7,28.6,1.6,0.2,0.0,0.8,0.8,0.9,0.5,1.7,-0.2,0.1,-0.4,5.1,12.6
08041039,Frauenviertel,"3,347  ",7.2,5.4,2.4,15.7,35.7,42.1,30.8,4.7,4.5,-1.4,-3.5,-1.7,16.5,4.0,0.4,7.4,23.4,15.0,8.9,26.9,6.0,44.1,3.5,0.5,0.2,1.2,1.3,1.6,1.4,3.0,-2.0,-0.9,-1.0,12.2,26.9
08041040,Waltersdorfer Chaussee Ost,"8,021  ",5.6,2.7,1.9,12.4,31.9,32.4,18.1,-0.6,2.1,-1.8,-2.6,-5.4,12.4,-0.5,-0.4,4.7,19.9,18.7,6.4,19.4,4.6,36.9,2.2,0.3,0.4,0.4,0.8,1.3,1.2,2.1,-1.3,-1.2,-0.6,9.9,27.5
09010101,Elsenstr.,"10,267  ",11.8,4.5,5.6,15.4,41.0,42.6,32.6,0.0,-0.9,-1.0,3.6,-3.2,15.4,0.6,-0.3,6.7,14.9,12.8,11.1,21.3,10.5,39.0,2.4,0.9,0.5,1.0,2.2,1.4,0.9,3.5,-1.6,0.3,1.1,16.6,33.7
09010102,Am Treptower Park Nord,46  ,13.5,0.0,8.1,8.7,50.0,33.3,48.9,4.4,0.0,-5.4,0.0,5.6,33.3,-2.2,0.0,0.0,19.6,6.5,13.0,19.6,0.0,0.0,0.0,0.0,0.0,0.0,0.0,6.5,6.5,6.5,-3.2,0.0,-5.8,12.5,0.0
09010201,Am Treptower Park Süd,"4,047  ",6.3,2.8,2.3,7.0,16.9,21.2,26.6,0.5,0.4,-0.8,1.3,-0.5,20.1,0.4,-0.8,7.7,14.9,22.9,4.3,12.8,3.5,25.6,0.4,0.3,0.9,0.2,0.9,0.6,0.2,1.5,-1.0,-0.4,0.0,8.3,15.6
09010202,Köpenicker Landstraße,"6,574  ",10.6,3.7,4.7,9.4,37.2,13.6,21.4,0.0,-7.4,-1.5,3.6,-1.5,16.8,0.0,-0.3,2.9,6.8,35.0,2.2,9.6,2.2,15.7,0.2,0.1,0.3,0.2,0.2,0.6,0.4,0.8,-2.2,-1.6,0.4,13.0,28.1
09010301,Baumschulenstraße,"13,816  ",10.1,4.4,3.9,9.6,37.0,21.3,26.5,1.4,-2.6,-0.6,-2.0,-0.6,21.6,1.4,-0.1,4.1,9.4,32.5,3.4,11.1,5.9,21.6,0.3,0.1,0.3,0.5,0.4,0.8,0.5,1.2,-0.7,1.1,0.4,12.1,27.1
09010302,Späthsfelde,"2,924  ",4.1,2.7,1.4,3.1,5.0,24.9,14.9,0.9,6.5,-0.7,1.4,-1.1,5.7,0.5,-0.3,4.7,19.1,17.5,5.7,15.8,5.0,27.2,3.0,0.0,0.1,1.6,0.1,0.4,0.2,0.5,-0.6,0.9,0.0,4.7,12.5
09010401,Johannisthal West,"7,682  ",7.7,3.6,2.6,6.5,24.9,8.6,16.9,-0.1,-1.8,0.0,7.3,-3.1,21.1,0.1,-0.2,2.7,8.4,38.9,1.0,8.2,0.5,10.4,0.0,0.0,0.2,0.0,0.2,0.3,0.2,0.5,-0.3,0.4,-0.3,8.7,21.3
09010402,Johannisthal Ost,"9,949  ",7.2,3.7,2.6,7.6,17.5,16.9,26.7,2.5,7.5,-0.6,0.7,-3.7,12.3,2.2,-0.3,6.1,15.4,18.3,2.8,9.8,3.1,14.9,0.4,0.1,0.4,0.2,0.6,0.6,0.5,1.2,-0.5,0.3,0.1,10.2,13.0
09020501,Oberschöneweide West,"4,867  ",18.4,5.6,8.5,20.9,56.8,18.0,42.9,2.5,0.0,-0.8,8.2,-1.9,28.5,3.9,0.2,5.9,14.7,12.0,6.3,11.6,6.6,18.9,0.5,0.2,0.9,0.9,0.3,1.8,1.3,2.2,-1.8,-0.4,1.0,27.3,32.0
09020502,Oberschöneweide Ost,"12,373  ",12.8,5.9,5.1,15.7,42.5,20.6,37.6,2.4,-0.7,-1.0,6.0,-2.6,28.6,3.0,-0.2,6.0,13.8,19.4,4.9,11.1,7.7,14.6,0.3,0.1,0.7,1.1,0.4,1.2,0.9,1.6,-1.7,1.4,0.2,18.5,32.9
09020601,Schnellerstr,"6,529  ",12.3,4.3,5.0,13.5,44.4,22.4,44.0,0.1,-5.8,-0.5,-2.4,-4.5,25.1,0.4,-0.1,5.7,12.2,21.1,9.0,15.7,4.4,21.1,0.4,1.0,0.7,0.8,0.5,1.5,0.7,2.0,-1.5,0.2,0.1,17.0,17.7
09020602,Oberspree,"3,477  ",6.3,5.6,2.2,5.1,20.0,7.3,15.8,0.0,4.3,0.2,-13.2,-3.3,14.7,0.0,-0.4,3.7,10.7,32.0,1.1,6.8,0.0,4.7,0.0,0.1,0.3,0.2,0.2,0.1,0.1,0.3,0.5,4.7,0.0,6.7,18.9
09020701,Adlershof West,244  ,8.1,0.0,6.5,16.0,0.0,30.0,63.7,-8.1,11.1,-22.2,0.0,0.0,11.1,1.1,-0.4,1.6,4.1,20.1,23.4,24.6,30.0,0.0,0.0,0.0,2.9,1.2,2.5,2.5,1.2,4.9,-3.6,0.0,1.1,28.9,0.0
09020702,Adlershof Ost,"14,879  ",9.3,5.5,3.6,8.5,25.4,11.0,26.4,0.4,-2.9,-1.2,-0.5,-3.2,21.9,0.5,-0.2,4.7,11.3,24.2,2.9,7.9,3.8,12.2,0.1,0.1,0.7,0.1,0.3,0.8,0.5,1.1,-1.0,0.9,0.3,12.0,14.5
09020801,Spindlersfeld,"2,728  ",9.1,1.6,3.2,9.1,22.7,7.0,28.2,-0.5,-3.8,0.0,-6.6,-5.0,20.6,-0.4,0.0,4.9,11.0,22.4,1.5,6.0,2.0,6.8,0.0,0.0,0.4,0.0,0.2,0.2,0.2,0.4,0.2,0.0,-0.2,12.7,24.4
09020802,Kölln. Vorstadt,"6,735  ",11.8,7.2,5.0,17.8,54.4,11.3,32.5,1.3,6.3,-1.0,-0.6,0.7,22.8,1.9,0.0,6.4,14.7,20.8,3.8,9.0,2.4,10.3,0.1,0.0,0.6,0.2,0.3,1.6,1.3,1.9,-2.4,0.6,0.3,18.9,16.4
09030901,Dorf Altglienicke,"11,488  ",4.0,1.8,1.4,3.6,10.0,11.2,15.7,-0.1,3.2,-0.6,-0.8,-0.4,12.2,-0.2,-0.3,4.5,15.7,17.8,2.7,7.9,1.9,11.1,0.3,0.1,0.2,0.4,0.5,0.8,0.6,1.3,-0.6,-0.2,-0.1,5.0,5.9
09030902,Wohngebiet II,"5,795  ",15.6,6.6,6.4,21.6,56.5,14.5,29.8,0.8,3.5,0.1,-0.4,1.8,17.6,1.2,-0.2,6.0,19.4,14.2,3.6,10.1,2.7,15.7,0.4,0.1,1.0,0.4,0.1,1.1,0.6,1.2,-0.3,2.5,0.2,23.4,35.1
09030903,Kölner Viertel,"7,899  ",8.0,3.9,3.1,12.6,28.2,17.7,22.2,1.4,4.9,-0.8,-5.2,-2.6,11.0,1.3,0.1,7.1,21.4,12.5,2.5,13.3,1.8,17.6,0.4,0.2,0.7,0.2,0.2,0.4,0.2,0.6,-0.9,1.4,0.0,12.5,35.9
09031001,Bohnsdorf,"11,724  ",4.8,3.5,1.8,4.4,11.7,9.8,16.1,-0.4,0.4,-0.6,5.2,-4.3,12.9,-0.4,-0.1,4.1,13.9,21.2,1.8,6.7,0.9,13.0,0.2,0.1,0.3,0.1,0.3,0.5,0.2,0.8,-0.6,1.0,0.1,6.2,14.4
09031101,Grünau,"5,493  ",5.3,2.9,1.9,4.5,13.0,9.1,20.0,0.6,2.0,0.0,5.2,0.2,14.7,0.6,-0.4,4.4,11.4,30.5,2.4,7.2,1.4,13.2,0.2,0.0,0.4,0.0,0.5,0.9,0.4,1.4,-0.5,-1.4,0.2,6.2,11.4
09031201,Karolinenhof,"1,761  ",2.8,2.0,0.7,1.3,2.3,12.0,15.1,-0.2,-11.4,-0.6,0.0,-1.3,21.5,0.1,-0.7,3.6,11.8,24.5,1.2,8.3,0.0,25.4,0.0,0.0,0.3,0.0,0.2,0.7,0.5,0.9,-0.8,2.0,-0.2,2.9,0.0
09031202,Schmöckwitz/Rauchfangswerder,"2,334  ",3.8,1.8,1.0,2.4,4.4,8.3,15.6,-1.5,1.3,-0.1,0.0,-2.0,16.5,-0.8,0.0,3.6,13.9,22.2,3.1,6.9,1.8,7.1,0.0,0.1,0.6,0.1,0.4,1.2,0.4,1.5,0.0,1.8,-0.4,4.3,0.0
09041301,Kietzer Feld / Nachtheide,"13,844  ",8.1,4.4,3.3,7.0,24.6,7.6,17.7,0.8,0.5,-0.4,10.4,-0.2,16.8,0.7,-0.3,3.1,9.9,32.3,0.9,5.5,0.9,9.2,0.0,0.0,0.1,0.0,0.2,0.3,0.2,0.5,-0.5,0.7,0.4,9.7,25.4
09041302,Wendenschloß,"1,795  ",3.1,2.8,0.7,1.6,2.7,10.3,26.0,0.4,5.7,0.1,0.0,-1.2,15.2,1.6,-0.3,5.8,14.5,23.8,1.0,5.8,0.0,8.7,0.0,0.0,0.3,0.0,0.3,0.2,0.2,0.5,-0.3,2.8,-0.3,3.2,0.0
09041401,Allende I,"4,723  ",6.8,4.7,2.7,8.4,29.7,13.1,16.7,2.1,4.9,-0.7,0.7,-9.9,16.8,1.9,0.1,3.2,10.1,39.7,1.9,8.5,3.8,16.8,0.0,0.0,0.4,0.1,0.2,0.6,0.2,0.8,-0.3,1.7,0.3,8.8,30.3
09041402,Allende II,"1,603  ",6.8,0.0,2.8,9.9,42.6,13.0,21.0,0.5,6.1,-1.9,1.2,9.8,13.4,0.4,-0.3,5.4,12.9,24.8,0.9,12.9,0.0,11.5,0.0,0.0,0.6,0.0,0.2,0.0,0.0,0.2,-1.8,-5.8,-0.2,9.4,46.7
09041501,Altstadt-Kietz,"6,586  ",12.0,5.3,5.3,16.9,49.5,14.8,34.3,-0.3,-1.2,-1.9,-1.4,-4.4,21.1,0.2,-0.9,6.6,16.2,14.2,4.5,10.6,3.1,15.0,0.2,0.3,0.8,0.4,0.4,1.7,1.3,2.0,-1.9,0.4,0.8,18.4,21.1
09041601,Müggelheim,"6,350  ",4.4,1.6,1.9,2.9,5.4,8.2,13.4,0.7,7.7,-0.4,-4.6,-2.0,8.2,0.6,-0.6,3.6,12.8,20.8,1.3,5.6,0.4,10.1,0.0,0.0,0.3,0.0,0.2,0.4,0.2,0.6,-0.6,0.7,0.1,5.4,3.5
09051701,Hirschgarten,"3,519  ",4.9,2.4,1.9,4.4,12.1,7.1,14.0,0.5,5.6,-0.9,2.2,-5.0,15.0,0.8,-0.1,3.4,10.0,39.0,1.0,5.9,0.0,10.0,0.0,0.0,0.1,0.2,0.4,0.2,0.1,0.6,-0.8,2.4,-0.3,5.9,13.9
09051702,Bölschestraße,"13,780  ",5.6,1.9,1.9,4.8,11.8,10.1,21.0,1.4,3.3,-0.4,0.1,-0.9,15.0,1.7,-0.3,5.0,12.7,31.7,1.9,7.1,1.3,13.7,0.1,0.0,0.3,0.1,0.5,0.5,0.3,0.9,-0.4,-0.2,0.2,6.5,10.9
09051801,Rahnsdorf/Hessenwinkel,"8,917  ",3.7,1.9,1.0,2.7,6.1,9.2,15.3,1.4,7.8,-0.2,-2.6,0.1,10.7,1.5,-0.1,4.6,13.8,24.8,1.8,6.9,1.5,13.0,0.1,0.1,0.2,0.1,0.3,0.7,0.4,1.0,-0.2,0.0,0.0,4.2,8.8
09051901,Dammvorstadt,"8,930  ",8.6,4.2,3.4,9.8,28.7,10.4,31.1,1.3,-3.4,-0.6,-0.6,-3.0,24.3,1.3,0.1,5.1,11.6,24.4,2.2,7.0,2.4,6.4,0.1,0.0,0.6,0.2,0.2,0.5,0.3,0.7,-1.2,-0.1,-0.1,12.1,25.3
09052001,Köpenick-Nord,"12,400  ",6.7,3.7,2.5,5.5,14.3,9.1,17.4,1.2,8.4,-0.4,1.5,-1.8,9.9,1.1,-0.1,3.7,10.8,32.9,1.2,6.4,1.2,8.2,0.1,0.0,0.2,0.1,0.1,0.4,0.2,0.5,-0.9,1.3,0.0,8.0,15.1
10010101,Marzahn-West,"5,469  ",18.8,11.6,8.7,24.6,69.2,37.8,37.1,2.7,1.1,-1.1,-0.8,5.5,25.1,2.4,-0.6,7.4,16.7,9.6,7.7,21.2,11.0,40.3,0.2,0.0,2.5,0.6,0.0,1.8,1.7,1.8,-2.1,0.3,-1.5,27.6,47.3
10010102,Havemannstr.,"17,031  ",18.3,12.7,8.0,26.4,68.2,30.0,28.0,-1.0,0.0,-1.1,-0.4,-1.3,20.9,-1.0,-0.4,7.1,18.0,10.6,6.2,19.7,5.3,32.8,0.2,0.1,2.2,0.2,0.2,0.8,0.5,1.0,-1.7,1.3,-1.8,28.3,48.2
10010203,Gewerbegebiet Bitterfelder Str.,271  ,48.0,40.6,20.3,22.5,37.5,64.0,342.2,31.8,,-9.9,10.4,,,1.0,-1.0,3.7,9.2,3.3,24.7,31.7,36.0,70.0,3.3,4.8,6.6,0.0,0.0,0.0,0.0,0.0,-21.3,-23.8,-15.7,81.4,10.4
10010204,Wuhletalstr.,"9,974  ",17.7,9.9,7.8,22.2,64.3,27.0,27.6,0.4,1.2,-0.5,2.2,-1.0,19.6,0.4,-0.5,6.4,16.4,12.2,4.5,17.4,6.4,27.0,0.3,0.1,1.3,0.9,0.0,0.6,0.4,0.6,-1.0,-1.4,-1.6,25.6,41.2
10010205,Marzahn-Ost,"7,502  ",16.1,11.6,6.8,19.1,59.9,13.6,27.0,-3.1,-3.2,-0.3,-1.1,0.1,21.0,-3.1,-0.9,5.2,13.6,10.6,3.3,9.3,2.2,11.5,0.2,0.0,0.9,0.4,0.1,1.0,0.6,1.1,-0.5,1.1,-0.9,24.6,29.9
10010206,Ringkolonnaden,"15,461  ",15.0,9.5,6.7,16.2,56.8,25.0,24.5,-0.7,-6.9,-1.0,-3.1,-3.3,22.9,-0.7,-0.3,4.6,11.4,18.8,3.4,13.4,5.0,25.2,0.1,0.1,1.2,0.2,0.1,0.5,0.3,0.6,-1.2,-0.7,-0.9,20.7,39.9
10010207,Marzahner Promenade,"10,442  ",14.0,11.7,6.1,17.8,61.3,28.6,25.2,0.4,10.1,-0.7,4.5,2.6,20.9,0.0,-0.2,5.3,13.0,17.2,5.0,15.5,6.4,31.0,0.4,0.1,1.4,0.3,0.4,0.3,0.2,0.7,-1.1,0.5,-0.9,19.6,46.6
10010308,Marzahner Chaussee,"1,658  ",5.7,4.4,2.3,3.2,10.2,15.4,19.3,2.0,-2.2,0.4,-0.5,-1.9,17.4,1.4,0.0,2.3,8.6,23.2,6.9,12.9,4.2,7.9,0.0,0.0,0.5,0.4,0.5,3.1,2.4,3.6,0.0,0.1,-0.4,6.7,4.3
10010309,Springpfuhl,"14,276  ",12.8,8.6,5.3,15.7,53.6,36.1,20.7,0.5,1.2,-1.5,1.6,-3.4,17.3,0.3,-0.2,4.8,12.1,23.2,5.8,17.8,12.6,35.7,0.2,0.5,2.2,0.7,0.1,0.7,0.3,0.8,-1.2,-0.3,-1.2,17.7,35.8
10010310,Alt-Marzahn,"17,031  ",11.1,7.6,4.7,12.7,44.2,25.9,19.8,-0.3,4.2,-0.2,4.4,0.6,13.7,-0.5,-0.4,4.4,11.7,18.6,3.7,13.4,5.8,24.7,0.1,0.1,1.2,0.1,0.1,0.4,0.2,0.6,-0.7,-0.2,-0.8,15.4,37.4
10010311,Landsberger Tor,"3,032  ",7.4,5.6,3.5,10.8,35.8,29.5,23.5,0.6,-1.5,-2.0,-0.8,-6.3,9.2,0.7,-0.4,6.0,15.1,22.8,4.0,15.9,4.8,23.6,0.0,0.2,1.5,0.0,0.0,0.0,0.0,0.0,-2.0,-0.4,-0.4,10.1,32.0
10020412,Alte Hellersdorfer Straße,"5,424  ",20.8,12.8,9.2,30.6,70.2,21.3,39.2,-0.5,-3.1,-1.0,1.9,-3.0,33.4,-0.7,-0.5,8.2,21.3,10.5,4.3,14.7,3.5,21.3,0.3,0.1,1.4,0.2,0.2,0.3,0.2,0.4,-0.7,1.6,-1.8,32.4,46.6
10020413,Gut Hellersdorf,"14,361  ",15.5,9.2,6.3,18.8,59.3,10.7,28.9,-2.0,-6.4,-1.0,7.6,1.2,25.8,-1.6,-0.2,5.1,13.2,13.3,1.9,8.4,1.4,11.3,0.2,0.1,0.5,0.2,0.2,0.3,0.2,0.4,-1.1,0.8,-1.3,24.0,37.7
10020414,Helle Mitte,"1,747  ",20.4,7.2,8.8,35.4,80.7,63.1,26.2,-3.3,-0.7,-0.8,4.8,9.3,13.8,-2.9,-1.2,8.4,21.2,12.9,9.0,48.5,6.7,61.9,0.0,0.0,6.2,0.9,0.0,0.9,0.5,0.9,-3.4,-2.8,-2.2,32.0,63.7
10020415,Hellersdorfer Promenade,"4,848  ",18.4,9.0,8.5,25.2,70.3,12.0,31.8,-2.8,-1.6,-1.7,4.8,-2.0,26.1,-2.7,-0.5,6.5,17.7,11.1,3.2,8.7,1.0,16.4,0.1,0.2,1.2,0.1,0.0,0.7,0.4,0.7,-3.0,-0.8,-1.6,28.3,32.7
10020416,Böhlener Str.,"4,072  ",19.0,12.0,7.9,26.2,72.0,13.6,43.8,-0.4,-8.0,-0.7,-0.6,0.4,34.9,-0.6,-0.3,6.7,17.6,8.9,4.2,9.9,3.9,13.1,0.1,0.3,1.2,0.2,0.5,0.6,0.3,1.1,-1.3,2.2,-1.1,30.4,34.7
10020517,Adele-Sandrock-Str.,"8,959  ",10.3,6.3,4.2,11.5,37.3,10.8,22.7,-1.9,4.7,-0.3,5.6,0.8,19.2,-1.5,-0.6,3.7,11.6,14.5,1.4,6.3,1.2,11.6,0.1,0.1,0.3,0.0,0.1,0.3,0.2,0.5,-0.2,2.1,-0.6,15.8,28.8
10020518,Schleipfuhl,"4,712  ",16.3,9.4,6.6,21.5,55.0,11.2,32.2,-7.1,-6.3,-1.2,3.5,-5.0,25.9,-6.7,-0.9,7.9,20.1,10.1,2.3,8.3,1.6,13.4,0.1,0.1,0.4,0.1,0.3,0.5,0.3,0.8,-0.6,0.5,-1.0,24.2,33.3
10020519,Boulevard Kastanienallee,"4,367  ",21.6,13.5,9.4,29.8,77.1,9.0,40.6,-2.8,-2.1,1.1,-3.9,0.6,32.6,-2.7,-0.7,9.0,20.0,10.2,2.8,8.4,2.1,10.2,0.2,0.2,0.8,0.1,0.1,0.6,0.4,0.6,-0.1,2.3,-0.7,32.2,43.1
10020620,Kaulsdorf-Nord II,"3,032  ",13.4,7.8,6.5,14.2,45.0,17.8,28.3,-0.6,-17.7,-2.7,10.7,-8.5,32.3,-0.4,-0.2,3.9,9.8,11.3,3.1,11.0,2.0,16.1,0.1,0.0,1.0,0.0,0.2,0.7,0.6,0.9,-1.4,-0.4,-0.5,21.0,36.6
10020621,Gelbes Viertel,"5,543  ",17.0,10.4,6.9,20.3,60.0,14.5,37.1,-3.8,-6.9,-1.3,-8.0,0.7,30.4,-3.7,-0.5,6.2,16.1,8.4,2.5,9.1,1.8,11.1,0.1,0.1,0.8,0.1,0.1,0.6,0.3,0.6,-0.1,2.5,-1.1,25.3,32.1
10020622,Kaulsdorf-Nord I,"8,402  ",11.5,9.5,4.1,13.2,47.8,18.5,24.2,0.9,5.1,-0.6,1.9,-1.6,17.2,1.0,-0.5,4.5,11.7,19.6,3.4,11.3,5.7,16.5,0.1,0.1,1.1,0.7,0.2,0.7,0.2,0.9,-0.4,2.2,-1.4,16.0,30.1
10020623,Rotes Viertel,"6,363  ",10.1,5.1,4.2,11.0,41.1,14.7,21.7,-3.5,-2.7,-0.8,-7.2,-0.5,17.0,-3.4,-1.0,3.6,10.6,19.7,1.7,8.1,0.0,22.0,0.2,0.0,0.4,0.0,0.1,0.3,0.2,0.4,-1.2,-1.3,-1.1,14.7,24.3
10030724,Oberfeldstr.,"8,262  ",2.6,1.2,0.8,1.7,4.4,15.9,21.2,1.0,2.7,-0.5,-0.1,-1.1,13.4,-0.1,-0.1,3.1,9.0,19.6,11.8,17.7,3.5,18.1,0.2,0.2,1.0,0.3,5.7,1.7,0.8,7.4,-0.4,-0.5,-0.3,3.6,0.5
10030725,Buckower Ring,"5,735  ",11.9,10.4,5.6,11.3,33.0,22.7,27.5,1.1,-4.4,-1.7,-5.9,-8.2,24.0,0.6,-0.1,3.2,10.2,20.4,5.0,13.1,7.7,17.1,0.2,0.6,0.8,0.2,0.2,0.5,0.3,0.7,-2.2,-0.2,-0.6,17.1,15.5
10030726,Alt-Biesdorf,"2,593  ",4.4,3.9,1.2,2.4,6.5,12.9,16.4,3.1,7.9,0.1,17.2,-2.6,4.5,2.8,-0.3,3.7,11.3,24.9,2.2,8.1,1.0,20.0,0.0,0.0,0.5,0.2,0.3,0.7,0.3,1.0,0.4,2.5,-0.5,4.4,17.2
10030727,Biesdorf-Süd,"8,314  ",3.2,1.6,1.0,1.8,3.9,13.1,14.8,2.0,16.2,0.1,0.7,-1.1,7.7,2.0,-0.2,3.7,13.2,17.2,1.9,7.1,0.8,15.8,0.1,0.0,0.3,0.0,0.4,0.4,0.3,0.8,0.0,-0.5,-0.2,3.6,6.8
10040828,Kaulsdorf-Nord,"7,732  ",5.9,4.6,2.3,5.8,20.3,7.3,17.8,-0.4,14.1,-0.5,3.9,4.3,9.5,-0.3,-0.3,4.2,13.9,14.4,1.1,5.3,0.8,8.6,0.1,0.0,0.4,0.0,0.0,0.3,0.2,0.3,-0.9,-0.8,-0.3,7.8,11.6
10040829,Alt-Kaulsdorf,"3,575  ",4.8,2.9,2.2,3.9,7.2,11.8,21.4,0.0,-2.7,-1.2,-5.5,-2.7,20.4,0.4,0.0,3.9,13.8,18.6,2.1,6.7,1.8,13.8,0.1,0.1,0.2,0.3,0.4,0.8,0.2,1.2,-1.2,0.5,-0.3,6.3,13.2
10040830,Kaulsdorf-Süd,"7,456  ",3.0,2.1,1.0,2.1,4.8,6.8,13.7,-0.2,4.3,-0.8,3.3,-1.2,6.7,0.1,-0.1,3.6,12.8,18.1,1.3,6.1,0.6,6.8,0.0,0.0,0.4,0.2,0.1,0.3,0.2,0.4,-0.8,-0.8,-0.6,3.6,10.4
10040931,Mahlsdorf-Nord,"8,833  ",3.6,2.0,1.3,2.4,5.9,10.2,14.3,-0.2,9.0,-0.3,0.0,0.8,8.2,-0.1,-0.2,3.5,12.7,16.5,1.6,5.8,1.2,11.3,0.1,0.1,0.2,0.1,0.4,0.3,0.2,0.7,-0.6,-0.1,-0.5,4.4,9.4
10040932,Alt-Mahlsdorf,"3,850  ",3.9,1.7,1.3,3.2,7.8,7.6,19.4,-0.2,-9.4,-0.2,0.0,-2.4,17.4,-0.1,-0.6,3.4,12.6,18.4,1.3,6.1,1.2,6.8,0.0,0.0,0.1,0.1,0.2,0.4,0.3,0.6,-0.6,-1.0,-0.5,5.2,0.0
10040933,Mahlsdorf-Süd,"14,310  ",3.8,2.0,1.1,1.8,4.0,6.4,14.6,-0.3,5.2,-0.4,1.1,-1.4,9.4,-0.1,-0.3,3.6,13.1,18.1,1.0,5.7,0.3,7.9,0.0,0.0,0.3,0.0,0.1,0.5,0.2,0.6,-0.1,0.0,-0.6,4.0,10.7
11010101,Dorf Malchow,478  ,5.2,8.3,2.2,10.0,11.4,7.6,33.0,4.0,27.8,-5.6,0.0,3.3,5.6,3.2,-0.4,4.4,16.5,17.4,2.5,7.1,3.8,0.0,0.0,0.0,1.3,0.0,0.0,0.6,0.6,0.6,-1.6,8.3,-0.5,12.0,0.0
11010102,Dorf Wartenberg,"2,422  ",3.4,1.3,1.3,2.1,7.3,3.1,14.5,-0.7,12.9,-1.4,0.0,0.9,7.1,-0.7,-0.2,3.8,12.0,14.3,1.1,4.2,1.0,6.5,0.0,0.0,0.1,0.1,0.7,0.1,0.0,0.9,-1.5,-1.3,-0.6,4.0,0.0
11010103,Dorf Falkenberg,"1,172  ",4.6,1.6,2.2,3.1,7.8,1.8,14.1,2.3,0.0,-0.8,0.0,0.8,10.4,2.3,-0.5,4.4,14.2,10.5,1.0,5.8,0.0,0.0,0.0,0.0,0.0,0.0,0.0,0.8,0.5,0.8,-0.5,1.6,-0.9,5.8,0.0
11010204,Falkenberg Ost,"8,768  ",14.8,8.2,5.9,21.8,60.0,29.1,25.4,-0.4,1.9,-1.1,-1.3,0.3,19.7,-0.7,-0.3,7.0,17.2,9.4,6.6,17.9,7.2,30.8,0.2,0.1,1.5,0.5,0.3,0.6,0.2,0.9,-0.3,1.0,-0.4,23.2,40.0
11010205,Falkenberg West,"6,532  ",13.2,7.7,5.6,19.7,61.8,34.0,26.2,-1.6,-2.6,-0.2,-3.4,2.8,19.9,-2.1,-0.7,5.6,14.4,11.1,6.6,18.2,8.0,30.4,0.3,0.1,1.5,0.4,0.2,0.8,0.3,0.9,-0.9,0.5,-0.1,20.8,43.3
11010206,Wartenberg Süd,"5,989  ",12.9,8.5,5.3,17.6,55.0,24.3,23.5,-2.3,-6.8,-0.7,-3.0,-6.0,21.2,-2.4,-0.3,5.0,13.9,14.8,4.9,12.7,8.6,25.2,0.1,0.2,1.1,0.3,0.2,0.9,0.5,1.1,-0.4,2.1,-0.2,19.3,43.3
11010207,Wartenberg Nord,"6,575  ",12.6,7.5,4.7,16.3,50.9,16.2,26.9,-0.7,-3.7,-1.2,-0.1,-3.0,20.6,-0.9,-0.4,5.4,13.8,16.5,3.4,10.5,3.3,13.0,0.0,0.1,0.7,0.5,0.2,0.5,0.4,0.8,-1.0,0.5,-0.4,18.9,33.2
11010308,Zingster Straße Ost,"10,975  ",12.8,7.1,5.2,15.7,56.1,35.4,23.1,-1.3,0.9,-0.4,0.3,-0.2,14.2,-1.3,-0.2,5.0,12.4,15.4,5.8,16.1,10.4,33.5,0.2,0.2,1.2,0.8,0.3,0.4,0.2,0.7,0.1,-0.1,-0.1,18.1,40.0
11010309,Zingster Straße West,"9,525  ",14.5,8.2,6.2,18.9,52.3,30.1,28.0,1.1,6.3,-0.4,-0.4,-5.1,19.5,1.3,-0.3,6.2,16.3,12.9,8.1,16.2,13.4,27.5,0.1,0.1,1.0,3.6,0.3,0.3,0.2,0.6,0.3,-0.1,0.1,20.8,39.1
11010310,Mühlengrund,"5,089  ",9.6,7.5,3.9,11.9,48.5,17.6,21.2,-1.6,2.1,-0.9,22.1,-2.7,15.9,-1.9,-0.5,3.8,9.3,15.1,2.0,7.4,3.8,18.5,0.2,0.1,0.2,0.4,0.0,0.1,0.1,0.1,-0.7,0.5,-0.4,14.8,49.5
11020411,Malchower Weg,"7,379  ",5.0,3.7,1.5,4.9,15.5,19.1,27.4,0.3,2.1,-0.2,2.7,-1.0,28.8,-0.3,-0.3,4.3,11.7,18.9,6.2,11.7,7.8,24.6,0.2,1.0,1.1,0.7,0.2,0.4,0.2,0.7,-0.1,-0.2,-0.1,6.8,9.8
11020412,Hauptstraße,"6,026  ",9.1,4.5,3.8,12.5,38.3,25.4,25.8,1.8,1.8,-1.0,4.8,-2.3,14.5,1.6,-0.5,4.9,13.2,22.1,5.0,13.4,8.3,28.5,0.2,0.1,1.2,0.5,0.3,0.4,0.3,0.7,-0.5,0.1,-0.4,13.3,31.4
11020513,Orankesee,"3,328  ",3.5,3.4,0.8,3.0,6.3,8.9,23.7,1.3,7.3,-0.2,-2.1,-0.6,13.3,1.5,-1.2,5.5,13.6,19.4,1.8,7.6,2.0,10.4,0.0,0.0,0.3,0.0,0.3,0.5,0.1,0.7,-0.1,1.3,-0.3,4.7,5.0
11020514,Große-Leege-Straße,"7,674  ",8.4,4.2,3.5,8.5,23.0,17.2,32.0,1.4,-1.4,-0.1,1.7,-3.1,20.9,1.1,-0.3,4.8,10.2,18.5,7.3,11.7,11.0,22.9,0.3,1.9,1.2,0.1,0.3,1.0,0.5,1.3,-0.3,-1.3,-0.3,12.9,7.7
11020515,Landsberger Allee,"13,688  ",11.0,6.7,4.6,12.9,43.5,30.2,23.7,-0.4,0.8,-1.2,0.1,-0.8,20.0,-0.8,-0.6,4.5,13.4,20.6,6.6,16.2,10.7,33.9,0.1,0.2,1.6,0.5,0.4,0.6,0.2,1.0,-0.8,-0.7,-0.3,14.3,34.4
11020516,Weiße Taube,"3,712  ",5.1,4.2,1.3,4.5,13.1,15.4,24.6,-0.7,-4.2,-0.9,0.2,-4.3,20.0,-1.0,-0.9,5.1,12.8,19.7,3.0,9.2,2.5,16.3,0.0,0.1,0.4,0.1,0.2,0.8,0.4,0.9,-0.1,-0.3,-0.6,6.2,16.4
11030617,Hohenschönhausener Straße,"6,011  ",13.4,8.4,5.3,16.4,61.6,56.7,26.4,2.4,5.7,0.6,0.5,0.6,25.2,2.0,-0.5,4.9,11.7,28.1,12.3,24.9,29.0,50.0,0.8,2.0,2.9,2.3,0.6,0.9,0.6,1.5,0.6,-0.6,-0.3,15.5,37.7
11030618,Fennpfuhl West,"15,048  ",10.3,4.4,3.9,11.1,40.3,36.2,24.7,0.6,-0.5,-0.8,3.3,-5.0,19.2,0.5,-0.1,3.9,10.6,27.8,8.1,18.3,13.3,42.7,0.2,0.8,1.8,0.5,0.3,1.5,0.6,1.8,-0.3,-0.5,-0.4,12.8,27.4
11030619,Fennpfuhl Ost,"9,775  ",11.8,8.6,4.5,15.5,51.6,38.9,25.5,-1.3,2.5,-0.4,6.1,-1.4,18.5,-0.5,-0.3,4.3,11.7,27.7,8.0,20.6,13.2,38.9,0.3,0.3,1.4,0.6,0.6,0.6,0.3,1.2,-0.7,1.5,-0.4,16.4,35.2
11030720,Herzbergstraße,"2,893  ",8.1,4.8,3.2,10.2,47.8,43.0,80.3,-1.5,4.6,0.5,1.1,-3.1,49.4,5.7,0.3,4.0,9.2,7.3,44.7,51.2,22.6,43.6,0.6,1.0,4.8,2.7,6.1,20.2,13.0,26.2,1.1,0.8,0.2,20.7,5.0
11030721,Rüdigerstraße,"19,377  ",11.3,5.3,4.6,11.3,37.5,26.3,34.1,0.7,-6.2,-1.1,-0.8,-2.8,22.6,0.7,-0.2,5.0,10.9,17.7,7.1,13.9,9.4,24.2,0.2,0.3,0.9,0.7,0.9,1.7,1.0,2.5,-0.8,-1.9,-0.2,15.7,22.1
11030824,Frankfurter Allee Süd,"9,884  ",11.3,5.7,4.7,15.2,51.8,43.8,25.7,0.0,1.8,-0.3,3.0,0.6,19.3,-0.7,-0.3,4.8,13.9,21.4,14.4,28.4,15.9,46.2,0.5,0.7,2.1,3.0,0.7,2.1,0.8,2.8,0.4,1.2,-0.1,15.0,26.8
11040925,Victoriastadt,"3,113  ",9.9,6.0,4.3,11.9,25.3,17.3,41.8,0.9,-3.8,-2.4,-4.2,-8.8,20.9,0.4,-0.7,8.3,17.3,2.9,8.4,13.6,3.9,9.7,0.5,0.0,1.1,1.1,1.6,1.2,0.8,2.8,-2.0,0.7,-1.1,16.0,16.0
11040926,Weitlingstraße,"24,625  ",12.3,7.1,5.0,12.9,41.2,22.7,37.6,1.4,-3.4,-0.9,2.2,-1.9,20.8,1.5,-0.2,5.3,11.4,15.0,6.6,12.2,8.5,21.5,0.2,0.2,1.1,0.7,0.6,1.3,0.9,1.9,-0.9,-0.8,-0.5,17.5,26.8
11041022,Rosenfelder Ring,"4,752  ",15.1,10.4,6.4,12.8,55.7,36.0,23.2,-0.8,-3.2,0.6,2.9,3.6,20.8,0.0,-0.3,3.2,8.6,34.6,7.6,18.8,10.2,29.4,0.2,0.3,1.1,0.4,0.4,2.2,1.9,2.6,0.5,3.0,0.0,17.2,24.4
11041023,Gensinger Straße,"5,615  ",13.0,7.5,5.5,17.7,52.7,45.5,28.7,2.3,11.0,-0.3,-0.2,-1.9,16.2,1.7,0.0,5.7,14.7,20.1,9.5,22.1,16.3,42.5,0.3,0.3,2.3,2.0,0.1,1.0,0.6,1.1,-1.0,2.2,-0.8,17.8,38.5
11041027,Tierpark,"2,666  ",15.5,12.8,6.6,17.7,61.5,26.9,28.6,-2.0,-11.1,-0.4,3.8,1.2,27.8,-1.6,-0.9,3.8,12.3,20.0,6.0,15.6,6.4,30.7,0.3,0.1,1.5,0.4,0.2,0.6,0.5,0.8,0.5,5.3,-0.1,21.3,32.9
11041128,Sewanstraße,"24,319  ",10.0,5.5,3.9,10.9,44.0,37.6,22.6,-0.3,2.3,-0.3,4.2,-0.2,16.8,0.8,-0.1,3.9,9.9,34.6,9.1,19.2,14.8,37.5,0.4,0.7,2.0,1.0,0.7,1.4,0.6,2.1,-0.3,-0.1,-0.5,11.9,22.2
11051229,Rummelsburg,"2,528  ",6.6,3.8,2.6,5.5,10.4,18.9,34.4,9.9,2.2,-2.0,-1.0,-3.3,19.7,9.6,-0.2,8.6,15.1,15.2,5.2,12.4,2.6,19.8,0.1,0.1,0.7,0.2,0.6,1.7,1.3,2.3,-2.4,-1.3,-1.5,8.5,11.5
11051330,Karlhorst West,"7,279  ",6.3,3.1,2.2,6.5,17.3,12.9,34.2,1.3,0.5,-1.0,0.4,-1.6,19.0,1.3,-0.3,5.7,12.9,14.9,6.1,11.7,1.4,14.0,0.0,0.3,1.0,0.2,1.1,1.6,0.6,2.7,-0.6,-0.9,-0.2,9.3,7.9
11051331,Karlshorst Nord,"8,803  ",6.5,4.7,2.3,4.1,9.0,14.2,21.6,-0.1,0.6,-0.1,-1.7,-1.0,13.0,0.1,-0.2,5.6,15.0,22.1,3.6,9.3,2.6,13.0,0.1,0.0,1.4,0.8,0.4,0.3,0.2,0.8,0.5,1.1,0.1,6.7,15.8
11051332,Karlshorst Süd,"5,034  ",5.0,1.9,1.9,4.7,8.0,13.3,25.9,2.7,7.8,-0.5,-2.3,-1.9,16.4,2.3,-0.2,7.5,17.8,17.3,3.9,9.1,3.2,12.7,0.1,0.1,1.7,0.1,0.6,0.5,0.2,1.1,-0.5,-1.2,-0.1,6.7,6.2
12103115,Breitkopfbecken,"6,914  ",12.5,10.8,3.4,21.0,54.0,50.2,30.7,-1.1,-10.5,-0.2,1.2,2.3,26.2,-1.0,-0.3,4.2,12.0,22.0,15.4,30.1,12.8,50.2,5.6,1.5,0.9,2.2,1.0,2.0,1.4,3.0,-2.0,-0.2,-1.1,21.6,35.8
12103116,Hausotterplatz,"8,427  ",12.0,7.8,3.8,22.1,52.3,56.1,29.4,0.0,0.6,-0.4,0.6,-1.3,17.8,-0.2,-0.3,6.5,17.8,16.8,17.3,33.7,14.9,65.2,6.6,1.1,0.6,3.1,1.2,2.3,2.0,3.5,-1.6,-1.7,-0.9,20.1,34.0
12103117,Letteplatz,"9,039  ",13.3,9.9,4.3,22.5,60.3,62.4,29.4,0.9,-1.6,0.8,-1.6,2.4,21.8,0.3,-0.4,5.7,15.3,18.4,18.8,36.1,16.4,69.5,6.6,1.7,0.5,4.2,1.1,2.9,2.4,4.1,-1.0,-1.2,-0.3,22.0,32.1
12103218,Teichstraße,"12,096  ",11.7,8.6,3.2,18.4,48.4,55.5,30.2,1.9,5.2,0.2,0.3,-2.3,19.3,1.4,-0.3,4.8,16.0,23.2,14.3,30.3,13.8,59.7,5.3,1.1,0.5,1.8,1.1,2.4,2.0,3.5,-0.2,0.7,-0.9,17.2,34.2
12103219,Schäfersee,"7,971  ",11.0,7.9,3.0,18.1,53.2,55.1,29.2,2.0,-3.0,0.2,0.8,4.1,24.8,1.0,-0.3,4.7,13.2,25.1,13.8,28.0,12.3,58.5,4.9,1.0,0.5,1.7,1.9,2.2,1.6,4.1,-1.2,-1.2,-1.0,17.3,31.4
12103220,Humboldtstraße,"4,445  ",9.2,8.5,2.6,11.5,29.0,35.3,24.5,2.5,-2.0,-1.3,-3.0,-1.1,21.6,2.6,-0.2,3.9,11.0,26.5,8.2,18.7,3.7,42.3,2.2,0.3,0.2,2.1,1.0,1.2,1.2,2.2,-1.1,1.4,-1.3,13.9,23.0
12214125,Waldidyll/Flughafensee,"6,075  ",5.6,3.8,1.6,5.8,15.8,32.1,27.0,-0.1,7.6,-0.1,1.0,1.3,12.9,-0.3,-0.2,3.3,13.4,20.6,7.0,16.8,3.3,40.0,1.5,0.3,0.4,0.8,1.9,0.6,0.3,2.5,0.0,0.6,-0.1,7.7,12.9
12214126,Tegel-Süd,"7,517  ",12.0,9.8,3.7,21.0,51.5,50.3,21.2,1.0,7.6,-0.8,0.8,-1.8,10.1,0.8,-0.1,4.8,15.0,23.3,11.3,28.5,10.0,51.1,3.6,0.5,1.2,1.6,1.3,2.0,1.6,3.4,-1.3,1.0,-0.9,19.9,39.7
12214421,Reinickes Hof,"2,254  ",10.7,10.2,3.0,15.0,41.7,46.4,31.3,3.7,7.0,0.2,-1.6,-8.3,22.1,2.5,-0.1,5.0,12.3,22.4,10.0,20.6,12.9,41.1,1.6,0.8,0.6,1.1,2.6,1.7,1.2,4.3,-0.7,1.5,-0.8,17.1,23.9
12214422,Klixstr.,"7,176  ",13.7,6.2,3.8,28.4,68.5,71.0,30.8,0.4,1.5,0.1,0.5,2.2,17.5,-0.6,-0.1,6.4,19.7,18.6,20.7,46.3,20.8,71.2,6.8,2.4,2.6,3.1,1.6,2.7,2.4,4.3,-0.7,-2.1,-1.2,22.9,39.7
12214423,Mellerbogen,"5,425  ",10.5,7.4,3.2,14.4,47.2,55.4,21.0,0.4,-0.9,-0.8,-1.8,-1.9,17.8,0.4,-0.3,3.9,12.8,27.4,11.5,28.3,9.9,59.2,3.9,0.4,0.9,1.6,1.0,2.2,1.7,3.3,-0.9,-1.6,-0.4,14.1,28.5
12214424,Scharnweberstr.,"9,246  ",12.4,9.4,3.8,21.5,57.1,59.5,28.7,-0.1,-2.5,-0.8,-0.5,-1.4,20.9,-0.7,-0.3,5.3,14.9,18.1,18.6,34.0,16.6,63.7,5.8,1.5,0.5,3.0,1.8,2.9,2.4,4.7,-1.6,-0.5,-1.0,20.3,34.2
12214527,Alt-Tegel,"10,092  ",5.8,4.8,1.5,7.9,18.7,29.0,26.3,1.7,-3.4,-0.3,-2.5,0.5,17.6,2.0,-0.2,3.4,12.4,25.9,8.5,16.5,4.6,32.4,2.3,0.2,0.5,1.3,1.8,1.1,0.8,2.9,-0.7,-1.0,-0.6,9.0,17.5
12214528,Tegeler Forst,211  ,0.0,0.0,0.0,2.4,3.7,40.0,97.8,11.0,16.7,-0.4,0.0,-0.3,0.0,12.1,0.5,8.5,14.2,9.5,7.1,18.5,0.0,50.0,0.0,0.0,0.0,0.0,2.8,1.4,1.4,4.3,-2.8,0.0,-2.1,2.0,0.0
12224229,Konradshöhe/Tegelort,"5,957  ",3.3,1.8,1.0,2.6,6.5,21.6,17.3,-0.5,7.4,0.1,-0.8,1.3,9.8,-0.2,0.0,4.0,15.3,25.8,3.9,10.6,2.0,24.5,0.2,0.0,0.0,0.7,1.4,0.5,0.5,1.9,0.0,0.6,0.1,3.8,3.8
12224230,Heiligensee,"17,610  ",3.2,1.9,0.7,2.9,6.6,17.7,15.3,0.0,6.9,-0.3,0.2,0.3,10.7,0.0,-0.3,4.0,16.1,23.0,3.3,9.6,1.5,17.1,0.5,0.0,0.2,0.2,1.0,0.6,0.4,1.6,-0.1,-1.3,-0.4,4.0,5.6
12231101,Hermsdorf,"16,390  ",3.2,2.0,0.8,2.8,5.6,19.2,16.6,-0.8,5.0,0.0,-0.1,-0.3,10.9,-0.5,-0.5,4.2,15.8,25.6,3.9,10.2,2.3,19.8,0.2,0.2,0.2,0.3,1.5,0.7,0.5,2.1,-0.2,0.0,-0.3,3.9,6.4
12231102,Frohnau,"16,942  ",2.3,1.3,0.7,1.9,3.1,19.1,16.6,0.0,5.5,-0.3,0.9,0.0,12.0,0.0,-0.6,4.6,17.1,27.0,3.8,10.4,1.6,18.2,0.3,0.1,0.3,0.3,1.4,0.6,0.4,2.0,-0.4,0.2,-0.2,2.8,5.4
12301203,Wittenau-Süd,"12,889  ",7.7,5.1,2.3,10.5,28.9,32.1,23.0,0.3,-1.1,-0.2,-0.2,3.0,15.4,0.5,-0.3,3.2,11.2,26.3,7.7,17.0,7.4,32.4,1.9,0.7,0.4,0.9,1.1,1.4,1.0,2.5,-0.9,-2.3,-0.7,12.2,22.2
12301204,Wittenau-Nord,"5,904  ",4.2,2.0,1.2,4.5,8.6,24.8,19.7,1.5,10.6,-0.6,1.1,-1.4,13.5,1.5,-0.5,4.1,16.8,22.4,6.2,15.3,3.8,33.9,0.8,0.2,0.1,0.4,2.4,1.1,0.8,3.5,-0.2,-0.7,-0.1,5.6,12.6
12301205,Waidmannslust,"4,884  ",4.7,4.1,1.2,4.5,8.5,27.3,20.6,-0.8,1.3,-0.1,-0.9,-4.2,11.5,-0.4,-0.3,4.4,15.6,23.0,5.2,12.8,4.8,24.7,0.4,0.0,0.4,0.5,1.5,0.9,0.7,2.4,0.1,0.7,-0.5,6.3,9.1
12301206,Lübars,"4,908  ",3.7,2.6,1.2,3.5,6.4,22.3,13.9,-0.7,0.6,-0.1,-1.0,0.1,11.6,-0.6,-0.7,3.2,15.6,23.1,3.6,11.1,2.0,23.6,0.5,0.1,0.3,0.2,1.1,0.7,0.7,1.8,-0.3,0.5,0.0,5.0,8.4
12302107,Schorfheidestr.,"2,861  ",3.8,2.2,1.1,3.6,10.3,41.3,18.9,-0.1,8.0,-0.3,-2.3,-0.4,9.0,-0.2,-0.5,3.5,15.1,23.6,7.4,24.3,4.4,45.5,2.3,0.3,0.1,0.5,2.1,0.6,0.2,2.8,-1.2,-0.7,-0.4,4.9,7.1
12302108,Märkisches Zentrum,"12,774  ",11.4,7.4,3.5,24.3,61.8,48.4,28.3,-2.3,0.6,-1.0,0.1,-1.7,19.6,-2.4,-0.5,6.5,19.8,25.6,10.5,28.7,10.6,55.1,3.4,0.5,0.8,1.0,1.1,2.1,1.8,3.2,-1.1,-0.8,-0.7,18.2,41.4
12302109,Treuenbrietzener Str.,"9,991  ",15.9,11.2,4.7,35.1,77.9,60.1,33.1,-2.9,2.9,-0.1,2.5,2.7,19.1,-4.0,-0.3,8.0,23.8,19.0,17.0,39.1,18.2,62.3,4.9,2.1,1.0,1.9,1.9,2.8,2.3,4.7,-0.7,-0.1,-0.9,25.4,46.9
12302110,Dannenwalder Weg,"9,263  ",12.4,8.1,3.8,26.3,62.2,56.2,30.7,1.2,9.0,-1.0,1.4,0.3,18.4,-0.4,-0.4,7.0,23.2,19.3,13.8,35.7,14.4,58.0,4.9,1.1,0.5,1.7,1.7,2.2,1.9,3.8,-0.5,0.2,-0.2,18.6,42.5
12302211,Lübarser Straße,"3,212  ",5.6,2.4,1.8,5.9,11.8,32.7,19.6,-1.9,-8.1,-1.2,-3.7,-4.9,29.1,-1.9,-0.4,2.5,12.0,29.3,5.6,16.3,4.7,34.6,1.9,0.2,0.3,1.1,0.7,0.5,0.5,1.2,-1.3,-4.2,-0.7,8.3,7.8
12302212,Rollbergesiedlung,"5,008  ",10.4,6.3,3.0,22.4,49.0,38.9,21.0,-2.2,1.8,-0.3,2.7,-0.1,11.6,-1.5,-0.4,5.2,19.3,22.6,9.4,26.6,6.3,38.0,3.1,0.5,0.6,0.9,1.1,2.3,2.2,3.4,-0.7,-0.4,-1.1,19.4,36.4
12304313,Borsigwalde,"6,239  ",8.6,5.0,2.5,9.8,21.3,26.9,25.1,1.2,-5.4,-0.1,-0.8,-2.3,20.3,1.3,-0.5,3.4,12.4,22.3,6.1,13.1,3.5,23.4,1.5,0.0,0.3,1.1,1.1,1.2,0.8,2.4,-0.5,-1.0,-0.6,12.9,19.7
12304314,Ziekowstraße/Freie Scholle,"9,707  ",6.2,4.0,1.9,7.8,19.0,22.1,19.1,0.7,-0.3,-0.1,2.5,0.8,18.8,0.8,-0.5,3.6,12.5,28.0,4.1,10.7,2.7,23.1,1.1,0.1,0.2,0.6,0.6,0.9,0.6,1.6,-0.3,0.9,-0.5,9.2,18.8
Berlin,,"3,362,842  ",9.4,5.8,3.4,13.8,37.4,42.8,27.4,0.4,-0.4,-0.5,0.0,-1.2,18.0,0.2,-0.2,5.2,14.5,18.9,14.0,26.1,11.1,43.4,3.3,1.0,1.0,1.4,2.4,1.9,1.3,4.3,-0.8,-0.4,-0.6,14.0,26.2