Verkehrszellen,Wanderungs-volumen pro 100 EW,Wanderungs-saldo pro 100 EW,Fortzug Kinder unter 6 J. pro 100 EW unter 6 J. ,Wanderungs-saldo Ausländer pro 100 EW,Ausländer unter 18 Jahren pro 100 EW unter 18 Jahren,Arbeitslose Deutsche 31.12.02 pro 100 deut. EW 18-60 J.,Arbeitslose Ausländer 31.12.02 pro 100 ausl. EW 18-60 J.,Veränderung Arbeitslose Deutsche 31.12.00 bis 31.12.02 in Prozentpunkten,Veränderung Arbeitslose Ausländer 31.12.00 bis 31.12.02 in Prozentpunkten,Arbeitslose unter 25 Jahren am 31.12.02 pro 100 EW 18-25 J. ,Langzeit-arbeitslose über 1 Jahr am 31.12.02 pro 100 EW 18-60 J. ,Deutsche Sozialhilfe-Empfänger pro 100 deutsche EW,Ausländische Sozialhilfe-Empfänger pro 100 ausl. EW,Veränderung des Anteils der deutschen SH-Empf. an den deutschen EW in %-Punkten,Veränderung des Anteils der ausl. SH-Empf. an den ausl. EW in %-Punkten,Langzeitfälle (über 2 Jahre) unter den Sozialhilfebeziehern pro 100 EW**,Sozialhilfebezieher unter 18 Jahren pro 100 EW unter 18 Jahren ,Wanderungs-saldo mit dem Umland pro 100 EW,Wanderungs-saldo der Kinder unter 6 J. pro 100 EW unter 6 J. ,Wanderungs-saldo Deutsche pro 100 EW,Unter 18-Jährige pro 100 EW ,Über 64-Jährige pro 100 EW ,Ausländer pro 100 EW,EW mit türkischer Staatsangehörigkeit pro 100 EW ,EW aus ausgewählten arabischen Staaten pro 100 EW  *,EW aus den GUS-Staaten pro 100 EW ,EW mit polnischer Staatsangehörigkeit pro 100 EW ,EW aus Jugoslawien und dessen Nach-folgestaaten pro 100 EW ,EW aus EU-Staaten pro 100 EW ,Arbeitslose insgesamt 31.12.02 pro 100 EW 18-60 J.,Veränderung des Anteils der Arbeitslosen insgesamt 31.12.2000 bis 31.12.2002 in Prozentpunkten,Alleinerziehen-de Sozialhilfe-Bezieher mit Kindern unter 18 Jahren pro 100 EW 18-60 J.,Gemeinsam Erziehende Sozialhilfe-Bezieher (eheliche und nichteheliche Gemeinschaften) mit Kindern unter 18 Jahren pro 100 EW 18-60 J.,Sozialhilfe-empfänger pro 100 Einwohner,Veränderung des Anteils der SH-Empf. Insgesamt an den EW in %-Punkten vom 31.12.01 bis 31.12.02
0011-Großmarkt,48.8,1.9,31.3,1.9,47,21.7,15.3,3.9,2.9,17.2,5.9,16.6,18.9,2.3,4.4,7.8,35.9,0.4,1.2,0.0,16.1,8.7,34.1,6.8,6.5,1.0,2.4,6.8,4.9,19.5,3.5,2.2,3.3,17.4,3.0
0012-Putlitzstraße,42.2,-8.1,19.5,-5.2,39,19.3,22.7,0.2,4.3,16,8.2,19.7,33.2,-1.4,3.7,12.3,34.1,-0.3,-9.4,-2.9,27.1,6.4,38.2,24.2,3.0,0.7,1.0,2.0,3.1,20.7,1.9,3.1,9.9,24.8,0.3
0021-Emdener Straße,42.1,-0.6,26.9,0.4,35.8,17.8,16.2,2,1,13.6,5.7,13.3,21.2,0.6,0.4,7.2,32.2,-0.2,-6.1,-1.0,15.8,9.8,33.4,10.1,3.8,1.6,1.8,5.2,4.8,17.3,1.6,1.7,4.2,15.9,0.6
0022-Perleberger Straße,38.5,0.2,20.6,0.9,35.7,17.6,16.4,3.8,0,12.4,6.4,12.5,23.7,0.6,1.9,7.3,31,-0.1,-2.1,-0.7,18.0,11.3,31.3,11.9,3.0,2.1,1.3,3.4,3.8,17.2,2.6,1.8,4.7,16.0,1.0
0031-Levetzowstraße,31.1,0,20.7,1.2,16.8,12.6,8.9,2.7,0.8,6.9,3.8,5.7,11.3,0.2,0.1,3.4,15.5,-0.3,-3.3,-1.2,12.9,16.3,21.0,2.2,1.5,2.1,1.5,1.5,5.5,11.6,2.1,1.1,1.6,6.9,0.2
0032-Paulstraße,33.1,0.6,19.4,0.3,21.2,13.3,13,2.4,0.6,11.2,4.3,7.3,19.2,0.7,1.7,4.6,21.3,-0.1,0.9,0.3,14.6,14.5,20.0,4.9,1.7,1.4,1.3,2.2,4.1,13.2,2.0,1.4,2.1,9.7,0.9
0041-Tiergarten,35.6,3.8,25,2.9,5.3,10.2,3.6,6,3.6,10,2.7,1.7,11.1,1.7,11.1,0,0,-0.5,25.0,1.0,9.0,10.0,17.1,0.0,1.9,0.5,1.9,0.9,7.1,9.6,6.2,0.0,0.0,3.3,3.3
0051-Lützowufer,37.8,-0.2,25.2,1,26.6,12.1,8.1,1.4,-0.5,6.6,3.8,8.5,12,0.4,0.2,5.4,23.9,-0.2,-8.9,-1.3,13.0,14.0,30.0,2.3,2.5,4.3,1.6,1.7,5.7,10.6,0.6,1.4,2.8,9.6,0.4
0052-Potsdamer Brücke,36.7,0.4,16.3,0.4,43.6,14.6,15.2,1.7,1.8,9.1,5.4,14.2,26.2,1,-0.5,10.1,39.9,0.2,1.2,-0.1,18.3,9.1,39.3,9.0,4.5,4.2,2.5,3.5,5.8,14.8,1.7,2.2,6.0,18.9,0.4
0061-Soldiner Straße,42.4,-0.6,26.3,1.1,41.9,21.5,20.3,1.9,1.6,17.1,7.6,16.5,26.7,0,0.2,9,37.9,-0.3,-2.3,-1.6,21.5,11.6,35.8,17.1,3.6,0.9,1.8,5.5,2.5,21.0,1.8,3.0,7.3,20.2,0.1
0071-Gesundbrunnen,31.5,0,19.7,0.8,33.3,20.6,22.7,2.5,1.7,17.7,7.9,15.9,28.5,-0.7,-0.7,9.8,36.5,-0.2,-1.7,-0.9,22.0,14.9,30.0,17.0,2.5,1.1,1.6,3.0,1.7,21.4,2.3,3.0,8.0,19.7,-0.7
0081-Humboldthain,42.3,0.3,24.4,0.3,42.5,22.4,21.5,4.4,2.3,19.6,7.6,18.4,28.2,1,2.8,9.5,40.3,0.0,-1.7,0.0,21.6,10.3,37.8,18.6,4.0,0.9,1.8,5.7,2.4,22.1,3.6,2.6,8.6,22.1,1.7
0091-Rathaus Wedding,45,0.1,23.7,0.9,38.9,18.4,16.3,2.2,0.8,13.1,6.2,12.4,18.5,0.2,1,6.4,29.8,-0.1,-5.0,-0.8,16.8,9.1,35.9,12.9,2.8,1.1,1.8,4.2,3.7,17.6,1.7,1.8,4.0,14.6,0.5
0092-Reinickendorfer Straße,41.6,-0.9,24.1,0.5,45.6,22.2,20.9,3.1,2,16.5,8,15.8,23.8,0.4,0,8.5,34.7,-0.1,-3.5,-1.5,21.6,12.3,42.0,21.2,3.9,1.2,1.7,5.6,3.0,21.6,2.6,2.4,7.4,19.2,0.3
0101-Quartier Napoleon,33.1,-6,22,-0.4,2.5,5.8,3.4,2.9,3.4,7.3,0.9,1.1,0,0.3,0,0,0,-1.4,-12.2,-5.6,25.0,1.9,7.4,0.0,0.0,0.4,0.2,0.6,5.3,5.6,3.0,0.0,0.0,1.3,0.5
0102-Plötzensee,60.4,9.1,20,2.1,50,12.8,8.7,-8.4,-3.1,0,5.2,6.3,4.9,2.7,4.9,1.9,0,0.0,0.0,7.0,9.6,7.7,38.9,8.2,2.9,5.3,2.9,2.4,3.4,11.0,-6.7,0.0,0.0,5.8,3.6
0111-Afrikanische Straße,33.7,-0.3,25.9,0.6,26.7,17.8,17.9,3,2.4,15.1,6.4,9.1,17.4,0.5,0.6,4.1,23.1,-0.2,-6.4,-0.8,14.1,16.4,20.7,7.3,1.6,0.9,1.3,3.7,2.2,17.8,2.9,1.8,2.7,10.8,0.5
0112-Ungarnstraße,20.6,0.9,15.8,0.2,12.3,16.4,17,1.7,3.7,15.7,6.4,5.9,12.4,-0.1,-0.2,3.5,14.3,-0.4,-2.2,0.6,12.5,27.5,10.4,4.3,0.3,0.3,0.8,1.4,1.9,16.5,2.0,1.5,1.4,6.6,-0.1
0121-Mehringplatz,33.8,-0.3,15.8,1,31.7,22.7,24.4,2.9,4.3,16.4,9.5,20.7,30,0.7,0.7,8.6,39,0.0,-1.2,-1.2,24.1,9.7,34.1,13.1,3.7,3.3,2.0,2.6,3.5,23.3,3.5,3.1,8.1,23.8,0.8
0131-Moritzplatz,28.9,0.4,15.3,0.8,37.1,26.1,29.3,3.7,3.3,20.5,11.7,17.5,33,0.6,-1,11.4,39.2,-0.1,0.3,-0.5,22.5,14.4,33.3,20.2,4.1,0.5,1.3,1.4,2.2,27.3,3.6,3.2,8.3,22.7,0.1
0141-Mariannenplatz,38,-1.2,22.2,-0.3,41.6,24.7,27.3,2.8,1.3,20.1,10.8,15.1,24.9,0.3,0.4,8,30.9,0.0,-3.3,-0.9,21.2,7.3,41.4,29.1,1.8,0.4,0.7,2.1,3.7,25.8,2.1,2.1,5.8,19.2,0.3
0151-Wiener Straße,38.9,0.5,19.9,-0.3,39.3,21.5,22.9,2.5,2,15.5,8.6,13.7,23.8,0.3,-0.4,7.8,33.3,-0.1,-3.2,0.8,18.7,6.2,36.2,20.3,2.6,0.5,1.0,2.7,4.9,22.0,2.3,2.0,5.0,17.4,-0.1
0161-Zossener Stern,37.3,0.3,22.7,-0.2,27.2,17.5,18,2.1,0,12.3,6.8,9.5,14,-0.1,-0.7,5.1,21.3,-0.1,-3.7,0.5,15.7,9.2,27.1,10.8,2.2,0.6,0.8,3.1,5.3,17.6,1.5,1.4,2.4,10.7,-0.3
0162-Südstern,35.9,-0.8,22.1,-0.1,30,17.9,21.2,2,2.4,14.5,7.1,12.1,23.6,-0.4,-0.8,7.4,32.5,-0.1,-7.0,-0.7,17.7,7.3,27.8,10.5,3.1,0.7,1.1,3.4,5.0,18.8,2.1,1.9,4.2,15.3,-0.6
0171-Viktoriapark,34.5,0.1,22.3,0.6,20.2,17,16.5,1.6,1.5,12.9,6.3,8.8,15.3,0.2,-0.2,4.7,23.5,-0.2,-2.3,-0.5,15.9,8.2,23.2,6.1,2.0,0.7,1.2,2.9,5.5,16.9,1.6,1.4,2.4,10.3,0.1
0181-Volkspark Jungfernheide,23.5,-0.2,17.5,0.3,13.6,19,20.6,2.8,3.5,15.2,8.3,7,13.7,-0.2,-1.8,4.2,16.1,-0.2,-2.3,-0.6,11.7,25.7,12.8,3.0,0.7,0.8,1.6,1.9,1.7,19.3,2.9,1.5,1.8,7.9,-0.4
0191-Friedrich-Olbricht-Damm,26.9,-1.5,14.4,0.2,22.8,20.9,14.2,3.5,2.9,17.4,7,12.9,28.7,1.4,0.4,8.4,33.8,-0.6,2.2,-1.7,16.9,23.3,18.0,2.4,4.4,1.9,1.4,3.3,1.2,19.3,3.2,3.3,4.9,15.8,1.3
0192-Reichweindamm,22,-0.8,14.6,0,17,17.8,27.8,1.3,3,14.5,8.8,7.1,24,-1.2,-0.9,5.8,20.1,-0.3,-3.9,-0.7,15.9,22.3,15.6,4.0,0.5,3.7,1.9,1.8,1.4,19.9,1.6,2.3,3.3,9.7,-1.2
0201-Fürstenbrunn,43.9,-4.4,56.7,0.3,40.6,12.2,1.8,-3.6,-0.7,2.1,3.9,3.9,0,0.9,-2.1,1.5,4.3,0.0,-16.7,-4.6,9.3,14.1,27.3,0.9,6.1,0.4,0.8,2.2,1.9,8.6,-3.1,0.0,0.0,2.8,0.1
0202-Tegeler Weg,33,0.1,21.4,0.8,20.5,16.5,13.8,1.9,0.9,10.7,6.1,7.6,12.1,-0.4,-0.5,4.9,17.7,-0.3,-7.6,-0.7,12.2,16.2,22.5,5.4,1.6,1.3,1.8,2.3,3.6,15.7,1.6,1.1,1.7,8.6,-0.4
0211-Franklinstraße,38.7,-1.6,24.5,-0.5,29.8,16.1,17.1,2.6,-0.6,10.1,7.3,9.8,20.8,0.1,2.6,7.5,21.9,-0.1,-6.1,-1.1,15.4,8.3,29.6,4.8,2.3,3.7,1.8,4.3,6.5,16.4,1.6,1.9,2.6,13.1,0.8
0221-Klausener Platz,29.8,-0.7,19.2,0.1,21,14.5,16.4,1.2,-0.1,10.6,6.2,7.7,15,-0.3,0.3,5.4,17.1,-0.2,-3.5,-0.7,15.7,11.2,23.3,7.8,1.1,1.9,1.2,2.5,3.9,15.0,0.9,1.6,1.9,9.4,-0.1
0222-Rathaus Charlottenburg,29.1,-0.4,23.3,0.4,20.3,14.4,15.2,1.9,0.6,10.1,6.3,6.7,14.9,-0.3,0.2,4.8,18.1,-0.2,-6.5,-0.8,13.5,16.3,20.3,4.3,1.2,2.0,1.4,2.3,3.8,14.6,1.6,1.2,1.8,8.4,-0.2
0231-Ernst-Reuter-Platz,32.1,-0.4,24.2,-0.2,29.8,12.5,10.9,1.2,0.4,5.4,5.2,6.7,14.8,-0.2,-0.9,5.6,16.2,-0.1,-4.5,-0.3,12.0,14.3,31.0,2.6,1.9,7.0,1.4,2.3,5.9,11.9,0.9,1.0,2.0,9.2,-0.4
0232-Breitscheidplatz,30.6,0.6,29.5,-0.1,23.7,10.6,8.5,2.4,2.2,8,3.8,3,3.4,0.9,0.3,1.6,5.9,0.0,-14.8,0.6,7.5,18.8,26.0,1.0,1.7,1.7,1.7,1.9,9.1,10.0,2.3,0.4,0.4,3.1,0.8
0233-Mittlerer Kurfürstendamm,30.3,-0.3,21.7,-0.6,15.6,10.3,5.4,2,1.9,5.4,3.5,3.4,3.9,-0.3,0.7,1.8,5.9,-0.2,-4.9,0.3,11.1,11.9,22.4,0.8,1.7,1.5,1.7,2.1,7.3,9.0,2.0,0.6,0.3,3.5,0.0
0241-Lietzensee,29.6,0.3,21.5,1.1,16.5,11.9,11.7,1.7,1.8,7.4,4.6,4.9,9.9,-0.1,0.7,3.5,13.7,-0.3,-1.2,-0.8,13.3,13.7,20.0,1.9,1.2,2.1,1.4,2.1,5.3,11.8,1.8,0.9,1.2,5.9,0.1
0242-Savignyplatz,31.9,-0.6,21.8,0.4,22.1,13.4,10.5,1.9,0.4,7.9,5.2,6,10.4,0.1,0.3,4.1,14.5,-0.1,-6.2,-0.9,12.6,11.9,25.0,3.1,1.6,1.8,1.6,3.4,6.1,12.6,1.5,0.8,1.4,7.1,0.1
0251-Glockenturmstraße,19.1,-0.9,37.3,-0.4,12.6,10.1,7.7,2.2,4.8,8,4.2,1.3,3.2,-0.1,0.6,0.6,6.5,-0.7,-11.9,-0.4,7.3,32.2,8.1,0.3,0.1,0.8,1.0,0.6,3.1,9.8,2.5,0.3,0.0,1.5,0.0
0252-Rominter Allee,17.2,-2.8,10,0.3,5.8,5.4,0.9,-0.5,-2.5,3.8,1.6,0.7,0,-0.2,-2.9,0.3,0,-0.6,-2.2,-3.0,17.2,15.7,10.2,0.6,0.2,0.2,0.5,1.2,3.1,4.8,-0.8,0.0,0.0,0.7,-0.4
0253-Kranzallee,21.7,-0.3,12.9,-0.1,6.7,6.3,6,1,2.9,4,2.3,1.4,1.4,0.2,-0.2,0.7,0,-0.5,5.8,-0.2,15.4,20.5,10.0,0.4,0.4,0.5,0.6,0.3,4.7,6.2,1.2,0.0,0.0,1.4,0.2
0254-Waldschulallee,36.5,2.4,22.2,1.3,5.7,5.7,1.4,-0.7,0.3,1,1.7,0.6,0.8,0.1,0.8,0.1,0.6,-0.1,22.9,1.1,15.2,15.2,23.9,0.4,2.1,1.6,1.8,0.2,6.7,4.1,-0.6,0.0,0.0,0.7,0.2
0255-Funkturm,17.5,2.2,5.6,0.7,5.8,7,9.2,2.8,0.3,0,2.1,1.1,0,-0.6,0,0.7,0,-0.8,66.7,1.5,14.2,20.1,13.5,0.8,0.0,0.5,1.2,1.7,5.1,7.4,2.5,0.0,0.0,1.3,-0.2
0261-Reichsstraße,21.2,0.7,15.8,0.4,6.9,8.9,8.6,0.5,1,4.7,3.5,2,6.5,0,0.2,1.2,3.7,-0.2,0.7,0.3,11.3,24.9,8.9,0.8,0.3,0.5,0.9,0.8,2.7,8.9,0.5,0.4,0.3,2.4,0.0
0262-Theodor-Heuß-Platz,25.8,0.4,19.2,0.5,13,11.3,10.9,1.5,1.7,7.8,4.5,3.1,6.6,-0.1,-0.1,2.1,5.9,-0.2,-2.8,-0.1,11.4,20.2,14.7,1.4,0.9,1.9,1.2,1.2,3.3,11.2,1.5,0.6,0.5,3.6,-0.1
0271-Oberjägerweg,13.7,-2.4,0,0,0,8.7,0,0.4,0,0,6.4,0,0,0,0,0,0,-1.6,0.0,-2.4,8.1,35.8,2.4,0.8,0.0,0.0,0.8,0.0,0.8,8.5,0.3,0.0,0.0,0.0,0.0
0272-Forstamt Spandau,22.9,-0.3,20,0,4.4,12.1,18.4,0.8,1.8,10.5,5.4,4.6,10.1,0,0.1,2.2,8.6,-0.6,-0.8,-0.3,15.0,21.5,5.2,0.8,0.3,0.3,0.7,0.7,1.2,12.6,0.9,1.3,0.8,4.9,0.0
0273-Stadtrandstraße,25.7,1,21.3,0.2,9,17,21.5,1.3,1.4,13.8,7.1,11.1,25.4,1.1,2.6,5,26.1,0.0,7.3,0.8,17.1,20.7,8.2,2.6,0.4,1.2,1.1,0.7,1.1,17.5,1.3,3.0,4.3,12.3,1.2
0274-Zeppelinstraße,24.1,0.3,17.5,0.3,11,19.5,22,1.4,1.1,15.6,8.6,11.9,18.4,0.3,-0.5,5.8,25.2,-0.3,-0.4,0.0,17.0,18.9,10.8,4.4,0.6,1.0,1.1,1.2,1.1,19.8,1.3,2.9,3.9,12.6,0.2
0281-Werderstraße,38.5,2.4,24,0.8,20.6,16.7,18.8,2.3,2.6,14,7.1,9,21,0.4,1.1,4.8,24.5,-1.1,-3.7,1.6,18.9,18.2,16.1,6.6,2.0,1.0,1.3,1.8,1.5,17.1,2.4,2.3,4.0,10.9,0.5
0291-Galenstraße,25.4,-0.3,18.7,0.3,13.4,18.8,21.6,3,2.4,14.5,8.3,9.8,15.9,0.3,0,4.7,23.5,0.1,-1.6,-0.7,14.7,20.3,11.7,3.6,0.6,0.5,1.1,2.9,1.3,19.2,3.0,2.3,2.3,10.5,0.3
0292-Neustadt,36.9,-0.8,24.2,0.3,20.1,18.5,18.2,3.3,1,13.3,7.5,11.1,16.4,0.7,1.6,5.1,24,-0.4,-1.7,-1.1,17.9,13.4,18.5,7.6,0.9,0.6,1.0,3.9,1.9,18.4,2.8,2.2,3.2,12.1,0.8
0293-Altstadt,27.1,-1.3,16,0.1,12.3,15.4,14.9,1.9,-2.5,11.2,6.9,12.2,13.1,1,-0.9,5.5,22.1,-0.1,-3.8,-1.4,22.6,10.9,18.7,6.0,0.5,1.7,1.8,3.5,3.2,15.3,0.9,2.4,3.8,12.4,0.6
0301-Freiheit,24.7,-1.4,20,0.5,15.4,11.5,19.6,2.2,12.4,13.5,6.2,21.6,39.7,8.8,5.3,13.1,84.6,1.1,-5.0,-1.8,12.1,15.4,14.7,3.0,0.7,0.0,2.1,3.3,2.3,12.8,3.9,5.9,6.6,24.3,8.3
0302-Stresow,30.5,2.2,22.9,-0.4,8.9,14.5,17.7,0.5,-0.8,9,5.8,5.9,8.5,0.1,-1.6,2.8,12.3,-0.1,-5.9,2.6,15.0,13.9,13.4,4.3,0.3,0.5,1.6,2.9,1.9,15.0,0.2,0.9,1.2,6.2,-0.2
0311-Klosterfelde,26.6,0.3,22.2,-0.1,12.4,17.1,20,2.7,4.3,13,7.3,7.9,17.3,0.2,-1.3,3.8,18.4,-0.3,-4.0,0.4,13.8,20.5,10.2,2.1,0.8,1.4,0.8,1.5,1.7,17.4,2.9,1.3,3.6,8.9,0.0
0321-Wilhelmstraße,22.2,0.4,13.9,0.4,11.4,14.6,19,1.6,3.8,11.9,6.3,9.4,26.3,0.8,2.4,5.1,26.7,-0.1,3.7,0.0,17.2,17.9,10.3,2.2,0.9,1.2,1.5,1.2,1.3,15.2,1.9,2.2,5.0,11.2,1.0
0322-Scharfe Lanke,17.2,0.4,16.4,0,6.4,8.3,4.9,0.1,-3.3,4.1,3.7,1.6,8.7,0.2,-0.9,0.8,3.7,-0.3,0.7,0.5,11.8,25.1,5.1,0.4,0.2,0.4,0.4,0.6,1.5,8.1,-0.2,0.3,0.4,1.9,0.1
0323-Pichelswerder,25.1,1.9,17.6,1,15.9,15.1,21.7,3.3,1.2,10.3,6.9,8.8,20.2,-0.5,-2.8,5.3,24.5,0.2,2.9,0.9,16.8,20.9,12.3,3.2,1.4,0.6,1.4,1.7,1.4,16.1,3.0,2.1,3.6,10.2,-0.7
0324-Wilhelmstadt,29.8,0.3,20.6,-0.3,12.2,18,17.5,2.5,-0.6,14.7,7.6,8.9,13.6,0.8,0.8,3.9,21.6,0.2,1.7,0.6,14.7,18.1,11.3,3.7,0.5,0.4,1.1,2.3,1.7,18.0,2.1,2.2,2.0,9.4,0.8
0331-Zitadelle,31.7,6.5,13.5,0.5,12.5,16.5,22.5,1.1,-3.1,11.4,7.9,12,18.5,-1.1,-4.7,5.3,21.8,-0.4,6.1,6.0,26.5,8.6,13.6,6.8,0.3,0.5,1.7,1.0,1.2,17.5,0.3,3.1,3.9,12.9,-1.7
0341-Gartenfelder Straße,25.2,1.2,19.3,0.9,13.8,18.8,21,2.1,5,16.3,7.9,8.5,15.2,0.4,2.4,3.9,20.8,-0.1,2.7,0.3,12.9,22.6,10.8,3.1,0.9,0.8,1.7,1.3,1.5,19.1,2.5,1.9,2.3,9.2,0.6
0351-Schuckertdamm,24.4,-0.5,19.4,0.2,15.7,14.2,17.9,1.8,1.8,12.2,6.2,6,12,0.3,0.2,3.1,16,-0.5,-3.2,-0.8,15.8,20.2,16.0,5.4,0.7,0.5,1.1,4.0,1.7,14.9,1.8,1.4,2.6,6.9,0.3
0361-Siemenswerke,259,6.6,168.7,7.5,46.6,14.8,5.6,2.1,-3.8,4.9,3.6,4.5,2.3,2.3,0,1.5,6.8,-0.4,-7.2,-0.9,17.3,10.7,44.8,7.8,3.8,13.1,1.0,8.1,1.0,10.0,-1.0,0.8,0.8,3.5,1.3
0371-Gartenstadt,20,0,17.8,0,5.2,14.7,16.1,3.1,1.4,13.4,6.1,5.6,11,0.4,-0.3,3,13.9,-0.2,-2.2,0.0,15.4,20.8,5.5,1.1,0.4,0.5,0.7,1.0,0.9,14.8,3.0,1.5,1.5,5.8,0.3
0372-Amalienhof,25.2,1,17.1,0.2,12.1,17.5,24.1,2.4,1.2,16.2,7.7,14.5,28.5,0.6,-3.4,8,34.3,-0.6,3.7,0.8,19.5,17.5,10.7,3.6,1.1,0.8,1.3,0.9,1.3,18.4,2.3,3.7,6.1,16.0,0.1
0373-West-Staaken,22.2,3.5,8.4,0.7,2.7,9.3,10,1.6,-0.6,8.6,3.1,2,6.2,0.3,1.3,0.5,3.6,-0.7,9.0,2.8,28.8,6.9,4.2,0.7,0.1,0.5,0.4,0.6,1.2,9.3,1.5,0.5,0.5,2.1,0.3
0381-Alt-Gatow,17.8,0.2,14.3,0.3,2.1,5.5,9.7,0.1,-1.6,3.5,1.6,0.5,0,-0.3,0,0.2,1,0.1,10.4,-0.1,22.1,12.3,3.8,0.5,0.0,0.3,0.6,0.3,1.0,5.7,0.0,0.2,0.0,0.5,-0.3
0382-Hohengatow,27.3,10.4,9.4,0.5,2.3,6.3,3.2,0.7,1.7,6.4,2.3,1.1,0,0.2,0,0.5,1.9,0.5,21.3,9.9,22.2,14.3,3.9,0.2,0.0,0.1,0.3,0.2,1.5,6.2,0.7,0.3,0.0,1.0,0.2
0391-Kladow,18.1,0.9,15.3,0,2,6.8,7.6,0.6,2.9,6.7,2.3,0.9,1.5,0.2,0.5,0.3,1.5,-0.2,8.5,0.8,17.0,17.1,3.5,0.2,0.1,0.2,0.3,0.1,1.3,6.9,0.7,0.2,0.0,0.9,0.2
0401-Joachim-Friedrich-Straße,28,0.2,20.6,1.1,14.1,11.6,9.8,2.1,2.8,6.7,4.1,3.8,5.5,0.2,-0.7,1.7,6.6,-0.2,-5.4,-0.8,11.6,15.8,17.4,1.1,0.9,2.0,1.0,1.6,4.6,11.2,2.2,0.7,0.6,4.1,0.1
0411-Rathaus Wilmersdorf,32.1,-0.4,34.1,0.5,19.9,11.5,11,1.9,2.8,7.8,4.4,4.7,5.7,0.1,1.6,1.9,8.9,-0.1,-9.8,-0.9,13.4,12.4,19.1,2.6,1.5,1.8,1.4,3.2,4.2,11.4,2.1,0.6,0.8,4.9,0.4
0412-Eisenzahnstraße,28.9,0.3,19.4,0.7,13.2,10.8,8.5,1.2,0.1,7,3.9,2.9,4.1,0.1,0.6,1,6.6,-0.2,2.2,-0.3,11.6,18.2,16.7,1.4,0.8,1.0,1.4,1.9,3.7,10.3,1.0,0.8,0.1,3.1,0.2
0421-Schaperstraße,27.4,-0.5,19.5,0.4,18.3,12.5,9.7,2.7,1.5,7.9,4.5,4.1,5.1,-0.1,-0.2,2.3,7.5,-0.1,-3.8,-0.9,9.3,19.4,21.3,1.2,1.1,3.3,1.4,2.2,4.8,11.8,2.3,0.4,0.6,4.4,-0.1
0431-Düsseldorfer Straße,28.1,0.2,21.6,0.4,15.5,11.1,9.9,2.2,1.3,6.9,3.8,3.4,5.6,-0.1,0.1,1.7,7.7,-0.1,-4.9,-0.2,11.9,16.1,16.7,1.3,0.8,2.4,1.1,1.2,4.3,10.9,2.0,0.7,0.6,3.8,-0.1
0432-Prager Platz,27.5,0.5,19.6,0.5,14.2,11.9,12.3,2.1,2.8,9.3,4.3,3.7,6.2,-0.1,0.4,1.8,6.8,-0.2,-4.3,0.0,11.3,18.6,17.2,1.8,1.1,1.7,1.0,2.2,4.0,12.0,2.3,0.7,0.4,4.1,0.0
0441-Rudolstädter Straße,25.3,0.6,20.1,1.4,12.3,11.8,11.1,2.5,0.4,9,4.2,3.5,9.1,0.1,1.8,1.7,9.1,-0.3,0.7,-0.8,14.7,17.0,14.0,2.2,0.7,1.3,0.8,2.3,2.9,11.7,2.1,0.8,1.0,4.2,0.4
0442-Hildegardstraße,28.1,0.3,21.1,0.8,14.4,10.9,12.1,1.9,2,7.6,4.4,3.9,9.9,0.1,-0.7,2.5,9.7,-0.1,-3.8,-0.4,14.3,15.9,15.4,2.0,1.0,1.6,1.0,1.8,3.2,11.2,1.9,0.8,1.1,4.8,0.0
0451-Rüdesheimer Platz,23.8,1.2,17.2,0.7,10.3,11.1,10.7,1.2,1.3,8,4.4,4.1,8.1,0.4,-1.2,2.1,9.4,-0.3,3.5,0.5,13.2,20.5,12.5,0.9,0.6,1.6,1.2,1.0,2.4,11.1,1.2,1.0,0.7,4.6,0.2
0461-Stadion Wilmersdorf,25.1,0.9,18.5,0.3,13,11.9,11.3,3.1,3.4,9.9,4,3.8,12.5,0.1,4.5,2.2,11.2,-0.5,-0.3,0.6,13.8,20.7,13.3,0.9,1.3,2.4,1.4,1.3,2.0,11.8,3.1,1.0,0.9,5.0,0.6
0462-Berkaer Straße,21.8,0.5,18,0.9,8.5,7.8,7.3,0.8,-0.3,6.3,3.1,2.3,5.6,0.2,0.5,1.2,5.3,-0.2,-2.0,-0.3,12.6,24.2,9.5,0.8,0.3,1.1,0.8,0.7,2.6,7.8,0.7,0.5,0.6,2.6,0.3
0463-Rheinbabenallee,22.1,0.4,16.5,0.6,10.4,8,9.6,2,3.4,6.3,3.1,1.6,3.1,0.2,0.8,0.6,3.2,-0.1,0.0,-0.1,12.0,24.8,9.3,0.5,0.2,1.3,0.7,0.4,2.4,8.2,2.2,0.2,0.0,1.7,0.3
0471-Grunewaldsee,21.2,4.7,0,0,0,6.9,0,0,0,16.7,1.7,0,0,0,0,0,0,1.2,0.0,4.7,15.9,6.8,4.5,0.0,0.0,0.0,2.3,0.0,1.1,6.7,0.2,0.0,0.0,0.0,0.0
0481-Königsallee,25.1,1.2,19.1,0.5,13.9,7.8,4.9,1.3,-0.2,6.8,2.7,2.3,2.5,0.4,-0.1,1.1,4.1,0.1,2.9,0.8,11.6,23.8,14.7,0.6,0.4,1.8,1.1,1.1,4.3,7.2,1.0,0.4,0.4,2.3,0.4
0491-Berlepschstraße,21.6,0.3,26,0.3,3.6,6.4,5.9,0.3,-1,3.6,2,1.8,3.2,0.3,0.1,0.7,4.4,-0.5,2.2,0.1,16.4,20.9,7.5,0.7,0.1,0.5,0.7,0.6,1.7,6.3,0.2,0.4,0.4,1.9,0.3
0492-Seehofstraße,23.1,-0.1,20,0.1,9.5,8,6.8,0.6,0.1,6.2,2.9,2.5,5.3,0.4,-0.7,1.2,5.1,-0.6,3.2,-0.2,17.4,19.2,9.8,1.0,0.4,0.5,0.6,1.6,1.6,7.9,0.5,0.6,0.6,2.7,0.3
0493-Schönow,21,0.3,17.2,0.3,7.2,10.3,10.2,0.2,1,8,3.5,3.4,5.7,0.1,-0.5,1.6,7.8,-0.5,5.2,0.1,14.5,24.1,8.1,1.0,0.3,0.6,0.7,0.8,1.8,10.3,0.2,1.1,0.5,3.6,0.0
0501-Krumme Lanke,18.6,-0.8,10,0.4,2.4,3.9,4.3,-2.1,-0.4,9.1,0.4,0,0,0,0,0,0,0.2,6.7,-1.2,16.9,24.7,6.6,0.0,0.0,0.6,0.4,0.0,2.2,3.9,-1.9,0.0,0.0,0.0,0.0
0502-Riemeisterstraße,19.5,1,13.7,0.4,4.5,7.2,7.1,1.1,0.5,5.9,2.2,1.8,4.9,0,0.5,0.9,3.9,-0.3,6.2,0.7,15.5,21.7,7.2,0.3,0.3,0.4,0.6,0.3,2.0,7.2,1.1,0.5,0.2,2.0,0.1
0503-Mexikoplatz,21.6,0,19.4,0.4,5.7,5.6,3.5,0.8,1.2,2.1,1.7,0.9,1.9,0.1,0.9,0.4,1.4,-0.6,3.6,-0.4,15.8,21.8,8.3,0.3,0.2,0.7,0.6,0.2,2.1,5.3,0.8,0.2,0.0,1.0,0.1
0511-Jagdschloß Grundewald,33.3,5.4,19.2,0.3,9,6.1,4.3,1.5,4.3,7.1,2,0,0,-1.1,0,0,0,-0.3,-7.7,5.1,19.8,10.9,9.4,0.0,0.6,2.1,0.3,0.0,2.9,5.9,1.8,0.0,0.0,0.0,-1.0
0512-Pacelliallee,29.8,1,15.9,0.5,14.2,5.6,4.6,0.2,1.1,4.3,1.1,1.5,2,0.2,-0.4,0.6,2.4,-0.6,8.5,0.4,19.0,17.1,15.1,0.7,0.7,1.3,0.9,0.5,2.8,5.4,0.3,0.2,0.3,1.5,0.1
0513-Freie Universität,25.3,-0.2,17.1,-0.1,10.3,5.2,2.7,1.1,0.2,3.9,1.4,1.4,2,0.4,0.7,0.7,3.1,-0.1,-0.6,0.0,17.3,16.1,15.9,0.5,0.5,1.6,0.8,0.7,3.2,4.7,0.9,0.4,0.3,1.5,0.4
0521-Schwanenwerder,17.6,-0.9,0,0.9,0,4.6,0,-3.1,0,14.3,1.5,0,0,0,0,0,0,-0.9,0.0,-1.9,15.7,13.0,3.7,0.0,0.0,0.0,0.0,0.0,2.8,4.4,-3.2,0.0,0.0,0.0,0.0
0522-Rehwiese,21.6,-0.4,22.8,0,7.8,7.6,5.8,1.2,0.5,7.7,2.3,2.2,6,-0.3,1.1,1.4,4,-0.2,-5.3,-0.5,15.6,22.1,9.0,0.5,0.5,1.0,0.9,0.5,2.1,7.4,1.1,0.2,0.6,2.6,-0.2
0523-Spanische Allee,25.4,1.8,12.6,-0.7,5.1,5.7,5.3,0.9,3.7,3.9,1.5,1.3,3.5,0.1,1.1,0.6,2.7,-0.1,15.5,2.4,19.9,17.8,8.3,0.5,0.4,0.3,0.6,0.4,1.8,5.7,1.5,0.3,0.4,1.5,0.2
0531-Schäferberg,27.2,1.4,20,3.2,3.8,2.8,7.1,-3,7.1,0,0,2.7,0,0.1,0,0,0,-1.8,-5.0,-1.8,19.0,16.1,6.8,0.7,0.7,1.4,0.4,0.0,1.4,3.2,-2.3,0.0,0.0,2.5,0.0
0532-Am Kleinen Wannsee,24.7,0.7,18.6,0.1,8.8,6.3,5.2,1.4,1.8,6.4,1.6,1.2,1.5,0,0.2,0.5,1.6,-0.5,3.7,0.6,14.7,22.3,9.0,0.6,0.2,0.7,0.8,0.7,2.1,6.2,1.5,0.3,0.0,1.2,0.0
0533-Kohlhasenbrück,27.5,1.6,13.2,0.2,7.5,5.9,0.8,1.2,-5,6.4,2,0.8,0,0.4,0,0,1.6,-0.5,1.7,1.4,18.8,15.7,8.9,0.2,0.3,0.5,0.5,0.5,2.2,5.4,0.6,0.0,0.0,0.9,0.5
0541-John-F.-Kennedy-Platz,34.1,-0.8,23.3,0,24.7,13,13.8,1.7,0,10.1,4.8,5.1,10.8,-0.2,0.3,3.1,12.9,-0.1,-4.3,-0.9,14.3,11.5,24.3,6.7,2.1,1.3,1.2,3.5,5.0,13.2,1.3,1.0,1.2,6.5,-0.1
0551-Bayerisches Viertel,28.6,0.1,22.5,0.3,14.4,12.1,12.5,1.9,1.1,8.3,4.4,3.9,7.4,0.1,0.4,2.2,9.5,-0.2,-0.9,-0.3,12.9,14.9,18.3,3.3,0.7,1.2,1.2,2.2,4.8,12.2,1.7,0.7,0.7,4.5,0.1
0561-Nollendorfplatz,32.4,-0.3,19.5,0.3,41.5,17,17.3,1.2,1.4,15.4,7.1,12.2,22.6,-1,0.4,8.9,31,-0.1,-5.4,-0.6,17.3,12.5,38.6,10.0,3.4,5.1,1.9,4.9,5.4,17.2,1.3,1.9,4.6,16.2,-0.5
0571-Großgörschenstraße,34.4,-0.6,20.4,-0.2,31.4,16.1,19.4,1.5,1,13.2,6.5,8.3,17,-0.6,-1,5.6,22.7,-0.1,-4.5,-0.4,17.0,7.5,30.2,12.8,1.9,2.0,1.2,3.1,4.7,17.1,1.3,1.5,2.7,10.9,-0.8
0581-Tempelhofer Weg,39.5,-5.8,26.3,-6.1,25.2,16.7,24.6,0.9,5,15.1,7.5,8.2,20.5,-1.7,3.9,5.6,21.8,0.3,-14.8,0.3,16.0,20.0,18.8,7.7,2.5,1.1,1.1,1.4,2.1,18.5,1.7,1.6,3.3,10.5,-1.0
0591-Priesterweg,27.2,0.6,20.4,1.9,24.9,22.2,26.1,2.4,1.1,20,9.1,12.2,17.6,-2,4.1,8.4,22.6,0.0,9.3,-1.3,20.4,18.4,21.9,9.9,0.8,0.6,0.9,3.8,1.1,23.2,2.2,3.0,1.0,13.3,-0.7
0601-Rubensstraße,26.4,-0.1,18,0.7,17.3,13.1,18.8,1.6,1.4,13.7,5.3,6.2,10.8,-0.1,-1,3.2,15.2,-0.2,-3.1,-0.9,17.6,13.6,17.2,7.6,0.8,0.8,1.0,1.6,2.1,14.2,1.6,1.6,1.7,7.0,-0.2
0611-Friedenau,26.4,-0.2,18.9,-0.2,7.9,8.7,10.3,1.1,0.4,6.9,3,2.7,6.7,0.1,-0.5,1.4,6.6,-0.2,0.3,0.0,14.8,12.3,11.3,1.0,0.5,0.6,0.8,1.5,3.2,8.9,1.0,0.6,0.6,3.1,0.0
0621-Brentanostraße,24,0.6,17.5,0.2,8.6,8.2,11.8,0.6,2.5,9.6,2.6,2.5,8.6,-0.4,2.2,1.4,8.1,-0.3,-3.5,0.4,14.8,19.4,9.4,1.1,0.4,0.8,0.7,1.2,1.8,8.7,0.9,0.7,0.7,3.1,-0.1
0622-Rathaus Steglitz,27,-0.2,15.3,0.2,12.3,9.8,12,1.4,0.6,9,3.4,3.7,11,0.1,-1,1.8,10.5,-0.4,0.0,-0.4,14.4,12.7,14.0,2.3,0.7,1.6,1.0,1.9,2.9,10.1,1.3,0.8,1.2,4.8,0.0
0631-Feuerbachstraße,25.4,0.7,20.9,0.4,12.8,12.4,12.4,1.8,-2.5,12.2,4.1,4.5,6.9,-0.3,-2,2.3,10.3,-0.4,-1.8,0.3,13.7,17.2,12.1,1.9,0.6,0.9,1.1,2.4,2.2,12.4,1.2,1.1,0.7,4.8,-0.5
0632-Carmerplatz,27.5,-0.5,19.7,-0.4,12.3,10.9,13.3,2.3,1.3,10.9,3.4,4.4,10.5,0,1.3,2,11.5,-0.3,-1.5,-0.1,13.4,15.7,11.8,1.6,0.4,0.9,1.3,2.1,2.0,11.2,2.2,0.9,1.2,5.1,0.2
0633-Stadtplatz Steglitz,24.8,-0.4,20,0.2,10.1,11.2,15,1.7,2.4,9.7,3.6,3.8,12.1,0.1,-0.5,1.8,10.2,-0.3,-5.1,-0.6,12.6,21.3,10.5,1.4,0.5,1.2,0.7,1.4,2.0,11.7,1.8,1.1,0.7,4.6,0.0
0634-Südende,25.1,0.1,23.3,0.4,10.9,11.5,15.4,1.5,2.5,13.1,3.8,4.3,11.1,0.1,-0.7,2.1,10.6,-0.5,-2.6,-0.3,14.7,18.7,10.0,1.6,0.6,0.8,0.8,1.3,1.7,12.0,1.7,1.1,1.0,4.9,0.0
0641-Marienplatz,24.6,0,23.5,0,8,9.3,9.1,1.1,0.8,6.5,2.7,3.3,6.8,0.1,-1.6,1.6,9.1,-0.6,-2.5,0.0,14.0,23.1,9.3,0.9,0.2,0.9,1.8,0.7,1.7,9.3,1.1,0.8,1.1,3.6,-0.1
0642-Bhf. Lichterfelde,22.6,0,17.8,0.7,10.3,14.5,16.6,3.1,3.3,15.2,5,6.2,16.4,-1,-2.9,2.8,18.3,-0.3,-1.8,-0.6,16.3,19.9,10.2,2.3,0.7,0.7,1.3,1.6,1.4,14.8,3.2,1.4,2.6,7.2,-1.1
0643-Oberhofer Weg,21.7,0.3,15.9,0.2,5.5,8.7,9.6,1.1,-1.2,8.1,3.1,2.8,8.9,-0.2,0.1,1.4,7.5,-0.5,2.9,0.1,18.3,16.1,7.2,1.0,0.3,0.4,1.2,0.9,1.6,8.8,0.9,0.8,1.0,3.3,-0.2
0651-Goerzwerke,53.7,5.1,6.9,4.7,5.8,9.4,1,-0.3,-1.1,0.8,2.2,1.3,0.7,-0.5,-0.9,0.9,0,0.5,3.4,0.5,10.4,11.7,35.5,1.4,3.8,1.4,5.2,0.7,8.1,5.4,-1.3,0.0,0.0,1.1,-0.7
0661-Unter den Eichen,26,-0.5,22.4,0,11.3,8.8,9.6,1.2,1.4,8.8,2.1,2.5,7,0.4,1.2,0.8,5.8,-0.5,-2.2,-0.5,14.1,17.2,11.0,1.0,0.3,1.0,0.9,2.1,2.4,9.0,1.3,0.7,0.3,3.0,0.4
0662-Carstennstraße,25.5,2.3,14.9,0.3,9.2,6.8,5.8,0.2,0.9,4.3,2.2,1.1,3,-0.2,-0.3,0.5,1.9,-0.5,10.6,2.0,17.9,18.0,9.4,0.8,0.7,0.8,0.5,0.8,2.2,6.6,0.3,0.3,0.2,1.3,-0.2
0663-Thuner Platz,25.3,0.1,18.7,-0.2,10.8,7.3,7.7,0.7,2,7.7,2.6,2.1,10.7,0.1,3.1,1.3,8.5,-0.5,-3.2,0.3,16.2,18.8,9.7,0.5,0.8,0.7,0.7,1.6,1.9,7.3,0.9,0.7,0.9,2.9,0.4
0664-Hindenburgdamm,26,0.1,19.3,0.9,8,8.4,9.3,0.9,-2.1,7.4,2.8,2.4,6.5,-0.2,0,1,6.2,-0.3,0.9,-0.7,15.0,16.0,10.1,1.2,0.6,0.5,0.8,1.6,2.2,8.5,0.6,0.5,0.7,2.8,-0.2
0671-Calandrellistraße,23.6,2.5,17.9,-0.3,9.5,7.9,14.9,1.6,3.4,10.3,2.9,2.5,13,0.3,-0.5,1.4,8.3,-0.1,-3.1,2.8,12.4,26.6,8.1,0.7,1.1,1.1,1.1,0.8,1.6,8.7,1.8,0.7,1.0,3.3,0.2
0672-Kaiser-Wilhelm-Straße,23.7,0.2,16.3,0.1,9.1,12.7,14.7,1.9,2.1,12.9,3.9,4,8,-0.1,-1.5,1.8,9.8,-0.3,-2.3,0.1,13.0,21.8,8.5,1.5,0.4,0.5,1.1,1.2,1.5,12.9,2.0,1.1,0.8,4.3,-0.2
0673-Frobenstraße,21.3,1.1,13.4,0.1,5.8,9.5,11.3,1.6,-0.4,9.6,3.3,2.6,5.8,-0.1,-2,1.1,5.5,-0.2,4.9,1.0,14.1,22.9,6.2,0.8,0.3,0.4,0.9,0.9,1.2,9.7,1.5,0.6,0.6,2.8,-0.2
0674-Preysingstraße,23.3,0.4,12.2,0.5,11.9,15.2,13.5,2.7,-0.3,13.1,5.1,7.8,13.1,-0.9,-0.7,4.2,19.7,-0.3,2.6,-0.2,17.7,19.0,13.5,3.7,1.5,0.6,2.0,1.4,1.9,14.9,2.2,2.0,3.2,8.5,-0.8
0681-Boelckestraße,22.2,-0.1,17,0.7,11.8,13.1,16.4,2.6,2,13.1,4.7,4.7,10.5,-0.3,-0.1,3.1,11.3,-0.2,-1.2,-0.8,14.7,20.5,12.2,3.8,0.6,0.5,1.2,1.6,2.0,13.7,2.6,1.5,0.8,5.5,-0.2
0682-Rathaus Tempelhof,25.6,-0.5,22.9,-0.1,18.6,12.3,14.8,3.1,1.1,11.5,4.4,4,9.8,-0.3,-0.4,2.5,10.9,-0.2,-5.0,-0.4,14.1,19.6,12.7,3.1,1.5,0.9,1.0,2.0,1.8,12.7,2.8,1.0,1.1,4.8,-0.3
0683-Attilaplatz,27.8,0.4,19.9,0.5,14.3,12.7,16.2,2.8,2.1,12.1,4.4,5.1,14.2,0.5,0.5,3,15.6,-0.2,2.3,-0.1,14.9,16.8,13.2,3.1,1.1,0.8,0.9,2.7,2.3,13.3,2.7,1.4,1.8,6.3,0.6
0691-Platz der Luftbrücke,35.9,0,26.1,0.8,33.2,14.7,13.5,3.5,1.4,14.8,4,8.3,17.9,1,3.7,4.4,22.9,-0.1,-5.1,-0.9,18.0,13.1,26.9,6.4,2.5,1.0,1.5,7.6,2.4,14.4,2.9,2.0,3.0,10.9,1.7
0692-Gottlieb-Dunkel-Straße,34.9,-5.7,29.3,-0.3,22.2,19,19.7,3.3,2.8,18,6.9,11.3,17.2,0.8,0.5,6.4,23.8,-0.9,-13.3,-5.3,12.4,16.4,20.7,8.1,1.7,0.9,1.3,3.9,1.9,19.2,3.2,1.8,2.0,12.5,0.8
0701-Monopolstraße,23.5,1,19,0.2,14,12.9,15.6,2.9,2.7,11.8,4.9,5,14.4,0,0.1,3.4,14.7,-0.3,-5.0,0.8,13.4,22.3,11.3,2.8,0.6,1.1,1.0,2.3,1.6,13.3,2.9,1.6,1.3,6.0,0.0
0702-Volkspark Mariendorf,23.4,0.5,16.4,0.5,13.4,14.7,20.3,3.1,0.3,14.4,5.7,5.8,21.5,0.2,0.2,4.1,16.8,-0.1,1.3,-0.1,15.3,19.1,11.9,3.1,0.6,1.5,1.3,2.1,1.2,15.5,2.7,1.7,2.0,7.7,0.2
0703-Heidefriedhof,22,-0.1,18,0.4,10.5,12,17.9,2.8,3.4,9.5,4.6,5.2,19.5,0.1,-0.8,3.2,15.8,-0.5,-5.4,-0.6,15.0,23.2,9.2,2.4,0.5,1.5,0.9,1.3,1.0,12.8,2.9,1.4,2.5,6.5,0.0
0704-Trabrennbahn,19.5,2.5,12.2,0.5,2.8,8.4,13.1,1.5,2.5,7.3,2.7,1.5,3.8,0.1,1.5,0.7,2.8,-0.6,6.1,2.0,14.0,24.8,4.6,1.0,0.2,0.2,0.5,0.9,1.0,8.7,1.6,0.4,0.2,1.6,0.2
0711-Lankwitzer Straße,41.2,1.4,14.5,2.4,15.1,12.9,6.9,3.6,-3.8,9.3,3.3,2.8,3.3,0.1,-0.9,1.3,4.7,0.1,3.6,-1.0,16.0,9.2,21.6,4.4,0.7,0.9,1.0,1.8,5.9,11.3,1.7,0.5,0.0,2.9,-0.1
0721-Mauserstraße,24.6,-3.6,17.8,-0.5,11.8,11.3,18.8,-0.1,7.1,11.4,4.4,4.1,23.2,-1.9,5.9,1.7,18.3,-0.5,3.4,-3.1,15.4,17.7,8.0,1.0,0.6,0.4,0.8,2.2,1.6,12.0,0.6,1.4,2.3,5.7,-1.4
0731-Kiepertstraße,61.6,-0.5,40.5,1.1,7.4,17.2,15.8,1.1,-1.4,20,3.5,7.3,12.2,0,1,2.8,14.7,-0.5,-1.5,-1.6,17.9,16.4,10.9,1.6,1.0,1.6,1.6,1.8,1.2,17.0,0.7,1.2,2.7,7.8,0.1
0732-Waldsassener Straße,20.9,-0.1,17.2,0.6,9.5,15,18.2,3.3,1.1,13.6,5.4,7.7,16.7,-0.2,-0.6,4,18.6,-0.4,-2.0,-0.7,15.8,19.9,8.6,1.8,0.6,1.0,1.9,1.0,0.9,15.4,3.1,1.8,2.8,8.5,-0.2
0733-Diedersdorfer Straße,15,-2.5,21.9,-0.9,7.1,10,5.8,4.2,-2.9,12,3.1,1,0,0.1,0,0.5,0,-0.7,0.0,-1.6,12.4,17.9,12.2,2.4,0.9,0.2,0.8,0.8,2.0,9.3,3.0,0.0,0.0,0.9,0.1
0741-Lichtenrade Nord,19.5,-0.1,15.9,0.2,4.6,9.5,13.3,1.4,2.8,9.9,3.6,3.2,9,-0.1,-1.6,1.8,7.3,-0.2,0.7,-0.3,17.2,17.2,5.2,0.9,0.2,0.3,0.8,0.8,1.1,9.8,1.5,1.2,0.6,3.5,-0.1
0742-Lichtenrade Süd,22.9,1,18.8,0.1,5.7,11.3,15.8,1.1,0.3,10.6,4.1,5.6,18.3,-0.3,-1.2,3.2,14,-0.4,2.3,0.8,17.8,17.9,6.5,1.1,0.5,0.6,1.3,0.7,0.9,11.7,1.1,1.6,1.9,6.4,-0.4
0751-Reuterplatz,40.7,0.6,24.1,0.8,39.3,18.4,18.6,1.7,1.1,11.8,6.4,12.1,20.5,0.4,0.7,7.1,31,-0.2,-4.3,-0.2,16.9,9.9,31.8,12.1,3.5,0.8,1.3,6.0,4.0,18.4,1.5,1.8,3.9,14.8,0.5
0761-Roseggerstraße,41.4,-0.1,26.8,1.1,40.9,19.8,18.9,1.8,0.1,13.1,6.7,14.3,23.9,0.4,2.6,8.1,32.4,-0.3,-3.1,-1.2,18.2,11.7,32.3,11.6,3.9,1.2,1.5,7.2,3.0,19.5,1.2,2.6,4.6,17.4,1.2
0771-Grenzallee,53.5,-2,31.8,0.5,38.2,25.7,23.1,1.9,-0.5,17.5,9.1,14.9,22.6,1.4,-0.8,8.6,32.6,0.3,-11.5,-2.5,15.6,12.2,33.6,15.4,2.4,1.5,2.1,5.4,2.5,24.7,1.0,1.5,4.6,17.4,0.7
0772-Dammweg,26.4,0.2,15.4,0.2,26.3,23,28.5,1.8,2.2,18.7,9.1,20.8,34.4,0.3,2.8,14.2,40.6,-0.2,0.8,0.0,23.6,15.2,24.6,15.6,1.5,0.3,1.5,2.2,1.2,24.7,1.9,3.8,9.6,24.1,0.8
0781-Rathaus Neukölln,42.4,-1.1,24.2,0.6,45,21.1,21.3,1.4,1.2,14.6,7.4,18.5,25.6,0.1,0.4,11.6,38.4,-0.1,-4.4,-1.7,21.0,8.2,41.8,20.1,4.3,0.7,2.0,7.0,3.4,21.2,1.4,2.7,7.1,21.5,0.2
0782-Thomasstraße,45.1,1.4,25.1,2,43.1,21.1,20.9,2.5,1.9,14.9,7.2,15.4,23.6,0.5,2.2,8.5,35.1,-0.2,-0.9,-0.6,19.7,10.4,36.8,15.7,4.5,0.6,1.5,7.5,2.8,21.0,2.3,2.4,5.7,18.4,1.2
0791-Volkspark Hasenheide,28.3,-0.9,17,-0.7,23.5,14.3,13.7,1.9,-1.8,16.4,3.3,11.5,27.3,1.5,8,7.8,39.2,-0.1,-6.4,-0.1,18.7,9.5,23.7,3.3,4.2,0.2,1.5,1.7,7.6,14.1,0.9,0.6,5.1,15.3,2.9
0792-Leinestraße,46.8,-0.4,28.3,0.3,44.1,21.6,20,1.8,1.1,13.7,7.2,16.2,23.1,0.6,3.1,9.1,34.8,0.0,-3.7,-0.7,18.6,9.6,37.3,15.9,4.2,0.8,1.6,7.1,3.2,21.0,1.5,2.2,5.2,18.8,1.5
0801-Gradestraße,27.6,1,22.1,0.2,16.5,16.5,21.2,2.2,-0.1,12.1,6,9.4,20.2,1.1,-0.2,5.9,24,-0.3,-3.8,0.8,14.6,21.5,13.6,5.8,1.1,0.7,1.4,2.0,1.0,17.3,1.9,2.1,3.1,10.9,0.9
0802-Buschkrugbrücke,28.7,0.5,21.6,0.9,25.8,16,20.3,0.4,1.8,13.3,6.5,9.6,21.3,0.3,2.8,6.2,23.3,-0.5,3.0,-0.4,16.8,16.6,19.3,8.7,1.9,0.5,1.5,2.6,1.3,17.0,0.8,1.6,3.3,11.8,0.8
0803-Mohriner Allee,22.8,-1.7,19,-0.8,2.9,10.7,16.8,1.6,5.3,6.8,3.4,4.4,7.8,0,0.6,2,5.1,-0.3,-6.3,-0.9,17.5,13.1,5.7,1.2,0.3,0.4,0.2,0.9,1.3,11.1,1.9,0.8,0.4,4.6,0.0
0804-Parchimer Allee,21.7,0.8,17.5,0,8.8,14.3,19.5,1.2,-1.3,11.5,5.4,7.2,22.2,0.3,0.8,4.8,18.1,-0.4,-0.2,0.7,14.4,21.8,9.0,4.0,0.5,0.6,0.9,1.0,0.8,14.9,0.9,2.0,2.0,8.6,0.3
0805-Britzer Wiesen,19.2,0.1,6.3,0.9,8,11.7,17.7,3.1,4,13.3,2.6,7.2,15.6,-0.2,-3.1,4.7,14.1,-0.6,22.9,-0.7,15.3,21.0,7.8,2.2,1.0,0.4,0.9,0.5,1.0,12.4,3.2,1.3,1.6,7.8,-0.4
0806-Schlosserweg,23,-1.3,20.2,-0.2,3.8,12.8,14.7,1.1,0.8,15.3,5,3.8,11.2,0.1,2.2,2.4,3.6,-0.1,-7.9,-1.1,13.5,21.5,7.9,1.3,0.2,0.3,1.0,0.6,2.7,13.0,1.1,0.2,0.4,4.4,0.3
0811-Marienfelder Chaussee,17.8,-1.3,15.3,-0.1,7.8,10.3,18.2,0.5,1.9,11,4,4.3,17.2,0.2,3.9,3,11.4,-0.4,0.7,-1.2,15.5,19.1,7.0,2.0,0.4,0.8,0.7,0.8,0.9,11.1,0.6,1.1,1.4,5.2,0.5
0812-Alt-Buckow,23.6,-0.1,15.1,0.2,7.3,12.2,16.2,0.7,2.2,9.7,4.4,7,20.6,0.7,1.8,3.6,16,-0.4,3.1,-0.3,17.9,17.0,7.9,2.1,0.4,0.7,0.8,1.3,1.2,12.6,0.9,1.8,2.5,8.1,0.7
0821-Zadekstraße,18.4,0.2,15,0.3,8.4,12.4,20.1,0.6,-0.6,10.9,5.1,4.6,13.8,-0.5,-1.7,3.4,11.8,-0.2,0.4,-0.1,14.5,23.9,7.9,2.4,0.3,0.7,1.0,1.1,1.1,13.2,0.6,1.3,1.3,5.4,-0.6
0822-Lipschitzallee,20.1,0.4,14.2,0.4,20.1,15.8,22.8,1.5,2.3,12.5,6.7,10.1,27,0.4,1.6,6.8,29.6,-0.3,1.2,0.0,16.6,22.3,13.7,5.4,1.5,0.9,2.1,1.1,0.9,17.0,1.7,2.7,5.0,12.4,0.6
0831-Wutzkyallee,19.6,-0.6,16.2,0.4,14.7,14,21.6,1.1,1.1,11.8,5.7,7.7,22,-0.2,-1.4,5.1,20.8,-0.3,-1.4,-1.0,18.3,17.7,12.6,4.7,0.6,0.7,1.6,2.4,0.8,15.3,1.2,2.1,3.3,9.5,-0.3
0832-Alt-Rudow,16.5,0.1,12.7,0.1,4.2,9.5,12.4,0.8,0,7.4,3.7,2.5,8.2,0,0.1,1.5,5.4,-0.4,1.2,0.1,17.1,17.9,4.8,0.9,0.1,0.3,0.6,1.0,1.0,9.7,0.7,0.6,0.9,2.8,0.0
0833-Waltersdorfer Chaussee,22,1.2,14.5,0.7,5.2,10.1,17.2,1.1,3.3,10.3,3.6,5.2,16.6,-0.4,-0.4,3.2,12.4,-0.4,4.9,0.5,22.4,13.2,6.0,1.7,0.2,0.3,0.9,0.8,0.9,10.6,1.3,1.6,1.8,5.9,-0.3
0841-Flottenstraße,32.7,-1,25,0,0,11.5,6.3,5.3,-11.4,10,2.5,1.8,0,-3.4,0,0,0,1.5,8.3,-1.0,12.5,9.4,12.0,3.1,1.6,0.0,0.5,3.1,0.5,11.7,3.9,0.0,0.0,1.6,-3.0
0851-Teichstraße,27,1.5,19.5,0.9,15,14.9,17.6,1.8,0.9,14.2,4.5,6.8,15.7,-0.1,0,3.6,17.5,-0.3,-0.6,0.7,14.8,21.9,11.8,4.2,0.9,0.4,1.6,1.6,1.2,15.3,1.7,1.9,1.9,7.9,-0.1
0852-Schäfersee,31.8,1,21,0.8,18.9,16.2,16.9,3.1,3,14,5,9.1,15.7,0.4,0,4.6,22.2,-0.4,-1.6,0.3,16.1,17.2,15.8,5.8,1.4,0.6,1.3,3.0,1.4,16.3,3.1,2.1,2.5,10.1,0.3
0861-Scharnweberstraße,27.2,-0.6,19.5,0.4,19.8,15.7,18.9,1.8,3,16.5,4.8,8.5,20.6,0.5,0.4,4.4,24.1,-0.5,-1.6,-1.0,16.0,18.2,15.2,5.0,1.5,1.0,1.3,2.3,1.8,16.3,2.1,2.1,3.4,10.4,0.5
0871-Flughafen Tegel,18.6,-1.3,8.7,0.2,4.9,7.9,6.4,2,-13.8,8.5,2.9,2,2.1,0.5,2.1,0.5,1.4,-0.5,4.3,-1.6,16.6,12.6,8.5,0.4,0.4,0.1,0.7,0.6,4.3,7.8,0.5,0.3,0.0,2.0,0.6
0881-Borsigdamm,35.8,-0.5,33.3,0.2,15.2,7.9,8.3,1.6,6.4,8.3,1.3,1.1,0,1.1,0,0,0,-1.2,-12.1,-0.7,18.5,13.0,11.7,1.8,0.0,0.3,0.7,4.0,2.0,8.0,2.3,0.0,0.0,1.2,1.2
0882-Flohrstraße,21.2,1.6,0,0.4,44.4,9.3,15.4,2.4,12.6,0,3.8,4.2,0,2.1,0,2,0,1.2,0.0,1.2,11.0,13.9,22.9,10.6,0.4,3.7,1.6,2.4,2.0,10.8,4.9,0.0,0.0,3.7,2.0
0891-Ehrenpfortenberg,24.1,-3.4,0,3.4,0,11.1,0,2.8,#DIV/0!,#DIV/0!,0,0,0,0,0,0,0,3.4,0.0,-6.9,28.6,10.7,10.7,0.0,0.0,3.6,0.0,0.0,3.6,10.0,1.7,0.0,0.0,0.0,0.0
0892-Tegeler See,55.4,9.2,0,-10.8,0,13.6,#DIV/0!,-0.3,#DIV/0!,0,6.8,0,0,0,0,0,0,0.0,100.0,20.0,14.9,6.0,3.0,0.0,0.0,0.0,0.0,0.0,1.5,13.6,2.0,0.0,0.0,0.0,0.0
0893-Tegeler Hafen,26.2,0.9,18.8,-0.2,8.5,10.6,11.5,1.3,1.7,9,3.3,3.3,5.8,0,0.9,1.7,6.7,-0.4,1.7,1.1,15.2,18.1,9.3,2.7,0.1,0.4,0.7,1.7,2.4,10.7,1.3,0.9,0.4,3.5,0.0
0894-Ziekowstraße,17.1,0.8,14.5,0.2,5.6,10.7,12.9,0.5,1.2,8.2,3.7,3.3,3.1,-0.1,0.7,1.6,7.4,-0.5,1.8,0.6,12.8,24.5,5.0,1.3,0.2,0.2,0.7,0.6,1.0,10.9,0.5,0.9,0.3,3.3,-0.1
0895-Tegel Süd,25.2,0.7,15.4,0,10.7,14.1,17.4,1.6,2.5,13.5,4.7,6.7,16.5,0.1,0.6,3.7,15.4,-0.4,-1.9,0.7,16.7,18.9,9.6,2.9,0.4,0.6,1.2,1.4,1.4,14.5,1.7,1.8,2.1,7.6,0.1
0896-Saatwinkel,12.2,-1.8,20,-0.4,2.2,6.6,0,3.9,0,0,0.8,1.6,0,0.4,0,0,0,0.0,-10.0,-1.5,17.2,17.6,3.1,0.8,0.0,0.4,0.8,0.0,0.4,6.3,3.8,0.0,0.0,1.5,0.4
0901-Konradshöhe,15.1,0.1,12.5,0.3,4.2,6.4,3.7,0.3,1,7.2,2.1,0.8,1.8,0,0.6,0.5,1.7,-0.2,1.1,-0.2,16.9,17.0,4.6,0.3,0.2,0.1,0.5,1.0,1.5,6.2,0.4,0.2,0.0,0.9,0.0
0911-Alt-Heiligensee,16.7,-0.3,11.8,0,1.5,7,6.3,1.1,1.2,7.5,2.3,0.5,0,-0.1,0,0.3,0.8,-0.6,4.6,-0.2,18.4,15.4,3.1,0.2,0.0,0.1,0.3,0.3,1.2,6.9,1.1,0.1,0.0,0.5,-0.1
0912-Schulzendorf,17,0.5,12.5,0,1.7,7.1,8.1,0.8,1.5,7.1,2.3,1.5,0.9,0,0,0.7,2.3,-0.4,5.3,0.5,17.7,16.5,3.1,0.4,0.1,0.1,0.4,0.3,1.1,7.2,0.8,0.4,0.1,1.5,0.0
0921-Hubertusweg,29.6,7.1,15.1,0.5,0.8,6.5,2.1,0.4,-0.1,5.9,2.5,1.7,0,0.5,0,0.3,2.7,-0.8,42.5,6.6,16.5,19.6,3.7,0.5,0.1,0.1,0.4,0.3,1.5,6.4,0.5,0.0,0.0,1.6,0.5
0922-Zeltinger Platz,18.1,0.3,13,0.1,2.2,5.3,5.8,0.4,0.9,3.8,1.7,0.7,1.3,0,0.1,0.4,0.9,-0.5,8.3,0.2,17.2,20.4,4.3,0.2,0.1,0.2,0.4,0.3,1.7,5.3,0.4,0.1,0.1,0.7,0.0
0931-Hermsdorf West,16.9,-0.9,14.4,0.2,2.9,6.4,4.3,1.1,0.3,4.9,1.9,0.7,0,-0.1,0,0.3,0.9,-0.7,-1.1,-1.1,16.5,19.3,4.1,0.1,0.1,0.2,0.5,0.3,1.7,6.3,1.1,0.1,0.0,0.7,-0.1
0932-Hermsdorf Ost,19.9,0.2,17.3,0.1,4.9,7.3,6.7,1.7,1.2,7.2,2.3,0.8,3.3,0,-1.3,0.4,1.9,-0.7,1.7,0.0,17.6,16.9,4.8,0.2,0.2,0.3,0.6,0.5,2.0,7.2,1.7,0.3,0.1,1.0,-0.1
0941-Waidmannslust,27.1,0.3,19.6,0.1,11.1,13.2,16,1.6,0.9,12.1,4.5,7.4,13.3,-0.2,0.1,4.1,15.5,-0.4,2.1,0.2,19.2,17.7,9.2,2.6,0.8,0.5,1.3,0.7,1.7,13.5,1.5,1.8,2.4,8.0,-0.2
0951-Lübars,13.7,0,12.2,0,1.9,8.3,9.8,1.5,0.5,7,2.6,1.7,7.9,-0.2,0.2,1,3.1,-0.1,2.0,0.0,18.8,14.6,3.3,0.2,0.1,0.2,0.9,0.2,1.0,8.3,1.5,0.3,0.4,1.9,-0.2
0961-Hermsdorfer Straße,24.8,2.5,18,0.1,5.8,9.5,9.5,1.4,0.5,10.1,2.6,2.9,6.1,-0.1,0.9,1.4,5.6,-0.3,6.2,2.3,16.2,17.0,6.8,0.9,0.3,0.2,0.9,0.9,2.3,9.5,1.3,0.7,0.5,3.1,-0.1
0962-Lübarser Straße,26.2,0.8,28.4,1.1,10.1,12,13.7,1.2,-0.3,9.7,3.9,4.2,2.5,0.5,-1.6,1.4,8.9,-0.5,3.9,-0.2,15.9,22.1,7.5,1.2,0.2,0.2,1.3,2.7,0.8,12.1,1.1,1.3,0.7,4.0,0.3
0963-Märkisches Viertel,26.4,0.5,19.7,0.3,9.4,15.6,16.7,2.1,2.1,15.2,5.1,10,19.5,0.4,-1.1,5.2,24.2,-0.4,4.2,0.3,20.0,17.2,9.1,2.5,0.5,0.5,1.4,0.9,1.8,15.7,2.1,2.3,4.0,10.8,0.3
0964-Tessenowstraße,21.5,0.9,15.2,0.5,9.1,11.8,13.1,1.1,0.2,12.5,4,5.3,9.3,0.8,-0.3,2,10.6,-0.3,0.0,0.4,12.7,22.2,7.7,1.8,0.8,0.4,0.8,1.0,1.5,12.0,1.1,1.3,0.6,5.6,0.8
0971-Breitenbachstraße,42.1,14,#DIV/0!,0,0,3.3,0,0.3,0,#DIV/0!,2.6,0,0,0,0,0,0,8.8,#DIV/0!,14.0,10.6,16.7,13.6,0.0,0.0,0.0,0.0,0.0,12.1,2.6,0.2,0.0,0.0,0.0,0.0
0981-Karlplatz,43.7,-5.4,29.5,4,5.3,7.3,2.1,0.7,-4.3,3.7,1.3,1.1,0,-0.8,0,0,2.6,-0.4,-13.6,-9.3,10.5,5.3,19.2,0.4,0.2,2.3,2.4,0.2,6.4,6.2,-0.4,0.3,0.0,1.0,-0.7
0982-Luisenstraße,46.1,2.6,23.3,4.5,17.6,11.1,4.3,3.7,-2.6,10,1.8,2,3.6,1.1,-2.1,0.3,7.2,0.2,0.0,-1.9,13.1,7.5,19.2,0.9,0.8,1.6,1.0,0.9,6.9,9.7,2.4,0.3,0.0,2.3,0.6
0983-Habersaatstraße,42.9,0.8,29,-0.2,9.5,8.9,4.4,0.9,0.6,5.6,1.7,2.7,2.7,-0.3,-1.1,1.1,7.5,-0.5,-1.6,1.0,10.7,5.7,13.9,0.3,0.5,0.9,1.0,0.4,4.8,8.2,1.0,0.4,0.0,2.7,-0.4
0991-Rosenthaler Platz,46.1,3.6,26.9,1.5,8.3,10.6,5.7,0.7,-1.6,5.8,2.5,3.9,3.7,0,-1.8,1.5,10.9,-0.4,-10.7,2.1,10.8,7.9,15.3,1.1,0.3,1.8,0.5,0.8,5.7,9.7,0.2,0.6,0.4,3.9,-0.3
0992-Schwarzkopfstraße,57.8,0.8,43.5,-0.6,47,11.7,9.6,1.9,1.2,6.6,2.8,4.1,5,0.4,2.5,0.9,9.9,-1.0,-4.1,1.4,17.1,10.7,24.8,0.8,4.0,5.1,2.0,5.0,3.9,11.2,1.7,0.8,0.5,4.3,1.0
0993-Arkonaplatz,45.1,1.8,24.8,1.4,4.5,12,7.1,0.5,1.7,6.4,2.8,4.3,2.8,-0.1,-0.6,1.4,8.8,-0.2,-6.3,0.4,11.8,4.9,12.1,0.6,0.3,1.0,0.4,0.4,5.4,11.4,0.5,0.7,0.5,4.1,-0.2
1001-Oranienburger Straße,39.7,0.7,21.1,1.2,11.2,10.3,5.9,0.6,0,7.3,2.9,4.4,6.1,0,0.4,1.6,13.6,-0.3,-5.7,-0.5,14.2,9.4,15.2,0.8,0.8,1.4,0.7,0.3,5.2,9.6,0.4,0.8,1.0,4.6,0.0
1002-Rosenthaler Straße,45.5,3,23.6,1.6,11.7,12.7,6.2,0.9,-0.6,8.2,2.9,5.3,5.5,-0.3,-0.4,1.8,11.6,-0.2,-0.9,1.3,15.6,4.6,14.8,1.1,0.6,1.0,0.5,1.0,5.7,11.7,0.5,1.1,0.7,5.3,-0.3
1011-Spandauer Straße,22.9,0.5,19.7,0.6,20.1,11,10.4,-0.4,2.4,6.9,3.3,2.2,7.4,0.2,-0.1,1,8.7,-0.5,4.5,-0.1,6.7,24.5,11.7,0.4,0.9,2.0,1.0,0.6,2.8,10.9,0.0,0.2,0.9,2.8,0.2
1012-Hirtenstraße,36.3,-0.6,34.5,1.7,11.3,13.7,12.6,1.7,2.3,10.7,3.5,4.1,7.6,-0.5,3.3,1.6,11.1,-0.1,-11.8,-2.3,11.1,14.0,13.7,0.4,0.9,1.4,0.6,0.8,3.9,13.5,1.8,0.6,1.1,4.6,0.0
1021-Dorotheenstadt,37.2,1.6,17.6,2.5,0,8.4,1.8,-1.3,-0.7,5.4,2.8,1.3,0,0,0,0,0,0.3,-11.8,-0.8,13.5,5.3,15.3,0.0,0.3,1.9,0.0,0.5,5.8,7.4,-1.2,0.0,0.0,1.6,0.5
1031-Glinkastraße,24.5,-2.8,19.4,-0.5,27.4,8.2,4.6,0.5,0.5,4.1,1.9,1.9,5.1,-0.5,0.4,1.4,7.6,-0.3,-6.7,-2.3,16.4,8.7,32.6,0.7,1.5,14.3,0.6,0.8,3.2,6.9,0.5,0.4,1.3,3.0,-0.2
1032-Französische Straße,28.4,2,23.1,1.4,18.5,9.2,6.9,1.8,0.1,7.2,2.4,2.4,7.7,0,-0.2,1.4,8.9,-0.3,-0.7,0.6,9.9,18.7,16.8,0.7,0.8,3.5,1.3,1.9,3.1,8.7,1.4,0.4,0.6,3.3,0.1
1041-Michaelkirchplatz,35,2.4,23.7,1.2,19.1,10.6,7.8,1,-0.6,7.1,2.4,3,6,0.8,0.6,1,9.6,-0.6,-2.9,1.1,11.8,14.2,14.6,3.0,0.9,1.0,0.9,1.3,3.0,10.1,0.7,0.7,0.7,3.5,0.8
1042-Inselstraße,26.7,-1.1,26.9,0.7,18,11.4,11.2,0.3,-2,7.9,2.8,2.3,15.6,0.1,1.1,1.6,15.2,-0.4,-3.5,-1.8,9.6,24.0,11.4,0.7,1.3,1.7,0.8,0.5,1.7,11.3,0.0,0.5,1.8,3.8,0.3
1051-Stralauer Vorstadt,19,0.8,21.8,0.4,18.1,13,17.4,0.3,-0.4,9.7,4.6,2.3,13.4,0,-2.2,1.2,10.7,-0.6,-3.2,0.4,11.3,33.0,9.6,0.9,0.8,1.4,0.5,0.6,0.9,13.6,0.3,1.0,1.4,3.3,-0.2
1061-Schönhauser Allee,45.4,1.4,27.4,0.6,6.3,15,7.5,1.3,1,10.1,4.1,6,4.2,-0.3,-0.4,1.7,13.5,-0.1,-6.7,0.8,10.7,5.4,11.9,0.3,0.2,1.0,0.6,0.6,5.2,14.0,1.2,0.8,0.7,5.7,-0.4
1062-Berliner Straße,42.5,1.3,24,0.5,6.5,14.9,8.3,1.3,-2.2,10,4.3,5.4,4.4,0.2,-0.6,1.5,13,-0.4,-7.8,0.8,10.7,8.8,8.8,0.2,0.4,0.8,0.6,0.7,2.9,14.2,1.0,0.9,0.5,5.3,0.1
1071-Wichertstraße,40.7,0.9,22.9,0.5,5.1,14.7,9.1,0.9,1.7,8.9,4.2,5.8,4.8,0.2,-0.3,1.6,14.5,-0.4,-2.7,0.4,11.4,9.6,9.5,0.3,0.3,0.8,0.4,0.4,3.8,14.1,1.0,1.2,0.6,5.7,0.2
1072-Grellstraße,27.9,0.8,22,1,3.5,18.3,16,0.7,3.2,13.3,5.8,6.4,8.4,0,2.5,2,18,-0.3,-4.1,-0.2,10.9,21.9,4.4,0.2,0.1,0.5,0.2,0.4,1.0,18.2,0.8,1.5,0.7,6.4,0.1
1081-Anton-Saefkow-Straße,41.3,0.2,26.1,0.3,5.6,19.8,12.6,1.6,-0.4,15.7,5.8,9.5,7.4,2.1,0.4,2.3,20,-0.4,-7.2,-0.1,11.0,13.6,7.2,0.2,0.3,0.6,0.5,0.2,2.5,19.2,1.3,1.9,0.9,9.3,2.0
1082-Michelangelostraße,23,1.2,19.8,0.3,4.2,16.1,12,1.2,-1.2,12.7,5.3,3.9,9.9,0.1,-1,1.3,13,-0.4,-6.4,0.9,9.8,24.1,3.1,0.2,0.2,0.4,0.2,0.1,0.5,15.9,1.1,1.1,0.7,4.1,0.1
1091-Paul-Heyse-Straße,42.9,5.6,27.2,0.8,14.8,18.1,11.2,2.2,3.5,13.5,5.4,7.5,3.9,0.4,-0.6,2.1,17.6,0.0,4.4,4.8,13.6,14.5,9.8,0.2,0.5,0.6,0.4,3.0,2.0,17.3,2.3,2.0,0.8,7.1,0.3
1092-Syringenplatz,39,-10.6,39.4,-10.5,32.7,15.7,19.2,2.1,4.5,13.4,4.9,4.5,4.8,1,2.3,1.4,11.5,-0.5,0.7,0.0,14.3,24.5,14.5,0.8,1.2,3.5,0.1,4.4,0.9,16.4,2.4,1.2,1.1,4.5,1.3
1101-Kastanienallee,45,2,23.9,1.5,7.1,13.9,7.3,0.9,0.5,8.9,3.6,5.6,3.5,0.3,0.2,1.4,12.5,-0.5,-2.8,0.4,13.4,4.9,13.5,0.4,0.4,1.4,0.6,0.6,5.5,12.9,0.7,0.9,0.8,5.3,0.3
1102-Kollwitzplatz,42.1,0.7,22.6,0.9,5.8,13.6,8.1,1,1,10,3.5,4.6,3.8,0.5,-0.2,1.2,9.6,-0.3,-6.2,-0.1,13.9,4.4,12.2,0.3,0.2,1.5,0.6,0.2,5.2,12.8,1.0,0.9,0.5,4.5,0.4
1111-Immanuelkirchstraße,41,1.6,23.4,0.7,7.3,14.4,8.2,2,0.8,10.4,3.4,5.4,5.2,0.5,1.3,1.5,11.5,-0.5,2.7,0.9,14.5,7.7,10.7,0.4,0.2,0.9,0.5,1.1,3.6,13.6,1.8,0.9,1.0,5.4,0.6
1112-Pasteurstraße,42.3,-0.1,25.1,0.8,6.3,14.2,6.5,1.5,0,9.7,3.9,4,3.1,-0.1,0.8,1.2,7.3,-0.5,-1.7,-1.0,13.0,7.9,10.6,0.4,0.3,0.6,0.7,0.8,4.4,13.2,1.2,0.7,0.3,3.9,0.0
1121-Zentralviehhof,13800,13266.7,#DIV/0!,666.7,7.5,12,6.7,12,#DIV/0!,2.4,1.9,0,0,0,#DIV/0!,0,0,166.7,#DIV/0!,12600.0,19.6,9.1,5.1,0.2,0.5,1.0,0.0,0.2,0.0,12.0,12.0,0.0,0.0,0.0,0.0
1131-Langenbeckstraße,58,12.6,16.7,2.5,9.5,6.5,14.3,2.2,14.3,11.8,0,0,0,-2.7,0,0,0,0.0,16.7,10.1,16.5,3.1,7.1,0.0,0.0,0.8,2.4,0.0,0.0,7.1,2.9,0.0,0.0,0.0,-2.5
1141-Friedensstraße,25.1,1,20,0.7,9.6,13.9,15.3,1.4,3.1,11.3,4.4,4.8,11.5,0.7,1.1,1.7,15.6,-0.6,1.3,0.3,11.8,23.6,6.3,0.3,0.4,0.7,0.4,0.5,0.8,14.0,1.6,1.2,1.3,5.3,0.8
1151-Rigaer Straße,49.7,3,28.6,1,11,15.4,13.2,2.1,1.3,11.2,3.9,8,10,0.7,0.1,2.4,18.9,0.0,-4.7,1.9,11.9,8.0,10.1,0.4,0.3,1.0,0.5,1.1,2.4,15.1,2.0,1.3,1.1,8.2,0.7
1161-Boxhagener Straße,49.5,2.1,29,1.3,11.8,16.2,14.1,2.5,0.9,11,4.1,8.6,10.3,0.6,1.7,2.3,20.2,-0.2,-5.0,0.9,12.6,7.0,10.2,0.5,0.3,0.8,0.5,1.4,2.8,15.9,2.3,1.4,1.1,8.7,0.8
1162-Warschauer Str. (S) nördl.,50.5,1.9,28.9,0.5,6.7,14.7,10.3,1.3,1.5,10,3.6,6.5,4.4,0,-0.2,1.8,15.2,-0.2,-11.2,1.4,10.4,5.7,10.0,0.5,0.3,0.6,0.5,0.8,3.2,14.2,1.3,0.9,0.8,6.3,-0.1
1171-Andreasstraße,22.5,-1.3,22.5,0.7,12.3,14.7,15.3,1.4,4.6,9.2,5,4.5,11.3,0.2,2.8,1.9,13.2,-0.5,-7.8,-1.9,11.4,27.0,6.6,0.6,0.3,1.2,0.4,0.6,0.8,14.8,1.6,1.0,1.1,4.9,0.4
1172-Straße der Pariser Komm.,42.8,-1.7,29.5,1,32.4,14.2,3.1,0.6,0.7,4.2,3.6,9.9,3.9,1.8,-0.7,2.3,15.7,-0.8,-10.0,-2.8,16.0,11.3,34.1,0.9,1.2,6.6,1.6,4.6,1.4,9.4,0.1,1.2,1.9,7.9,0.9
1181-Stralauer Allee,42.7,1.4,27.2,0.3,15.1,16.4,11.2,3.1,-3,13.6,4.7,7.4,8.7,-0.2,0.8,2.4,16.6,-0.6,-7.8,1.1,13.1,9.9,9.8,2.0,0.8,1.0,0.6,1.0,1.9,15.9,2.4,1.3,1.1,7.5,-0.1
1191-Alt-Stralau,45.7,10.2,22.3,1.9,4.3,9.9,6.2,1.6,4.5,9.3,2.1,2.4,2.6,0.1,-2.1,0.9,4.3,-0.5,14.3,8.3,16.2,9.0,6.3,0.2,0.1,0.8,0.4,0.5,1.3,9.7,1.7,0.3,0.0,2.4,0.0
1201-Elsenstraße,35.1,-0.2,23.8,0.1,9.7,13.7,15.2,0.4,0.5,10.3,4.2,5.5,12.2,0.5,1.9,1.4,13.6,-0.5,-3.3,-0.3,15.4,14.5,8.5,1.8,0.4,0.9,0.5,0.9,1.5,13.8,0.4,1.3,1.2,6.1,0.6
1202-Baumschulenweg,25.4,0.3,25.6,0.2,4.8,15.4,14.9,1.6,1.1,10.3,4.6,3.2,11.9,0.3,3.2,0.8,10.5,-0.5,-4.2,0.1,9.4,29.3,2.9,0.3,0.1,0.3,0.2,0.5,0.3,15.4,1.5,0.9,0.7,3.5,0.4
1211-Plänterwald,62.4,-36.7,50,-27.5,0,21.4,-50,0.6,-53.4,33.3,10,4.8,#DIV/0!,4.8,#DIV/0!,0,0,0.0,-33.3,-9.2,20.6,4.8,0.0,0.0,0.0,0.0,0.0,0.0,0.0,25.0,10.7,0.0,0.0,4.8,4.8
1221-Niederschönweide,35.7,0.2,25.1,0.2,6.3,14.3,9.5,2.2,0,10,3.9,4.5,7.9,-0.1,0.5,0.9,12.7,-0.2,-1.4,0.0,13.6,20.2,7.0,0.8,0.9,0.8,0.3,1.7,0.4,13.8,1.9,1.1,1.1,4.8,-0.1
1231-Adlershof,29.5,0.7,25.6,-0.1,1.7,13.3,13,0.5,3.8,9.2,4.1,3.7,10.2,0.2,6.9,0.9,9.2,-0.5,-3.5,0.9,13.0,22.1,1.8,0.1,0.1,0.2,0.1,0.3,0.4,13.3,0.6,1.2,0.5,3.8,0.3
1241-Siedlung Späthfelde,14.5,1.9,7.9,0,3.5,5.8,8.9,-1.4,6.4,6.7,2,0.4,0,-0.2,-6.4,0,0.7,-0.4,9.2,1.9,20.8,12.7,2.7,0.7,0.0,0.1,0.1,0.7,0.4,5.9,-1.1,0.0,0.0,0.4,-0.3
1242-Johannesthal,19.3,-0.4,19.3,-0.1,1,12.1,13.5,1.8,6.9,8.3,3.7,2.5,5,0.6,1.6,0.6,7,-0.3,0.2,-0.3,13.3,24.3,1.7,0.2,0.1,0.2,0.2,0.2,0.4,12.2,1.9,1.0,0.4,2.6,0.6
1251-Rudower Chaussee,69.6,-5.8,40,-2.3,44.4,4.4,2.3,-3.2,2.3,0,2.5,25.4,6.1,-0.8,-1.2,8.7,0,-0.4,0.0,-3.5,3.7,19.8,20.2,0.0,0.8,5.4,1.2,2.5,0.4,3.8,0.3,0.0,0.0,21.5,-0.7
1261-Altglienicke,26.2,-1.4,20,-0.3,2.1,12.2,17.8,1.2,5.7,8.8,3.8,4.8,18.3,0.3,6.3,1.4,10.7,-0.9,-1.2,-1.1,23.6,11.4,2.7,0.3,0.1,0.6,0.2,0.4,0.3,12.4,1.3,1.3,1.5,5.2,0.4
1271-Bohnsdorf,17,0.9,11.5,0,0.8,9.4,10,0.6,3.2,8.9,2.8,1.6,5,0.3,-0.1,0.4,3.6,0.0,5.1,0.8,18.3,14.8,1.7,0.2,0.0,0.2,0.3,0.1,0.4,9.4,0.7,0.5,0.3,1.6,0.3
1281-Helmholtzstraße,40.1,0.7,23.3,0,6.5,21.5,14.1,2.4,-2.9,16.7,7.6,10,10,-0.6,0.8,3.4,22.5,-0.4,5.3,0.7,14.6,17.7,4.2,0.2,0.2,0.7,0.5,0.5,0.1,21.1,2.2,1.6,1.8,10.0,-0.6
1282-An der Wuhlheide,41.8,1.2,29.8,0.5,9.6,19.8,16.4,2.1,2.9,14.6,6.6,8.7,11.8,-0.1,1.1,2.4,19.5,-0.5,0.8,0.8,15.4,19.0,5.5,0.4,0.1,0.8,0.5,1.5,0.3,19.6,2.2,2.1,1.8,8.9,-0.1
1291-Wuhlheide,20.7,1.1,0,0,36.4,42.4,7.7,-1.9,0.5,60,13.9,36.5,0,2.7,0,10.9,45.5,-1.1,0.0,1.1,12.0,0.0,19.6,1.1,0.0,10.9,0.0,1.1,5.4,36.7,-1.4,0.0,0.0,30.4,3.3
1301-Dammvorstadt,34,-0.8,24.4,-0.8,2.8,13.3,5.8,1.7,0.4,10.3,3.4,4.5,5.5,0.3,2.3,1.2,11.8,-0.2,-2.1,0.0,13.5,19.8,3.6,0.2,0.1,0.4,0.7,0.3,1.1,13.0,1.8,1.1,0.7,4.5,0.4
1311-Spindlersfeld,28.7,0.9,23.8,0.5,2.5,16.2,7.4,1.7,-0.5,12,5.1,6.1,2.3,0.2,-1.4,1.5,15,-0.3,0.7,0.4,15.5,17.6,2.8,0.1,0.1,0.6,0.6,0.2,0.4,15.8,1.6,1.7,1.2,6.0,0.2
1321-Müggelheimer Straße,23.3,0.5,18.9,0,1.5,14.9,15.1,1.1,2.7,10.1,5.1,5,11.1,0.1,0.7,1.5,12.9,-0.7,4.0,0.5,16.6,17.8,1.8,0.1,0.1,0.3,0.3,0.2,0.2,14.9,1.2,1.2,1.5,5.1,0.1
1322-Dregerhoffstraße,29.4,-1.3,28.8,-1.5,1.3,11,7.7,-0.2,3.7,7.9,3.5,1.4,2.5,-0.2,1.4,0.3,3.1,-0.2,-2.8,0.2,12.7,22.0,1.7,0.1,0.1,0.4,0.1,0.3,0.3,10.9,0.1,0.5,0.1,1.5,-0.2
1331-Grünau,21.7,0.5,15.6,0,0.3,11.1,4.1,1.3,1,7.8,3,1.6,2.8,0.1,2.8,0.5,3.5,-0.2,1.8,0.5,12.9,24.0,1.9,0.1,0.1,0.2,0.3,0.1,0.6,10.9,1.3,0.4,0.3,1.6,0.1
1341-Forst Grünau,21.1,0,#DIV/0!,0,#DIV/0!,10,0,-2.5,#DIV/0!,#DIV/0!,14.3,0,#DIV/0!,0,#DIV/0!,0,#DIV/0!,0.0,#DIV/0!,0.0,0.0,21.1,0.0,0.0,0.0,0.0,0.0,0.0,0.0,14.3,1.8,0.0,0.0,0.0,0.0
1351-Schmöckwitz,18.5,1.1,19.7,0.1,1.7,7.7,6.2,-0.6,4.8,3.9,1.7,0.7,0,0,0,0.1,2.1,-0.1,0.7,1.0,15.3,17.6,2.2,0.0,0.0,0.3,0.3,0.1,0.4,7.6,-0.4,0.3,0.0,0.7,0.0
1361-Rauchfangswerder,33.7,3.6,0,1,0,10.5,0,3.1,0,5,2.6,0,0,0,0,0,0,-2.3,13.3,2.5,19.6,14.0,7.2,0.0,0.0,0.2,0.2,0.2,0.4,9.2,3.1,0.0,0.0,0.0,0.0
1371-Seddinberg,16.4,-3.3,#DIV/0!,0,0,2.8,0,2.8,#DIV/0!,#DIV/0!,0,0,#DIV/0!,0,#DIV/0!,0,0,0.0,#DIV/0!,-3.3,13.8,17.2,0.0,0.0,0.0,0.0,0.0,0.0,0.0,3.2,3.2,0.0,0.0,0.0,0.0
1381-Müggelheim,16.4,1.6,9.3,0.1,0.5,10.2,6,0.8,-1.3,7.3,3.1,0.6,0,0.1,-4.9,0.2,1.3,0.2,4.2,1.6,17.9,14.8,1.1,0.0,0.0,0.3,0.1,0.1,0.1,10.1,0.7,0.2,0.0,0.6,0.1
1391-Rahnsdorf,17.7,1.7,11.4,0.1,1.5,7.7,6.4,-0.8,-0.1,5.5,2,0.7,5,-0.2,-0.6,0.1,1.3,-0.1,9.8,1.6,16.0,18.0,1.5,0.1,0.0,0.3,0.1,0.2,0.2,7.6,-0.8,0.2,0.1,0.7,-0.2
1401-Forst Rahnsdorf,188.2,-11.1,111.3,-9.5,76.1,44.5,4.1,29,2.7,9.8,0.6,15.2,1.7,-8.4,-0.3,0,8.7,0.0,-54.7,-1.5,13.0,9.6,68.4,1.0,7.1,23.9,0.1,19.7,0.0,14.5,11.4,0.0,1.9,5.9,-2.2
1411-Kämmereiheide,100,100,#DIV/0!,0,#DIV/0!,50,0,50,#DIV/0!,#DIV/0!,#DIV/0!,150,#DIV/0!,150,#DIV/0!,0,#DIV/0!,0.0,#DIV/0!,100.0,0.0,0.0,0.0,0.0,0.0,0.0,0.0,0.0,0.0,#DIV/0!,#DIV/0!,#DIV/0!,#DIV/0!,150.0,150.0
1412-Müggelberge,20,14.3,0,0,0,8.9,0,8.9,0,#DIV/0!,2.3,0,0,0,0,0,0,0.0,50.0,14.3,11.4,13.9,5.1,0.0,0.0,2.5,0.0,0.0,0.0,9.1,9.1,0.0,0.0,0.0,0.0
1421-Forst Friedrichhagen,3.7,-3.7,#DIV/0!,0,0,3.4,0,-10.3,#DIV/0!,0,3.8,0,#DIV/0!,0,#DIV/0!,0,0,-3.7,#DIV/0!,-3.7,13.8,23.1,0.0,0.0,0.0,0.0,0.0,0.0,0.0,3.8,-9.9,0.0,0.0,0.0,0.0
1431-Friedrichshagen,22.3,0.6,18.6,0.2,1.8,11.2,7.3,0.6,0.6,8.4,3.4,1.7,1.6,0,-1.3,0.5,3.9,-0.6,2.1,0.4,13.2,26.6,2.2,0.1,0.2,0.5,0.2,0.3,0.4,11.1,0.6,0.4,0.3,1.7,-0.1
1441-Uhlenhorst,18.6,-0.1,16.6,-0.2,0.6,12.8,9,1,3.7,8.2,4.1,2.2,2.9,-0.1,-1.7,0.6,5.2,-0.5,2.4,0.1,12.0,27.0,1.4,0.0,0.0,0.2,0.2,0.0,0.3,12.7,1.1,0.6,0.5,2.2,-0.2
1451-Waldsiedlung Wuhlheide,24.4,-1.2,15.2,-0.5,2.5,10.1,6.8,1.7,1.4,7.4,2.4,1.7,3,0.6,0.4,0.2,3.1,-0.8,1.2,-0.7,17.8,14.7,3.6,0.1,0.0,1.3,0.4,0.4,0.6,10.0,1.7,0.3,0.4,1.8,0.6
1452-Karlshorst,33,0.6,23.3,-0.3,3.9,11.3,10.8,1.5,3.6,9.9,3.3,2.6,6.5,0.2,1.7,0.2,5.6,-0.4,-2.1,0.9,15.5,14.9,4.4,0.2,0.1,1.1,0.3,0.6,0.5,11.2,1.7,0.6,0.6,2.8,0.3
1461-Rummelsburg,30.1,-1.3,26.8,0.3,2.3,15.7,6.3,2.8,-10.3,15.9,3.4,3.9,11.3,0.3,2.3,0.3,7.9,0.0,-5.4,-1.7,10.5,17.5,4.2,0.2,0.3,0.5,0.3,0.3,0.7,15.2,2.0,0.6,0.7,4.2,0.4
1471-Nöldnerplatz,45.8,2.7,27.4,0.8,8.9,18.4,12.7,2.6,1.2,14.3,5.1,7,8.4,1,3.4,0.5,16.2,-0.2,-4.5,1.8,13.8,11.7,7.4,0.2,0.2,1.2,0.8,1.0,0.8,17.9,2.4,1.4,1.3,7.1,1.2
1472-Alt-Friedrichsfelde,32.3,1.7,23.9,0.8,9.9,18,13.4,3.4,2,14.1,5.4,5.7,9.1,0.6,0.5,0.5,16.7,-0.4,-1.4,0.9,12.0,19.1,7.2,0.3,0.3,1.2,1.1,0.8,1.4,17.5,3.2,1.3,1.5,6.0,0.7
1473-Tierpark (U),25.5,1,22.9,0.9,10.2,15.8,5.1,2.3,0,11.5,4.2,3.9,6.7,-0.1,0.7,0.5,14.5,-0.5,0.8,0.1,11.2,23.8,10.7,0.3,0.5,1.9,1.8,0.5,1.5,14.0,1.7,0.9,1.4,4.2,0.0
1481-Tierpark,28.8,-1,12.8,0.4,7.2,16.6,23,3.9,2.1,15,5.4,6.2,12.6,0.4,6.3,0.8,19.3,-0.2,0.0,-1.4,14.2,16.7,4.5,0.1,0.0,0.8,0.4,0.5,0.5,16.9,3.8,1.6,1.6,6.5,0.7
1491-Magdalenenstraße,35.2,1.5,24.4,0.3,14.1,18.2,14,2.9,1.6,11.2,5.6,6.9,15.8,0.6,3.9,0.6,20.3,-0.4,-2.1,1.2,16.3,14.5,9.5,0.4,1.2,1.1,0.3,1.7,0.9,17.7,2.8,1.5,2.6,7.8,0.9
1492-Gotlindstraße,45.3,1.2,37.8,-2.2,11.1,16.2,9.4,2.3,2.2,14,4.1,4.9,4.2,0.5,1.6,0.3,13,0.0,-16.9,3.5,12.0,17.5,9.0,0.3,0.2,0.9,1.3,1.9,1.2,15.4,2.4,1.2,0.7,4.9,0.7
1501-Krankenhaus Herzberge,16.2,-1.2,0,-1.2,0,4,0,-4.9,-14.3,8.3,0.7,0,0,0,0,0,0,-1.2,0.0,0.0,1.8,6.5,0.6,0.0,0.0,0.6,0.0,0.0,0.0,4.0,-5.0,0.0,0.0,0.0,0.0
1511-Herzbergstraße,73,-7.5,64.1,-10.2,46.9,17.3,3,5.5,1.8,9,2,7.2,0.6,1.4,0.2,0.3,9.3,0.0,-14.8,2.7,12.4,6.4,62.1,0.8,2.6,3.5,19.4,8.1,12.7,7.5,3.8,0.5,0.5,3.1,1.0
1521-Fennpfuhl,27.1,0,23.3,0.3,11.3,17.2,12.7,3.1,2.1,12.8,5,4.6,10,0.4,1.4,0.6,15.2,-0.6,0.7,-0.3,12.9,19.5,7.2,0.3,0.6,1.4,0.5,0.5,0.5,16.7,2.9,1.3,1.3,5.0,0.5
1531-Meyerbeerstraße,35.5,1,26.2,0.2,6.2,14.7,12.2,0.6,-2.2,13.4,4.8,5.8,9,0.6,0.5,1.5,12.7,-0.6,1.7,0.8,17.0,16.4,4.1,0.4,0.1,0.5,0.3,0.2,0.5,14.6,0.4,1.9,0.8,5.9,0.6
1532-Langhansstraße,40.9,-0.2,24.7,0.1,4.8,15.9,12.2,1.8,3.7,13.4,4.5,5.4,8,0.7,2,1.4,11.3,-0.7,-5.0,-0.3,15.0,13.0,4.9,0.3,0.3,0.5,0.5,0.6,0.9,15.7,1.9,1.2,1.0,5.6,0.8
1533-Amalienstraße,27.7,-1,29.4,-0.2,1.8,14.9,9,0.6,0.9,16.9,4.5,3.1,7.1,0.1,3.2,0.8,6.6,-0.4,-10.6,-0.8,11.7,22.7,2.1,0.1,0.1,0.4,0.3,0.1,0.3,14.7,0.6,0.7,0.6,3.2,0.1
1541-Liebermannstraße,28,-0.3,23,-0.3,2.7,15.8,9,1.9,0.1,11,4.9,5.3,6,0.4,1.6,1.4,13.8,-0.4,-2.3,0.1,14.7,17.0,4.0,0.3,0.2,0.9,0.7,0.1,0.5,15.4,1.8,1.5,1.4,5.3,0.4
1542-Hansastraße,25.2,-2,26.1,0,0.8,13.8,16.5,2,-2.3,13.3,4.3,3.2,10.8,0.5,-5.6,0.8,9.5,-0.9,1.7,-2.0,15.1,21.1,1.6,0.1,0.1,0.3,0.2,0.1,0.2,13.8,1.9,1.2,0.5,3.3,0.4
1551-Heinersdorf,18,4,7.5,0.1,1.1,10.1,14.5,1.4,-0.6,9.4,3.2,1,5,-0.3,0.9,0.5,1.8,-0.1,8.3,3.9,18.0,14.6,1.6,0.2,0.0,0.3,0.1,0.1,0.5,10.2,1.3,0.3,0.2,1.1,-0.3
1561-Blankenburg,16.4,1.7,10.3,-0.3,1.1,7.6,2.6,-0.4,0.5,7,2,0.5,0,0.1,0,0.1,0.8,-0.5,6.7,2.0,17.9,15.8,0.8,0.0,0.0,0.1,0.1,0.1,0.2,7.5,-0.4,0.1,0.0,0.5,0.1
1571-Karow,23.6,-0.3,17.4,0,1.4,11.9,11.9,1.1,1.8,11,3.6,2.8,12.1,-0.3,0.9,1,5.8,-0.9,1.7,-0.3,21.4,13.6,1.8,0.1,0.0,0.4,0.2,0.2,0.3,11.9,1.1,0.8,1.1,3.0,-0.3
1581-Marderberg,0,0,0,0,0,0,0,-50,#DIV/0!,#DIV/0!,0,0,#DIV/0!,0,#DIV/0!,0,0,0.0,0.0,0.0,14.3,0.0,0.0,0.0,0.0,0.0,0.0,0.0,0.0,0.0,-50.0,0.0,0.0,0.0,0.0
1591-Märchenland,12.3,0.9,12,0.4,2.7,12.5,9.1,0.4,-3.4,14.5,4.5,0,0,-0.3,0,0,0,-0.5,12.0,0.5,12.2,22.3,1.2,0.0,0.0,0.5,0.3,0.1,0.2,12.5,0.4,0.0,0.0,0.0,-0.3
1601-Maximilianstraße,28.2,0.1,21.7,0,1.6,14.6,10.3,2.2,3.2,11.9,4.8,3.2,5.9,0.4,3.1,0.7,7.3,-1.3,-0.5,0.1,12.5,24.3,2.5,0.3,0.1,0.2,0.2,0.1,0.5,14.4,2.2,0.9,0.7,3.3,0.5
1602-Elsa-Brändström-Straße,31.4,1.8,21.5,0.2,4.2,14.2,8.1,2.1,0.9,11.3,4.1,5.1,5.8,0.2,0.4,1.8,12.9,-0.6,-0.9,1.7,14.1,15.0,5.9,0.3,0.4,0.8,0.6,0.4,0.9,13.7,2.0,1.3,0.7,5.2,0.2
1603-Kissingenstraße,28.2,0.8,20.7,0.2,2.4,16.9,9.5,2.4,1,15.1,5.5,5.1,4.3,0.7,-0.4,1.4,12.1,-0.5,-7.2,0.6,12.0,19.3,2.6,0.1,0.3,0.4,0.1,0.2,0.6,16.6,2.4,1.5,0.6,5.1,0.7
1611-Florastraße,49.7,7.6,22.9,0.1,4.7,13.4,9,0.1,0.3,13.1,3.7,6.1,4.9,0.2,-1.1,1.8,10.9,-0.3,1.1,7.6,17.4,10.7,6.1,0.4,0.4,0.9,0.5,0.7,1.4,13.1,0.1,1.2,1.0,6.0,0.1
1612-Breite Straße,34,2.1,18.5,0.1,3,13.1,7.9,0.9,-1.8,12.5,4,4.4,5.8,0.3,0.4,1.3,8.9,-0.1,5.9,2.0,16.9,16.1,4.4,0.2,0.1,0.6,0.7,0.4,0.8,12.8,0.8,1.1,0.6,4.4,0.3
1613-Am Schloß,20.6,3.3,12.9,0,0.4,11.8,3.2,-2.3,-0.1,13.6,3.3,1.9,0,0.6,0,0.6,7.2,-0.2,14.3,3.3,9.8,27.3,1.5,0.0,0.0,0.3,0.2,0.1,0.6,11.7,-2.2,0.6,1.0,1.9,0.6
1614-Am Krankenhaus,25.1,1.6,18.5,0.2,1.4,15.9,14.2,2.4,4,16,4.8,3.7,7.7,0,3,1.2,9.8,-0.3,-0.6,1.4,12.3,26.6,1.9,0.1,0.1,0.4,0.1,0.1,0.3,15.9,2.4,1.3,0.7,3.8,0.0
1621-Schönholz,17.9,0.7,14.3,0.1,5,9.5,7.9,0.2,-7.4,5.9,2.7,2.7,13.8,-0.1,-4.3,1,7.5,-1.2,0.0,0.6,18.3,19.1,4.1,1.2,0.3,0.6,0.1,0.4,0.8,9.4,-0.2,0.5,1.2,3.2,-0.3
1631-Wilhelmsruh,27.8,1.3,19.6,0.5,3.7,12.6,13.1,1.4,3,12.8,4.1,3.1,14.1,0.1,-4.4,1.3,7.4,-0.9,-1.4,0.8,16.2,15.6,3.2,0.7,0.2,0.4,0.4,0.2,0.5,12.6,1.5,0.8,0.6,3.5,0.0
1641-Rosenthal,21.1,-0.6,14.6,-0.1,1.8,10.9,18.2,1.6,1.2,11.5,3.9,3.9,12.7,-0.8,-3.1,1.9,8.4,-0.4,-1.8,-0.5,24.4,12.1,2.8,0.6,0.0,0.5,0.2,0.3,0.5,11.2,1.5,0.9,1.3,4.2,-0.8
1651-Niederschönhausen,35.2,1.1,18.1,0.4,6,10.7,7.3,0.1,-0.4,8.3,3,2.8,3.5,0.2,-0.2,0.9,4.8,-0.7,-0.2,0.8,16.8,14.1,3.8,0.2,0.2,0.5,0.2,0.2,0.9,10.6,0.1,0.7,0.3,2.9,0.2
1661-Hertaplatz,30.4,1.3,18.8,-0.1,1.1,10.8,7.2,1.3,3.9,9.7,3,4.3,6.2,0.4,-0.3,1.5,9,-1.0,0.5,1.4,18.6,12.2,2.2,0.1,0.1,0.5,0.2,0.1,0.5,10.7,1.6,1.0,0.9,4.4,0.4
1671-Hauptstraße,25.3,0.5,17.7,-0.3,2.1,11.2,13.3,0.9,5.4,11.8,3.4,4.6,10.2,-0.1,2.2,1.8,9.6,-0.4,1.6,0.8,21.4,13.2,2.4,0.3,0.1,0.5,0.3,0.2,0.3,11.3,1.0,0.9,1.9,4.7,-0.1
1672-Triftstraße,27.9,-0.6,20.5,-0.1,1.5,14.7,30.3,2.4,3.9,14.9,4.6,8.1,21.2,0.5,0.2,3.3,15.7,-1.0,2.2,-0.5,25.5,11.0,2.4,0.1,0.0,0.7,0.4,0.2,0.5,15.2,2.5,1.8,3.2,8.4,0.5
1681-Blankenfelde,10.5,0.5,7.7,0.3,1.4,13.9,8.3,0.2,-1.7,16.2,5.2,1,0,-0.4,0,0,1.8,-0.1,0.0,0.2,15.3,17.7,0.9,0.2,0.1,0.2,0.1,0.1,0.2,13.9,0.2,0.0,0.0,1.0,-0.4
1691-Lietzengraben,58.2,6.5,0,0.6,0,42.6,42.9,14.1,9.5,20,13.2,25.9,0,9,0,3.4,25.9,-0.6,30.8,5.9,15.3,6.3,5.7,0.6,0.0,0.6,0.0,0.6,3.4,42.6,13.7,3.1,0.0,25.0,9.1
1701-Bucher Forst,28.1,-1.4,17.7,-2.1,5.2,12.5,7.4,2.4,3.6,14.3,3.4,4.2,0,1.7,0,0.8,5.2,-0.8,-4.0,0.7,15.1,15.2,3.8,0.3,0.2,0.6,0.4,1.0,0.2,12.2,2.7,0.3,0.6,4.1,1.7
1711-Buch,32.2,1.2,22.9,0,2.1,16.4,10,3.1,3,16.6,4.8,7.1,7.8,0.7,0.6,1.9,19.4,-0.4,10.4,1.2,15.7,18.5,2.9,0.2,0.2,0.8,0.2,0.1,0.2,16.1,3.1,2.1,1.3,7.1,0.7
1721-Malchow,15.9,1.3,14.8,0.3,0.8,11.4,0,1.9,-25,8.2,4.8,0,0,-0.9,0,0,0,-1.1,3.7,1.0,17.3,14.2,1.3,0.0,0.0,0.3,0.3,0.0,0.1,11.2,1.5,0.0,0.0,0.0,-0.9
1731-Wartenberg,14,0.4,11.3,0.1,0.5,8.2,0,0.3,0,9.1,1.5,0.6,0,0,0,0,1,-0.8,1.6,0.2,20.3,10.8,1.8,0.1,0.0,0.3,0.4,0.0,0.6,8.0,0.3,0.0,0.0,0.6,0.0
1741-Falkenberg,32.6,14.7,13,0.4,0.6,10.2,0,-1.3,0,11.4,3,1.1,0,0.1,0,0,0,-1.2,30.4,14.3,20.1,12.3,1.6,0.0,0.1,0.5,0.5,0.1,0.0,10.0,-1.3,0.0,0.0,1.1,0.1
1751-Neubrandenburger Str.,30.2,-1.9,26.5,0.4,4,17.3,22.2,1.9,0.1,14.5,5.7,8.3,16.8,1.2,1.3,0.9,16.7,-0.5,1.4,-2.3,21.2,10.7,3.9,0.1,0.1,0.7,0.2,0.3,0.2,17.5,1.9,2.8,1.9,8.6,1.3
1752-Biesenbrower Straße,31.5,0.5,18.4,0.5,5.9,17.8,20.3,2,-1,16.2,5.5,8.6,16.3,0.8,-2.2,0.5,15.4,-0.7,7.0,0.0,25.1,6.7,5.6,0.2,0.1,0.9,0.2,1.1,0.2,17.9,1.9,1.9,3.0,9.1,0.7
1761-Ribnitzer Straße,26,-1.7,25.3,0.6,7.4,15.8,15.6,2.4,-3.4,14.5,4.9,5.2,12.2,-0.1,-0.3,0.5,11.2,-0.8,0.2,-2.3,18.6,9.9,5.2,0.1,0.1,0.7,0.3,1.6,0.2,15.8,2.1,1.0,1.4,5.5,-0.1
1762-Am Breiten Luch,22.5,-2.9,17.3,0,4.2,13.3,18.4,2.8,-0.9,11.5,4,2.9,13.2,0.1,5.3,0.5,8.5,-0.7,0.7,-2.9,14.7,8.0,2.1,0.1,0.0,0.2,0.0,0.7,0.3,13.4,2.7,0.6,0.6,3.2,0.2
1771-Malchower Weg,20.4,-1.6,24.8,-0.6,5.3,8.8,7.9,0.4,-2.4,7.2,2.1,1.4,11.1,-0.2,1,0.1,4.9,-0.7,-4.1,-1.0,17.3,11.9,2.8,0.0,0.0,0.3,0.0,1.0,0.3,8.8,0.3,0.4,0.4,1.6,-0.2
"1772-Suermondtstr., Hauptstr.",29.3,1.4,24,-0.3,11.2,13.6,19.4,1.2,7.1,12.2,4,3.7,7.9,0,0.9,0.3,8.2,-0.7,-2.1,1.7,16.3,15.9,6.0,0.2,0.3,1.9,0.2,1.4,0.1,14.0,1.6,0.9,0.8,3.9,0.0
1781-Marzahner Straße,160,-27.5,119.3,-28.1,79,30.3,12.1,-8.5,-1.8,14.3,1.8,30.4,0.4,18.2,-0.1,0.3,3,-0.4,-75.4,0.6,9.9,3.5,71.9,3.2,7.6,10.6,0.5,14.2,0.1,16.7,-2.1,0.0,0.0,8.8,5.9
1791-Konrad-Wolf-Straße,31.8,-0.5,26.4,0.2,3,11.1,4.3,0.9,-3.2,8.4,3.1,1.9,3.4,0,1.4,0.1,4.7,-0.5,-4.2,-0.7,14.1,16.1,4.8,0.0,0.3,0.7,0.3,0.1,0.7,10.6,0.6,0.6,0.3,2.0,0.0
1792-Genslerstraße,23.2,-1.2,18.2,0.3,4,15.8,17.4,2.9,-2.6,13.7,5.1,4,15.7,0.4,6.5,0.3,11.6,-0.8,2.1,-1.6,14.7,15.1,3.2,0.1,0.1,0.7,0.2,0.2,0.2,15.9,2.7,1.2,1.1,4.4,0.6
1793-Witzenhauser Straße,30.4,-1.6,24.8,0.2,2.6,10.8,16,1.2,6.6,11.4,2.8,2,7.7,0.3,2.1,0.2,5.5,-1.1,-3.3,-1.9,16.6,13.6,2.0,0.0,0.0,0.5,0.2,0.2,0.2,10.9,1.3,0.3,0.6,2.1,0.3
1801-Bürknersfelde,102.1,4.2,75,-11.2,52.9,5.8,0,3.7,0,2.9,0.3,5.4,0,5.4,0,0,0,0.2,-35.0,15.5,10.3,0.3,15.2,0.0,0.6,0.3,3.9,7.9,0.3,5.1,3.7,0.0,0.0,4.5,4.5
1811-Stadtrandsiedlung,39.8,-1.8,33.5,0.5,3.9,22.2,22,3.2,-1.5,22.7,7.3,11.5,24.3,2.2,3.8,3.4,18.5,-0.3,-4.2,-2.3,20.7,7.3,4.1,0.2,0.1,1.3,0.3,0.3,0.0,22.2,3.1,2.8,2.5,12.1,2.4
1812-Havemannstraße,39.2,-3.2,29.1,0.3,3.5,22.4,22.2,4.2,-0.4,19.9,7.1,12.1,24.9,2.2,2.8,3.6,22,-0.8,4.6,-3.5,23.7,7.2,4.6,0.2,0.1,1.3,0.3,0.2,0.1,22.4,4.0,2.6,3.6,12.7,2.3
1821-Franz-Stenzer-Straße,28.2,0,25.7,0.4,4.4,15.9,24.1,2.3,-3.5,15.9,4.8,5.8,16.8,1,-1.5,2.1,16.2,-1.3,6.3,-0.4,14.5,11.9,3.0,0.2,0.1,0.8,0.2,0.1,0.2,16.2,2.2,1.2,1.6,6.1,0.9
1822-Mehrower Allee (S) östl.,32.8,-2.5,32.8,0.7,4.9,20,21.6,4,1.5,17.7,6.3,8.5,27.9,3,5,2.1,23.9,-1.0,5.5,-3.2,14.2,13.2,3.6,0.2,0.1,1.2,0.3,0.5,0.2,20.1,3.9,1.6,2.9,9.2,3.2
1823-Lea-Grundig-Straße,29.1,-2.6,23.9,0.2,3.6,19.3,23.2,3.5,4.3,16.8,6.1,8,19.9,1.3,1.2,2.4,20.5,-0.9,3.5,-2.8,16.2,9.4,3.1,0.2,0.1,1.0,0.1,0.2,0.2,19.4,3.5,1.5,2.3,8.4,1.3
1824-Glambecker Ring,28.8,-2.8,28.5,0.1,1.4,18.4,15.8,4.1,2.1,15.5,5.5,6.1,16.4,1.9,3.8,1.5,14,-1.0,-5.5,-2.9,17.0,7.1,2.6,0.1,0.0,0.7,0.6,0.5,0.1,18.3,4.0,1.3,1.3,6.4,2.0
1831-Marzahner Chaussee,18.4,-1.6,17.9,-1.3,2.2,9.2,2.1,1,-4.9,6.9,2.5,0.7,0,0.3,0,0,2.2,0.1,0.0,-0.3,11.1,17.9,3.7,0.0,0.0,0.5,2.1,0.0,0.3,8.9,0.8,0.0,0.0,0.7,0.3
1832-Alte Rhinstraße,20,20,#DIV/0!,0,#DIV/0!,150,0,125,#DIV/0!,#DIV/0!,#DIV/0!,300,0,300,0,0,#DIV/0!,0.0,#DIV/0!,20.0,0.0,0.0,50.0,0.0,0.0,0.0,0.0,0.0,0.0,#DIV/0!,#DIV/0!,#DIV/0!,#DIV/0!,150.0,150.0
1841-Springpfuhl (S) östl.,24.9,-0.8,26.3,0.2,3.9,17.4,17.2,2.4,3.3,16.5,5.7,5.7,21.1,1,8.1,1.9,17.4,-0.6,0.2,-0.9,13.0,15.0,3.3,0.1,0.1,0.9,0.3,0.2,0.1,17.4,2.4,1.0,1.8,6.2,1.3
1842-Bruno-Baum-Straße,26.3,8.1,12.5,0.1,1.6,13.5,6.1,1.7,-8.6,11.2,3.8,1.9,3.7,0.1,-9.4,0.4,5.6,-0.3,10.4,8.0,11.5,14.9,1.9,0.0,0.0,0.8,0.1,0.2,0.1,13.3,1.5,0.5,0.0,1.9,-0.1
1843-Auersbergerstr.,25.9,-2.4,25.3,0.2,4.3,16.4,21,2.8,9.2,14.9,5.4,6,24.7,0.8,3.1,2.1,17.8,-0.5,1.7,-2.5,14.5,9.9,3.0,0.1,0.1,0.9,0.3,0.2,0.1,16.6,3.0,1.2,2.2,6.5,0.9
1851-Kienberg,31.9,-5.3,28,0.6,2.6,11,15.1,1.4,-33.4,11,3.3,2.9,8.1,0,2.8,0.8,5.9,-1.9,-10.6,-5.9,19.1,20.4,2.6,0.0,0.0,0.5,0.0,0.0,0.2,11.1,0.8,0.4,1.3,3.0,0.1
"1861-Öseler Str., Rapsweg",31.9,-0.9,30.4,-0.8,29.4,8.6,6.5,0.9,1.5,7,2.2,1,1.6,0.1,-1.4,0.1,2,-0.1,-5.5,0.0,14.8,14.3,14.4,0.6,1.6,2.2,0.5,4.0,3.1,8.2,1.0,0.2,0.0,1.1,-0.2
1862-Cecilienstraße,29,-1,27.3,-0.8,5.8,15.1,13,1.8,2,11.7,4.3,5.7,11.9,1.1,4.2,1.6,11.1,-0.6,-8.1,-0.2,15.4,15.8,3.5,0.1,0.2,0.9,0.2,0.6,0.1,15.0,1.8,0.9,1.4,5.9,1.2
1871-Alt-Biesdorf (Straße),23.5,10.8,11.8,0,2.3,9.2,14.3,-0.4,9.7,9.6,1.9,0.7,0,0.6,0,0,2,-0.3,3.9,10.7,13.4,23.2,1.6,0.0,0.0,0.2,0.4,0.1,0.3,9.3,-0.2,0.0,0.0,0.7,0.6
1881-Biesdorf-Süd,17.4,3.6,10.1,0.2,0.8,7.4,4.1,0.3,2.8,6.6,1.7,0.3,0,0.1,0,0,0.2,-0.4,9.7,3.4,18.4,11.5,1.5,0.1,0.0,0.2,0.2,0.0,0.3,7.3,0.3,0.0,0.0,0.3,0.1
1891-Kaulsdorf-Süd,14.7,1.1,13,0.1,0.7,8.2,11.6,-0.1,7,4.6,2.5,0.5,4.6,0.2,4.6,0.2,0.9,-0.5,3.5,1.0,17.1,13.2,1.2,0.0,0.0,0.2,0.1,0.2,0.2,8.2,0.1,0.1,0.0,0.6,0.2
1901-Mahlsdorf-Süd,15.5,2.3,9.3,0,0.6,8.3,3.4,0.4,-0.9,7,2.4,0.5,0,0,0,0.1,0.8,-0.3,9.9,2.3,18.7,12.9,1.0,0.0,0.0,0.1,0.1,0.1,0.2,8.2,0.3,0.1,0.1,0.5,0.0
1911-Mahlsdorf-Nord,16.7,1.4,11.1,0,0.9,8.5,7.3,0.7,2.1,8.5,2.4,0.7,0,0.1,0,0.1,0.9,-0.5,5.3,1.4,19.2,11.9,1.3,0.1,0.1,0.1,0.2,0.2,0.3,8.5,0.8,0.1,0.0,0.7,0.1
1921-Kaulsdorf-Nord,20.4,1.5,12.3,-0.1,0.4,9.6,6.8,1.1,-4.7,9.2,2.6,1.1,3.4,0.1,-0.6,0.3,1.6,-0.6,8.3,1.5,20.1,11.3,1.3,0.1,0.0,0.2,0.1,0.1,0.2,9.5,1.0,0.2,0.2,1.2,0.1
1931-Kaulsdorf-Nord (U),26.4,-1.5,26.6,-0.1,6.9,15.7,19.1,3.1,5.9,13.9,4.7,4.3,4.5,0.4,-0.3,1.4,9.4,-0.6,-5.5,-1.4,17.3,13.4,5.2,0.2,0.3,1.3,0.2,1.7,0.1,15.9,3.3,1.1,0.9,4.3,0.3
1932-Grottkauer Str. (U),32.6,-0.8,26.7,0.4,2.1,18.4,20.8,3,9.2,16.6,5.7,5.3,20.1,0.1,10.1,1.5,10,-1.0,-1.0,-1.2,21.5,8.7,3.0,0.2,0.1,0.8,0.2,0.3,0.1,18.5,3.2,1.2,1.6,5.7,0.4
1941-Cottbusser Platz (U),32,-3.3,26.1,0,1.6,20.2,19.4,4.1,2.6,18,6.1,8.3,18.7,1.7,8.6,2.3,15.2,-1.2,-0.1,-3.3,24.1,8.1,2.1,0.2,0.1,0.6,0.2,0.1,0.1,20.2,4.0,2.5,1.8,8.6,1.8
1942-Alte Hellersdorfer Straße,32.5,-2.9,23.7,0.2,1.7,21.1,21,3.2,3.4,19.2,7,8.4,14.9,1.1,3,2.3,14.8,-0.7,-6.4,-3.1,24.8,10.3,2.9,0.2,0.1,0.8,0.2,0.2,0.2,21.1,3.2,2.0,2.7,8.6,1.1
1951-Riesaer Straße,26.5,-1.9,23.5,0,1.7,18.7,21.9,3.5,7.8,14.8,5.8,4.9,11,1.1,3.2,1.5,8.6,-1.1,-3.5,-1.9,25.5,10.2,2.3,0.1,0.0,0.6,0.1,0.1,0.1,18.8,3.7,1.3,1.3,5.1,1.1
1952-Tangermünder Straße,35.9,-1,28.7,0.2,1.8,21.5,21.3,4.7,-2.1,17,6.3,9.6,20.6,2.1,0.9,2.6,17.2,-1.0,0.6,-1.2,25.7,10.1,3.0,0.2,0.0,0.8,0.1,0.5,0.2,21.5,4.5,2.7,2.9,9.9,2.1
1953-Louis-Lewin-Straße,25.3,-5.7,19.8,-0.5,1.6,18.6,21.4,3.7,11.2,15.4,6.1,5.7,10.9,1.2,6.2,1.3,10,-1.3,-3.7,-5.2,24.3,7.9,2.2,0.1,0.1,0.5,0.3,0.3,0.1,18.7,3.9,1.7,1.4,5.8,1.3
Berlin,30,0.2,21.1,0.3,14.3,14.2,15.8,1.8,1.3,12,4.9,6.2,16.2,0.2,0.4,3.1,16.5,-0.4,-1.0,-0.1,16.0,15.6,13.3,3.7,1.0,1.0,0.9,1.7,2.1,14.5,1.7,1.4,2.0,7.5,0.2